variant,method,strategy,graph_terms,clusters,queries_in_graph,shards,duplication,largest_shard,fanout_mean,fanout_p95,single_shard_share,overlap_1,overlap_2,overlap_3,overlap_5,overlap_full,volume_1,volume_2,volume_3,volume_5,volume_full
baseline,leiden,hash_base,10567,340,0.3072,680,25.6602,0.1571,3.2258,5.0,0.0656,0.6507,0.9544,0.9958,0.9997,1.0,0.0386,0.0803,0.1173,0.1475,0.1523
baseline,leiden,base,10567,340,0.3072,680,16.5686,0.7943,2.61,4.0,0.1379,0.7962,0.9824,0.9992,1.0,1.0,0.3502,0.6737,0.8555,0.9345,0.9408
baseline,leiden,base_r2,10567,340,0.3072,680,19.3414,0.9589,2.3084,4.0,0.1963,0.8394,0.9891,0.9999,1.0,1.0,0.5211,0.8919,1.0553,1.1,1.1031
baseline,leiden,base_r3,10567,340,0.3072,680,21.1362,0.9842,2.1837,4.0,0.2324,0.8515,0.9903,0.9999,1.0,1.0,0.5835,0.926,1.0545,1.0849,1.087
baseline,leiden,hash_aff,10567,340,0.3072,400,25.3107,0.1984,3.2212,5.0,0.066,0.6601,0.957,0.9961,0.9997,1.0,0.0647,0.1293,0.1833,0.2256,0.2318
baseline,leiden,aff,10567,340,0.3072,400,9.9716,0.8306,2.3064,4.0,0.2265,0.9202,0.9965,0.9999,1.0,1.0,0.5949,1.0451,1.2738,1.3619,1.3655
baseline,leiden,aff_r2,10567,340,0.3072,400,12.2122,0.9642,1.9821,3.0,0.3125,0.9519,0.9989,1.0,1.0,1.0,0.7572,1.2683,1.4528,1.4936,1.4942
baseline,leiden,aff_r3,10567,340,0.3072,400,13.7595,0.986,1.851,3.0,0.365,0.962,0.9993,1.0,1.0,1.0,0.8237,1.3259,1.4771,1.5009,1.5011
baseline,leiden,hash_bal,10567,340,0.3072,132,23.5883,0.3161,3.2038,5.0,0.0665,0.6974,0.9658,0.9972,0.9999,1.0,0.1794,0.3526,0.4893,0.5874,0.6013
baseline,leiden,bal,10567,340,0.3072,132,19.7806,0.15,2.895,5.0,0.0935,0.7804,0.9787,0.9981,0.9999,1.0,0.1497,0.2855,0.3767,0.4283,0.4338
vote_raw,leiden,hash_base,10567,340,0.3072,680,25.6602,0.1571,3.2258,5.0,0.0656,0.6507,0.9544,0.9958,0.9997,1.0,0.0386,0.0803,0.1173,0.1475,0.1523
vote_raw,leiden,base,10567,340,0.3072,680,16.5686,0.7943,2.61,4.0,0.1379,0.7962,0.9824,0.9992,1.0,1.0,0.3502,0.6737,0.8555,0.9345,0.9408
vote_raw,leiden,base_r2,10567,340,0.3072,680,19.3414,0.9589,2.3084,4.0,0.1963,0.8394,0.9891,0.9999,1.0,1.0,0.5211,0.8919,1.0553,1.1,1.1031
vote_raw,leiden,base_r3,10567,340,0.3072,680,21.1362,0.9842,2.1837,4.0,0.2324,0.8515,0.9903,0.9999,1.0,1.0,0.5835,0.926,1.0545,1.0849,1.087
vote_raw,leiden,hash_aff,10567,340,0.3072,400,25.3107,0.1984,3.2212,5.0,0.066,0.6601,0.957,0.9961,0.9997,1.0,0.0647,0.1293,0.1833,0.2256,0.2318
vote_raw,leiden,aff,10567,340,0.3072,400,8.9151,0.9465,2.2608,4.0,0.2385,0.955,0.9989,1.0,1.0,1.0,0.7054,1.1965,1.4416,1.5277,1.5299
vote_raw,leiden,aff_r2,10567,340,0.3072,400,11.2503,0.9858,1.8951,3.0,0.3456,0.9819,0.9999,1.0,1.0,1.0,0.855,1.4114,1.5941,1.6239,1.6241
vote_raw,leiden,aff_r3,10567,340,0.3072,400,12.9498,0.9943,1.7512,3.0,0.409,0.9891,0.9999,1.0,1.0,1.0,0.9115,1.4467,1.5807,1.5956,1.5956
vote_raw,leiden,hash_bal,10567,340,0.3072,134,23.6437,0.2831,3.2014,5.0,0.0666,0.6982,0.9654,0.9975,0.9999,1.0,0.1776,0.3494,0.4864,0.5855,0.5994
vote_raw,leiden,bal,10567,340,0.3072,134,19.9531,0.15,2.9191,5.0,0.0885,0.776,0.9777,0.9983,1.0,1.0,0.1499,0.2866,0.3793,0.4326,0.4377
cover_strength,leiden,hash_base,10567,340,0.3072,680,25.6602,0.1571,3.2258,5.0,0.0656,0.7045,0.9382,0.9901,0.9998,1.0,0.052,0.0942,0.1257,0.1488,0.1523
cover_strength,leiden,base,10567,340,0.3072,680,16.5686,0.7943,2.61,4.0,0.1379,0.8902,0.9881,0.999,1.0,1.0,0.5078,0.7935,0.906,0.9395,0.9408
cover_strength,leiden,base_r2,10567,340,0.3072,680,19.3414,0.9589,2.3097,4.0,0.1963,0.9438,0.9954,0.9997,1.0,1.0,0.726,1.0281,1.0939,1.1043,1.1046
cover_strength,leiden,base_r3,10567,340,0.3072,680,21.1362,0.9842,2.1868,4.0,0.2324,0.9544,0.9964,0.9998,1.0,1.0,0.7859,1.0429,1.085,1.0908,1.0909
cover_strength,leiden,hash_aff,10567,340,0.3072,400,25.3107,0.1984,3.2212,5.0,0.066,0.712,0.9423,0.9909,0.9998,1.0,0.0738,0.1395,0.1893,0.2266,0.2318
cover_strength,leiden,aff,10567,340,0.3072,400,9.9716,0.8306,2.3064,4.0,0.2265,0.9292,0.9957,0.9998,1.0,1.0,0.6415,1.0817,1.289,1.3627,1.3655
cover_strength,leiden,aff_r2,10567,340,0.3072,400,12.2122,0.9642,2.0556,4.0,0.2913,0.9744,0.9993,1.0,1.0,1.0,0.8361,1.3447,1.5197,1.5584,1.5591
cover_strength,leiden,aff_r3,10567,340,0.3072,400,13.7595,0.986,1.9491,3.0,0.3297,0.9841,0.9997,1.0,1.0,1.0,0.8937,1.4084,1.5658,1.5932,1.5937
cover_strength,leiden,hash_bal,10567,340,0.3072,132,23.5883,0.3161,3.2038,5.0,0.0665,0.7403,0.9539,0.9933,0.9999,1.0,0.1904,0.3637,0.4955,0.5883,0.6013
cover_strength,leiden,bal,10567,340,0.3072,132,19.7806,0.15,2.895,5.0,0.0935,0.773,0.9627,0.9948,0.9999,1.0,0.1499,0.2857,0.3768,0.4283,0.4338
no_frame_stops,leiden,hash_base,11870,274,0.5122,548,25.5346,0.1678,3.2268,5.0,0.0656,0.6546,0.9548,0.996,0.9997,1.0,0.0472,0.0968,0.1401,0.1749,0.1803
no_frame_stops,leiden,base,11870,274,0.5122,548,15.1245,0.82,2.4459,4.0,0.1582,0.8185,0.9867,0.9994,1.0,1.0,0.3992,0.7988,1.0401,1.1364,1.1431
no_frame_stops,leiden,base_r2,11870,274,0.5122,548,17.7507,0.974,2.0647,3.0,0.249,0.8647,0.9924,0.9998,1.0,1.0,0.5894,1.0501,1.2427,1.2852,1.2868
no_frame_stops,leiden,base_r3,11870,274,0.5122,548,19.2612,0.9921,1.8918,3.0,0.3151,0.8818,0.9937,0.9999,1.0,1.0,0.6648,1.0786,1.2062,1.2297,1.2309
no_frame_stops,leiden,hash_aff,11870,274,0.5122,320,25.0923,0.2042,3.2171,5.0,0.0656,0.6653,0.9576,0.9963,0.9998,1.0,0.0797,0.1585,0.2245,0.2755,0.2831
no_frame_stops,leiden,aff,11870,274,0.5122,320,9.3204,0.8446,2.2395,4.0,0.2462,0.9339,0.998,1.0,1.0,1.0,0.6307,1.1055,1.3394,1.4208,1.4242
no_frame_stops,leiden,aff_r2,11870,274,0.5122,320,11.5156,0.9758,1.836,3.0,0.3683,0.967,0.9995,1.0,1.0,1.0,0.8079,1.3328,1.4884,1.51,1.5103
no_frame_stops,leiden,aff_r3,11870,274,0.5122,320,12.8534,0.9926,1.6568,3.0,0.454,0.9765,0.9997,1.0,1.0,1.0,0.8778,1.354,1.4456,1.4545,1.4545
no_frame_stops,leiden,hash_bal,11870,274,0.5122,133,23.6588,0.3234,3.2006,5.0,0.067,0.6972,0.9649,0.9968,0.9998,1.0,0.1781,0.3467,0.4783,0.5744,0.588
no_frame_stops,leiden,bal,11870,274,0.5122,133,19.8428,0.15,2.8902,5.0,0.0937,0.7865,0.9795,0.9981,1.0,1.0,0.1493,0.2851,0.3753,0.427,0.4326
edge_weight_llr,leiden,hash_base,10567,356,0.3072,712,25.6789,0.1572,3.2268,5.0,0.0656,0.6507,0.9536,0.9959,0.9997,1.0,0.0373,0.0764,0.113,0.1436,0.1485
edge_weight_llr,leiden,base,10567,356,0.3072,712,17.7135,0.7666,2.6583,5.0,0.1256,0.7853,0.9804,0.999,1.0,1.0,0.2904,0.5751,0.7405,0.8149,0.8216
edge_weight_llr,leiden,base_r2,10567,356,0.3072,712,21.818,0.916,2.4011,4.0,0.1713,0.8255,0.9871,0.9997,1.0,1.0,0.4583,0.8374,1.0105,1.0708,1.0741
edge_weight_llr,leiden,base_r3,10567,356,0.3072,712,24.2513,0.9469,2.2738,4.0,0.2017,0.8419,0.9892,0.9998,1.0,1.0,0.535,0.9106,1.0587,1.1012,1.1033
edge_weight_llr,leiden,hash_aff,10567,356,0.3072,417,25.3448,0.1605,3.2247,5.0,0.0658,0.6579,0.9557,0.9959,0.9997,1.0,0.0623,0.1241,0.1767,0.2183,0.2248
edge_weight_llr,leiden,aff,10567,356,0.3072,417,11.4397,0.82,2.398,4.0,0.1986,0.8979,0.9953,0.9998,1.0,1.0,0.5083,0.8979,1.1089,1.1925,1.1979
edge_weight_llr,leiden,aff_r2,10567,356,0.3072,417,14.925,0.9314,2.1124,4.0,0.2652,0.9326,0.9982,1.0,1.0,1.0,0.6818,1.1755,1.3748,1.4282,1.4297
edge_weight_llr,leiden,aff_r3,10567,356,0.3072,417,17.0818,0.9557,1.9729,3.0,0.3102,0.9467,0.9987,1.0,1.0,1.0,0.7656,1.2681,1.4377,1.4707,1.4717
edge_weight_llr,leiden,hash_bal,10567,356,0.3072,132,23.5883,0.3161,3.2038,5.0,0.0665,0.6974,0.9658,0.9972,0.9999,1.0,0.1794,0.3526,0.4893,0.5874,0.6013
edge_weight_llr,leiden,bal,10567,356,0.3072,132,19.655,0.15,2.8634,5.0,0.0967,0.7875,0.9795,0.9981,1.0,1.0,0.1496,0.285,0.3737,0.4239,0.429
edge_weight_chi2,leiden,hash_base,10567,552,0.3072,1104,25.8796,0.1249,3.2285,5.0,0.0656,0.6471,0.953,0.9955,0.9997,1.0,0.0245,0.0521,0.0788,0.1014,0.1052
edge_weight_chi2,leiden,base,10567,552,0.3072,1104,20.6532,0.7014,2.8244,5.0,0.0924,0.7517,0.9735,0.9978,0.9999,1.0,0.1712,0.3519,0.4756,0.5427,0.5501
edge_weight_chi2,leiden,base_r2,10567,552,0.3072,1104,28.2912,0.8592,2.5994,4.0,0.1259,0.7982,0.9827,0.9992,1.0,1.0,0.3201,0.6413,0.819,0.8916,0.8985
edge_weight_chi2,leiden,base_r3,10567,552,0.3072,1104,33.8952,0.9352,2.4766,4.0,0.1482,0.8171,0.9854,0.9994,1.0,1.0,0.403,0.7676,0.9477,1.0113,1.0168
edge_weight_chi2,leiden,hash_aff,10567,552,0.3072,617,25.6158,0.1535,3.2258,5.0,0.0658,0.6518,0.9543,0.9957,0.9997,1.0,0.0424,0.0859,0.1248,0.156,0.161
edge_weight_chi2,leiden,aff,10567,552,0.3072,617,15.6597,0.7433,2.655,5.0,0.1287,0.8368,0.9878,0.9994,1.0,1.0,0.2931,0.5467,0.7115,0.7971,0.8043
edge_weight_chi2,leiden,aff_r2,10567,552,0.3072,617,22.6236,0.8755,2.4136,4.0,0.173,0.8819,0.9944,0.9998,1.0,1.0,0.4605,0.8644,1.0761,1.1569,1.1623
edge_weight_chi2,leiden,aff_r3,10567,552,0.3072,617,27.8921,0.9419,2.2829,4.0,0.203,0.9006,0.9957,0.9999,1.0,1.0,0.5487,1.0043,1.2167,1.2851,1.2886
edge_weight_chi2,leiden,hash_bal,10567,552,0.3072,133,23.6588,0.3234,3.2006,5.0,0.067,0.6972,0.9649,0.9968,0.9998,1.0,0.1781,0.3467,0.4783,0.5744,0.588
edge_weight_chi2,leiden,bal,10567,552,0.3072,133,19.917,0.15,2.8932,5.0,0.0885,0.7767,0.9784,0.9983,1.0,1.0,0.1494,0.286,0.3776,0.4277,0.4332
min_npmi_01,leiden,hash_base,10566,347,0.3069,694,25.676,0.1562,3.2273,5.0,0.0658,0.6509,0.954,0.9957,0.9998,1.0,0.0379,0.0779,0.1151,0.1451,0.15
min_npmi_01,leiden,base,10566,347,0.3069,694,16.2255,0.7955,2.5989,4.0,0.1385,0.7968,0.9835,0.9995,1.0,1.0,0.3565,0.6918,0.875,0.9564,0.9629
min_npmi_01,leiden,base_r2,10566,347,0.3069,694,18.8918,0.957,2.3028,4.0,0.1969,0.8403,0.9894,0.9998,1.0,1.0,0.5283,0.9069,1.0689,1.1164,1.1192
min_npmi_01,leiden,base_r3,10566,347,0.3069,694,20.5663,0.9826,2.181,4.0,0.2327,0.8522,0.9911,0.9999,1.0,1.0,0.5915,0.941,1.0702,1.0999,1.1014
min_npmi_01,leiden,hash_aff,10566,347,0.3069,414,25.3304,0.1728,3.2209,5.0,0.0658,0.6591,0.9562,0.9959,0.9997,1.0,0.0621,0.1269,0.1822,0.2249,0.2313
min_npmi_01,leiden,aff,10566,347,0.3069,414,9.5486,0.8394,2.2967,4.0,0.2248,0.9182,0.9968,0.9999,1.0,1.0,0.6067,1.0829,1.32,1.4107,1.4145
min_npmi_01,leiden,aff_r2,10566,347,0.3069,414,11.6894,0.9636,1.9752,3.0,0.3135,0.9496,0.9987,1.0,1.0,1.0,0.7657,1.3049,1.4987,1.5378,1.5386
min_npmi_01,leiden,aff_r3,10566,347,0.3069,414,13.115,0.9849,1.8364,3.0,0.3673,0.96,0.9992,1.0,1.0,1.0,0.8325,1.3598,1.5124,1.5342,1.5347
min_npmi_01,leiden,hash_bal,10566,347,0.3069,132,23.5883,0.3161,3.2038,5.0,0.0665,0.6974,0.9658,0.9972,0.9999,1.0,0.1794,0.3526,0.4893,0.5874,0.6013
min_npmi_01,leiden,bal,10566,347,0.3069,132,19.6696,0.15,2.8907,5.0,0.0913,0.782,0.9786,0.9982,0.9999,1.0,0.1494,0.2855,0.3759,0.427,0.4328
min_npmi_02,leiden,hash_base,10538,336,0.3061,672,25.6683,0.1526,3.2247,5.0,0.0655,0.6515,0.9544,0.9957,0.9997,1.0,0.0392,0.0804,0.1173,0.1471,0.1521
min_npmi_02,leiden,base,10538,336,0.3061,672,16.5752,0.7728,2.6173,4.0,0.1341,0.7931,0.9814,0.9992,1.0,1.0,0.3392,0.661,0.8422,0.9245,0.9318
min_npmi_02,leiden,base_r2,10538,336,0.3061,672,19.6068,0.9468,2.3383,4.0,0.1881,0.8359,0.9886,0.9998,1.0,1.0,0.5095,0.8899,1.0604,1.1122,1.1155
min_npmi_02,leiden,base_r3,10538,336,0.3061,672,21.5685,0.9711,2.2183,4.0,0.2165,0.8507,0.9905,0.9999,1.0,1.0,0.5771,0.9386,1.0744,1.1077,1.1099
min_npmi_02,leiden,hash_aff,10538,336,0.3061,403,25.2786,0.2239,3.223,5.0,0.0663,0.6597,0.956,0.996,0.9997,1.0,0.0643,0.129,0.1842,0.2292,0.2362
min_npmi_02,leiden,aff,10538,336,0.3061,403,9.9718,0.8241,2.3261,4.0,0.217,0.9163,0.9963,0.9999,1.0,1.0,0.5864,1.0226,1.2378,1.3269,1.3314
min_npmi_02,leiden,aff_r2,10538,336,0.3061,403,12.4465,0.9554,2.0215,4.0,0.299,0.9476,0.9984,1.0,1.0,1.0,0.7514,1.2534,1.4385,1.4841,1.4844
min_npmi_02,leiden,aff_r3,10538,336,0.3061,403,14.1643,0.9752,1.8973,3.0,0.342,0.9592,0.999,1.0,1.0,1.0,0.8204,1.3174,1.4686,1.4983,1.4985
min_npmi_02,leiden,hash_bal,10538,336,0.3061,132,23.5883,0.3161,3.2038,5.0,0.0665,0.6974,0.9658,0.9972,0.9999,1.0,0.1794,0.3526,0.4893,0.5874,0.6013
min_npmi_02,leiden,bal,10538,336,0.3061,132,19.7228,0.15,2.8943,5.0,0.0932,0.7827,0.979,0.9983,0.9999,1.0,0.149,0.2849,0.3753,0.4273,0.4329
min_npmi_03,leiden,hash_base,10201,364,0.2953,728,25.713,0.1421,3.2275,5.0,0.0658,0.6499,0.9536,0.9955,0.9997,1.0,0.0358,0.0742,0.1083,0.1365,0.1412
min_npmi_03,leiden,base,10201,364,0.2953,728,17.9692,0.7128,2.7111,5.0,0.1111,0.7779,0.9793,0.9987,1.0,1.0,0.28,0.5669,0.7382,0.8187,0.8268
min_npmi_03,leiden,base_r2,10201,364,0.2953,728,22.1147,0.9032,2.4666,4.0,0.1475,0.8204,0.9867,0.9998,1.0,1.0,0.4389,0.8273,1.0164,1.0803,1.0845
min_npmi_03,leiden,base_r3,10201,364,0.2953,728,24.8068,0.9478,2.3493,4.0,0.1705,0.8352,0.9892,0.9998,1.0,1.0,0.5113,0.9059,1.0707,1.1177,1.12
min_npmi_03,leiden,hash_aff,10201,364,0.2953,427,25.3608,0.1841,3.2245,5.0,0.0661,0.6585,0.9562,0.996,0.9997,1.0,0.0602,0.1206,0.1724,0.2132,0.2195
min_npmi_03,leiden,aff,10201,364,0.2953,427,11.6361,0.7694,2.4543,4.0,0.1794,0.8982,0.9945,0.9998,1.0,1.0,0.5058,0.903,1.1202,1.2136,1.2203
min_npmi_03,leiden,aff_r2,10201,364,0.2953,427,15.1177,0.9159,2.1902,4.0,0.2344,0.9339,0.9976,0.9999,1.0,1.0,0.6767,1.1867,1.408,1.471,1.4732
min_npmi_03,leiden,aff_r3,10201,364,0.2953,427,17.5106,0.954,2.0624,3.0,0.2674,0.9478,0.9986,0.9999,1.0,1.0,0.7575,1.2919,1.4883,1.5297,1.531
min_npmi_03,leiden,hash_bal,10201,364,0.2953,132,23.5883,0.3161,3.2038,5.0,0.0665,0.6974,0.9658,0.9972,0.9999,1.0,0.1794,0.3526,0.4893,0.5874,0.6013
min_npmi_03,leiden,bal,10201,364,0.2953,132,19.7394,0.15,2.8892,5.0,0.0916,0.7815,0.9783,0.9982,0.9999,1.0,0.1491,0.285,0.3751,0.4264,0.4321
min_pair_count_1,leiden,hash_base,21785,55,0.4449,110,23.1156,0.3106,3.1937,5.0,0.0676,0.7109,0.9687,0.9973,0.9999,1.0,0.2104,0.4108,0.566,0.6774,0.6925
min_pair_count_1,leiden,base,21785,55,0.4449,110,10.4107,0.9412,2.2831,4.0,0.2221,0.8725,0.9944,0.9999,1.0,1.0,0.6359,1.0811,1.2629,1.3146,1.3165
min_pair_count_1,leiden,base_r2,21785,55,0.4449,110,11.5473,0.9978,1.8546,3.0,0.3681,0.9036,0.9967,1.0,1.0,1.0,0.7775,1.0954,1.1668,1.1759,1.176
min_pair_count_1,leiden,base_r3,21785,55,0.4449,110,12.1598,0.9996,1.7164,3.0,0.4356,0.9098,0.9971,1.0,1.0,1.0,0.8102,1.0323,1.0693,1.0739,1.074
min_pair_count_1,leiden,hash_aff,21785,55,0.4449,58,20.778,0.5312,3.1558,5.0,0.0701,0.7621,0.9779,0.9986,1.0,1.0,0.3593,0.6963,0.949,1.1242,1.1469
min_pair_count_1,leiden,aff,21785,55,0.4449,58,5.9153,0.9495,1.9892,4.0,0.3253,0.9696,0.9994,1.0,1.0,1.0,0.8138,1.3147,1.5033,1.5452,1.5458
min_pair_count_1,leiden,aff_r2,21785,55,0.4449,58,6.8611,0.9981,1.5519,3.0,0.5239,0.9875,1.0,1.0,1.0,1.0,0.9387,1.3261,1.3808,1.3832,1.3832
min_pair_count_1,leiden,aff_r3,21785,55,0.4449,58,7.4009,0.9997,1.406,2.0,0.6276,0.9922,1.0,1.0,1.0,1.0,0.973,1.2669,1.2902,1.2906,1.2906
min_pair_count_1,leiden,hash_bal,21785,55,0.4449,136,23.6469,0.3158,3.1999,5.0,0.0675,0.6971,0.9656,0.9971,0.9999,1.0,0.1747,0.3437,0.4759,0.5726,0.5864
min_pair_count_1,leiden,bal,21785,55,0.4449,136,20.2828,0.15,2.9399,5.0,0.088,0.777,0.9783,0.998,0.9999,1.0,0.1491,0.2851,0.3774,0.4326,0.4388
min_pair_count_3,leiden,hash_base,5621,254,0.205,508,25.486,0.1625,3.224,5.0,0.0661,0.6555,0.9552,0.9957,0.9998,1.0,0.0512,0.1039,0.1503,0.188,0.1941
min_pair_count_3,leiden,base,5621,254,0.205,508,19.1806,0.7135,2.7277,5.0,0.1101,0.766,0.9765,0.9982,1.0,1.0,0.2488,0.4987,0.6623,0.744,0.7518
min_pair_count_3,leiden,base_r2,5621,254,0.205,508,22.173,0.8848,2.5257,4.0,0.142,0.802,0.9831,0.9991,1.0,1.0,0.387,0.7106,0.8885,0.9595,0.9645
min_pair_count_3,leiden,base_r3,5621,254,0.205,508,24.1882,0.9222,2.4379,4.0,0.1585,0.815,0.9847,0.9995,1.0,1.0,0.4496,0.7756,0.9413,0.9991,1.0033
min_pair_count_3,leiden,hash_aff,5621,254,0.205,342,25.1458,0.1852,3.2214,5.0,0.0656,0.6642,0.9567,0.996,0.9998,1.0,0.0746,0.1488,0.2112,0.2598,0.2674
min_pair_count_3,leiden,aff,5621,254,0.205,342,10.9599,0.806,2.3875,4.0,0.2011,0.893,0.9945,0.9997,1.0,1.0,0.5136,0.9162,1.1372,1.2247,1.2295
min_pair_count_3,leiden,aff_r2,5621,254,0.205,342,13.2065,0.9101,2.1599,4.0,0.2562,0.9195,0.9973,0.9998,1.0,1.0,0.6468,1.1235,1.3341,1.3951,1.3973
min_pair_count_3,leiden,aff_r3,5621,254,0.205,342,14.8408,0.9437,2.0637,4.0,0.2857,0.9304,0.9978,0.9999,1.0,1.0,0.7146,1.2045,1.4001,1.4476,1.4493
min_pair_count_3,leiden,hash_bal,5621,254,0.205,130,23.5528,0.3259,3.2032,5.0,0.0663,0.7011,0.9656,0.9971,0.9999,1.0,0.1814,0.3548,0.4899,0.5895,0.6035
min_pair_count_3,leiden,bal,5621,254,0.205,130,19.4696,0.15,2.8922,5.0,0.0898,0.783,0.9794,0.9982,1.0,1.0,0.1496,0.286,0.3772,0.4278,0.4331
min_pair_count_5,leiden,hash_base,2699,196,0.1041,392,25.2983,0.176,3.2229,5.0,0.0658,0.6606,0.9569,0.9962,0.9998,1.0,0.0658,0.1314,0.1873,0.2307,0.2375
min_pair_count_5,leiden,base,2699,196,0.1041,392,21.2084,0.607,2.8628,5.0,0.0868,0.7469,0.9725,0.9975,0.9999,1.0,0.1838,0.3704,0.5127,0.5966,0.6063
min_pair_count_5,leiden,base_r2,2699,196,0.1041,392,23.5232,0.7389,2.7361,5.0,0.1027,0.7697,0.9769,0.9983,0.9999,1.0,0.268,0.5,0.6694,0.7542,0.7627
min_pair_count_5,leiden,base_r3,2699,196,0.1041,392,24.951,0.8156,2.6882,5.0,0.1088,0.7784,0.9782,0.9986,0.9999,1.0,0.3076,0.5507,0.7186,0.7986,0.8065
min_pair_count_5,leiden,hash_aff,2699,196,0.1041,346,25.1701,0.1872,3.2176,5.0,0.0661,0.6624,0.9572,0.9962,0.9998,1.0,0.0738,0.1474,0.2097,0.2559,0.2629
min_pair_count_5,leiden,aff,2699,196,0.1041,346,11.9189,0.7755,2.461,4.0,0.1817,0.8717,0.9923,0.9996,1.0,1.0,0.4405,0.7937,0.9977,1.0897,1.0951
min_pair_count_5,leiden,aff_r2,2699,196,0.1041,346,13.5064,0.8262,2.3181,4.0,0.2129,0.8908,0.9946,0.9998,1.0,1.0,0.5315,0.936,1.1469,1.2236,1.2277
min_pair_count_5,leiden,aff_r3,2699,196,0.1041,346,14.5903,0.8635,2.2649,4.0,0.226,0.8986,0.9951,0.9998,1.0,1.0,0.5747,0.9956,1.2035,1.2719,1.276
min_pair_count_5,leiden,hash_bal,2699,196,0.1041,127,23.5017,0.3052,3.1904,5.0,0.0673,0.701,0.9669,0.9974,1.0,1.0,0.1866,0.3651,0.505,0.6059,0.6197
min_pair_count_5,leiden,bal,2699,196,0.1041,127,19.027,0.15,2.891,5.0,0.0893,0.7833,0.9791,0.9984,1.0,1.0,0.1498,0.2863,0.3772,0.4277,0.4332
min_df_3,leiden,hash_base,9504,219,0.2994,438,25.3794,0.1696,3.2234,5.0,0.0663,0.6596,0.9561,0.9959,0.9998,1.0,0.0589,0.1174,0.1683,0.2087,0.2152
min_df_3,leiden,base,9504,219,0.2994,438,16.0141,0.8309,2.5895,4.0,0.1385,0.7985,0.9833,0.9994,1.0,1.0,0.3701,0.7097,0.9006,0.9826,0.9894
min_df_3,leiden,base_r2,9504,219,0.2994,438,18.5885,0.9697,2.2808,4.0,0.2007,0.8407,0.9897,0.9998,1.0,1.0,0.5394,0.9186,1.0789,1.1236,1.1255
min_df_3,leiden,base_r3,9504,219,0.2994,438,20.2518,0.9896,2.1613,4.0,0.2365,0.8549,0.991,0.9999,1.0,1.0,0.6028,0.9462,1.0693,1.0989,1.1005
min_df_3,leiden,hash_aff,9504,219,0.2994,289,24.9724,0.2025,3.2211,5.0,0.0661,0.6664,0.9578,0.9961,0.9999,1.0,0.0869,0.1729,0.2429,0.2962,0.3042
min_df_3,leiden,aff,9504,219,0.2994,289,9.288,0.8654,2.2693,4.0,0.2326,0.927,0.9969,1.0,1.0,1.0,0.6234,1.0874,1.3135,1.3951,1.3986
min_df_3,leiden,aff_r2,9504,219,0.2994,289,11.3486,0.9741,1.9386,3.0,0.3259,0.9544,0.9991,1.0,1.0,1.0,0.7804,1.2943,1.4643,1.4964,1.4969
min_df_3,leiden,aff_r3,9504,219,0.2994,289,12.7645,0.991,1.8108,3.0,0.3811,0.9663,0.9994,1.0,1.0,1.0,0.8452,1.3415,1.4749,1.4949,1.4952
min_df_3,leiden,hash_bal,9504,219,0.2994,132,23.5883,0.3161,3.2038,5.0,0.0665,0.6974,0.9658,0.9972,0.9999,1.0,0.1794,0.3526,0.4893,0.5874,0.6013
min_df_3,leiden,bal,9504,219,0.2994,132,19.6944,0.15,2.8964,5.0,0.0921,0.7792,0.9787,0.9981,1.0,1.0,0.1491,0.2851,0.3756,0.4275,0.4333
min_df_5,leiden,hash_base,7743,88,0.2782,176,24.1871,0.2714,3.2094,5.0,0.0665,0.6841,0.9629,0.997,0.9998,1.0,0.138,0.2727,0.3788,0.4572,0.4685
min_df_5,leiden,base,7743,88,0.2782,176,16.0652,0.8181,2.6225,4.0,0.1288,0.8032,0.9846,0.9993,1.0,1.0,0.38,0.7382,0.9456,1.0376,1.0443
min_df_5,leiden,base_r2,7743,88,0.2782,176,18.7118,0.9489,2.3299,4.0,0.1823,0.845,0.9903,0.9997,1.0,1.0,0.5475,0.9589,1.1407,1.1917,1.1949
min_df_5,leiden,base_r3,7743,88,0.2782,176,20.2361,0.9771,2.2073,4.0,0.2191,0.8569,0.992,0.9999,1.0,1.0,0.6081,0.9898,1.1355,1.1693,1.1707
min_df_5,leiden,hash_aff,7743,88,0.2782,137,23.69,0.2863,3.1994,5.0,0.0665,0.698,0.9645,0.9971,0.9999,1.0,0.1736,0.3398,0.4697,0.5639,0.5769
min_df_5,leiden,aff,7743,88,0.2782,137,9.1345,0.862,2.2815,4.0,0.2314,0.9323,0.9976,1.0,1.0,1.0,0.6418,1.1106,1.3418,1.4267,1.4291
min_df_5,leiden,aff_r2,7743,88,0.2782,137,11.2064,0.959,1.9598,3.0,0.3204,0.9632,0.9995,1.0,1.0,1.0,0.8022,1.3218,1.4989,1.5321,1.5331
min_df_5,leiden,aff_r3,7743,88,0.2782,137,12.4787,0.9811,1.8272,3.0,0.3753,0.9729,0.9997,1.0,1.0,1.0,0.8671,1.3668,1.5031,1.5221,1.5224
min_df_5,leiden,hash_bal,7743,88,0.2782,133,23.6588,0.3234,3.2006,5.0,0.067,0.6972,0.9649,0.9968,0.9998,1.0,0.1781,0.3467,0.4783,0.5744,0.588
min_df_5,leiden,bal,7743,88,0.2782,133,19.7991,0.15,2.9129,5.0,0.0891,0.7784,0.9792,0.9984,0.9999,1.0,0.1492,0.2853,0.3771,0.4297,0.4353
max_df_001,leiden,hash_base,9897,351,0.2532,702,25.6902,0.1553,3.227,5.0,0.0658,0.6501,0.9539,0.9956,0.9998,1.0,0.0379,0.0782,0.1151,0.1447,0.1494
max_df_001,leiden,base,9897,351,0.2532,702,16.8315,0.785,2.6964,4.0,0.1073,0.7807,0.981,0.9992,1.0,1.0,0.326,0.6513,0.8346,0.914,0.9205
max_df_001,leiden,base_r2,9897,351,0.2532,702,19.7834,0.9342,2.4183,4.0,0.1525,0.8252,0.9882,0.9998,1.0,1.0,0.4979,0.8897,1.0605,1.1116,1.1149
max_df_001,leiden,base_r3,9897,351,0.2532,702,21.6402,0.9668,2.2931,4.0,0.1841,0.8381,0.9899,0.9998,1.0,1.0,0.5619,0.9307,1.0673,1.1017,1.1041
max_df_001,leiden,hash_aff,9897,351,0.2532,416,25.3386,0.1948,3.2217,5.0,0.0658,0.6598,0.9562,0.9959,0.9997,1.0,0.0609,0.1228,0.1753,0.2168,0.2234
max_df_001,leiden,aff,9897,351,0.2532,416,9.9836,0.8389,2.3172,4.0,0.2147,0.9152,0.9961,0.9999,1.0,1.0,0.5853,1.0419,1.2736,1.3631,1.367
max_df_001,leiden,aff_r2,9897,351,0.2532,416,12.3843,0.9471,2.014,3.0,0.2962,0.9462,0.9986,1.0,1.0,1.0,0.7525,1.284,1.4834,1.5264,1.527
max_df_001,leiden,aff_r3,9897,351,0.2532,416,13.9895,0.9727,1.8804,3.0,0.3474,0.9581,0.9991,1.0,1.0,1.0,0.8229,1.3496,1.5118,1.5385,1.539
max_df_001,leiden,hash_bal,9897,351,0.2532,132,23.5883,0.3161,3.2038,5.0,0.0665,0.6974,0.9658,0.9972,0.9999,1.0,0.1794,0.3526,0.4893,0.5874,0.6013
max_df_001,leiden,bal,9897,351,0.2532,132,19.6592,0.15,2.8976,5.0,0.0913,0.7789,0.9777,0.9981,0.9999,1.0,0.1496,0.2859,0.3769,0.4283,0.4341
max_df_0005,leiden,hash_base,9363,403,0.1871,806,25.7292,0.1836,3.2283,5.0,0.0658,0.6492,0.9532,0.9956,0.9997,1.0,0.0334,0.0692,0.1026,0.1311,0.1358
max_df_0005,leiden,base,9363,403,0.1871,806,17.3484,0.8393,2.7642,5.0,0.0995,0.7705,0.9803,0.999,1.0,1.0,0.3119,0.6175,0.7811,0.8495,0.8562
max_df_0005,leiden,base_r2,9363,403,0.1871,806,20.0866,0.9762,2.5157,4.0,0.132,0.8138,0.9874,0.9997,1.0,1.0,0.4746,0.8458,0.9984,1.0445,1.0475
max_df_0005,leiden,base_r3,9363,403,0.1871,806,22.1222,0.989,2.4228,4.0,0.1498,0.8275,0.9892,0.9999,1.0,1.0,0.5371,0.8917,1.0183,1.0528,1.0555
max_df_0005,leiden,hash_aff,9363,403,0.1871,473,25.4445,0.1591,3.2247,5.0,0.0658,0.6568,0.9552,0.9959,0.9997,1.0,0.0545,0.11,0.1585,0.196,0.2018
max_df_0005,leiden,aff,9363,403,0.1871,473,9.9143,0.8921,2.3461,4.0,0.2027,0.9074,0.996,0.9999,1.0,1.0,0.5797,1.0187,1.2478,1.332,1.3358
max_df_0005,leiden,aff_r2,9363,403,0.1871,473,12.0782,0.9817,2.0632,4.0,0.2706,0.9375,0.9985,1.0,1.0,1.0,0.7327,1.2459,1.4375,1.4826,1.4832
max_df_0005,leiden,aff_r3,9363,403,0.1871,473,13.8427,0.9914,1.9619,3.0,0.3087,0.9493,0.999,1.0,1.0,1.0,0.7997,1.3118,1.4821,1.5136,1.5142
max_df_0005,leiden,hash_bal,9363,403,0.1871,132,23.5883,0.3161,3.2038,5.0,0.0665,0.6974,0.9658,0.9972,0.9999,1.0,0.1794,0.3526,0.4893,0.5874,0.6013
max_df_0005,leiden,bal,9363,403,0.1871,132,19.7678,0.15,2.9,5.0,0.0911,0.7794,0.978,0.9983,0.9999,1.0,0.1495,0.2856,0.3768,0.4283,0.4342
baseline,cpm,hash_base,10567,2211,0.3072,4422,26.1249,0.1202,3.2326,5.0,0.0655,0.6399,0.9513,0.9953,0.9997,1.0,0.0067,0.0185,0.0347,0.05,0.0528
baseline,cpm,base,10567,2211,0.3072,4422,24.7713,0.1929,3.0665,5.0,0.0719,0.6795,0.9586,0.996,0.9998,1.0,0.0149,0.0362,0.0596,0.0769,0.0794
baseline,cpm,base_r2,10567,2211,0.3072,4422,37.9306,0.4767,2.9025,5.0,0.0865,0.7214,0.9663,0.997,0.9999,1.0,0.0656,0.1374,0.1936,0.2262,0.2301
baseline,cpm,base_r3,10567,2211,0.3072,4422,49.6312,0.5761,2.8118,5.0,0.0958,0.7406,0.9702,0.9972,0.9999,1.0,0.095,0.1953,0.2685,0.3086,0.313
baseline,cpm,hash_aff,10567,2211,0.3072,2278,26.0436,0.1243,3.2317,5.0,0.0656,0.6422,0.9517,0.9954,0.9997,1.0,0.0121,0.0289,0.048,0.0655,0.0686
baseline,cpm,aff,10567,2211,0.3072,2278,21.6235,0.32,2.9449,5.0,0.0857,0.7256,0.9691,0.9973,0.9999,1.0,0.0332,0.0708,0.1101,0.1392,0.1425
baseline,cpm,aff_r2,10567,2211,0.3072,2278,34.4516,0.5159,2.7733,5.0,0.1029,0.7699,0.9766,0.9982,0.9999,1.0,0.0949,0.1896,0.2641,0.3085,0.3128
baseline,cpm,aff_r3,10567,2211,0.3072,2278,45.9627,0.6058,2.6793,5.0,0.1141,0.7898,0.9808,0.9984,0.9999,1.0,0.1294,0.2571,0.3515,0.4033,0.4078
baseline,cpm,hash_bal,10567,2211,0.3072,136,23.6469,0.3158,3.1999,5.0,0.0675,0.6971,0.9656,0.9971,0.9999,1.0,0.1747,0.3437,0.4759,0.5726,0.5864
baseline,cpm,bal,10567,2211,0.3072,136,20.3792,0.15,2.9408,5.0,0.0876,0.7583,0.9755,0.9983,1.0,1.0,0.1494,0.2862,0.3794,0.4341,0.4404
vote_raw,cpm,hash_base,10567,2211,0.3072,4422,26.1249,0.1202,3.2326,5.0,0.0655,0.6399,0.9513,0.9953,0.9997,1.0,0.0067,0.0185,0.0347,0.05,0.0528
vote_raw,cpm,base,10567,2211,0.3072,4422,24.7713,0.1929,3.0665,5.0,0.0719,0.6795,0.9586,0.996,0.9998,1.0,0.0149,0.0362,0.0596,0.0769,0.0794
vote_raw,cpm,base_r2,10567,2211,0.3072,4422,37.9306,0.4767,2.9025,5.0,0.0865,0.7214,0.9663,0.997,0.9999,1.0,0.0656,0.1374,0.1936,0.2262,0.2301
vote_raw,cpm,base_r3,10567,2211,0.3072,4422,49.6312,0.5761,2.8118,5.0,0.0958,0.7406,0.9702,0.9972,0.9999,1.0,0.095,0.1953,0.2685,0.3086,0.313
vote_raw,cpm,hash_aff,10567,2211,0.3072,2278,26.0436,0.1243,3.2317,5.0,0.0656,0.6422,0.9517,0.9954,0.9997,1.0,0.0121,0.0289,0.048,0.0655,0.0686
vote_raw,cpm,aff,10567,2211,0.3072,2278,19.9866,0.839,2.9252,5.0,0.0916,0.758,0.9748,0.9978,0.9999,1.0,0.1189,0.2216,0.333,0.4126,0.4216
vote_raw,cpm,aff_r2,10567,2211,0.3072,2278,32.4884,0.8775,2.7343,5.0,0.1142,0.8063,0.9832,0.9988,0.9999,1.0,0.204,0.3801,0.524,0.6078,0.6151
vote_raw,cpm,aff_r3,10567,2211,0.3072,2278,43.9347,0.898,2.6332,5.0,0.1282,0.826,0.9866,0.999,0.9999,1.0,0.2414,0.4531,0.613,0.6998,0.7061
vote_raw,cpm,hash_bal,10567,2211,0.3072,138,23.7083,0.2801,3.2048,5.0,0.067,0.6957,0.9646,0.9969,0.9998,1.0,0.1726,0.3397,0.4694,0.563,0.5764
vote_raw,cpm,bal,10567,2211,0.3072,138,20.6585,0.15,2.9649,5.0,0.0858,0.758,0.9756,0.9981,1.0,1.0,0.1492,0.2862,0.381,0.4373,0.4439
cover_strength,cpm,hash_base,10567,2211,0.3072,4422,26.1249,0.1202,3.2326,5.0,0.0655,0.6969,0.9352,0.9889,0.9997,1.0,0.0205,0.0329,0.0429,0.0513,0.0528
cover_strength,cpm,base,10567,2211,0.3072,4422,24.7713,0.1929,3.0665,5.0,0.0719,0.7181,0.9435,0.9911,0.9998,1.0,0.0362,0.0563,0.0696,0.0783,0.0794
cover_strength,cpm,base_r2,10567,2211,0.3072,4422,37.9306,0.4767,2.9023,5.0,0.0865,0.7601,0.9566,0.9935,0.9998,1.0,0.1205,0.1818,0.2133,0.2288,0.23
cover_strength,cpm,base_r3,10567,2211,0.3072,4422,49.6312,0.5761,2.8122,5.0,0.0958,0.7835,0.9632,0.9948,0.9998,1.0,0.169,0.2542,0.294,0.3113,0.3123
cover_strength,cpm,hash_aff,10567,2211,0.3072,2278,26.0436,0.1243,3.2317,5.0,0.0656,0.6954,0.934,0.9892,0.9997,1.0,0.0257,0.0433,0.0563,0.0668,0.0686
cover_strength,cpm,aff,10567,2211,0.3072,2278,21.6235,0.32,2.9449,5.0,0.0857,0.7344,0.9496,0.9924,0.9998,1.0,0.0551,0.0915,0.1198,0.1402,0.1425
cover_strength,cpm,aff_r2,10567,2211,0.3072,2278,34.4516,0.5159,2.8129,5.0,0.098,0.7738,0.9617,0.9947,0.9998,1.0,0.1426,0.2296,0.2837,0.3148,0.3173
cover_strength,cpm,aff_r3,10567,2211,0.3072,2278,45.9627,0.6058,2.7246,5.0,0.107,0.7971,0.9682,0.9958,0.9999,1.0,0.1935,0.3101,0.3775,0.4118,0.4142
cover_strength,cpm,hash_bal,10567,2211,0.3072,136,23.6469,0.3158,3.1999,5.0,0.0675,0.7438,0.9537,0.9937,1.0,1.0,0.1888,0.3587,0.4853,0.5742,0.5864
cover_strength,cpm,bal,10567,2211,0.3072,136,20.3792,0.15,2.9408,5.0,0.0876,0.7591,0.9573,0.9944,0.9999,1.0,0.1499,0.2866,0.3795,0.4341,0.4404
no_frame_stops,cpm,hash_base,11870,3080,0.5122,6158,26.1508,0.1158,3.2327,5.0,0.0655,0.6392,0.9511,0.9953,0.9997,1.0,0.005,0.015,0.0291,0.0428,0.0453
no_frame_stops,cpm,base,11870,3080,0.5122,6158,24.6951,0.1929,3.0281,5.0,0.074,0.6857,0.9611,0.9964,0.9998,1.0,0.0158,0.0376,0.0624,0.0821,0.0849
no_frame_stops,cpm,base_r2,11870,3080,0.5122,6158,39.1015,0.5533,2.7989,5.0,0.095,0.7413,0.9724,0.9978,0.9999,1.0,0.0874,0.1855,0.2636,0.3102,0.3148
no_frame_stops,cpm,base_r3,11870,3080,0.5122,6158,52.1375,0.6437,2.6824,5.0,0.1067,0.7654,0.9774,0.9983,0.9999,1.0,0.1284,0.2704,0.3699,0.4247,0.4298
no_frame_stops,cpm,hash_aff,11870,3080,0.5122,3130,26.0847,0.1221,3.2312,5.0,0.0655,0.642,0.9516,0.9953,0.9997,1.0,0.0093,0.0227,0.0399,0.057,0.0601
no_frame_stops,cpm,aff,11870,3080,0.5122,3130,21.8722,0.2859,2.9573,5.0,0.0865,0.7237,0.9687,0.9973,0.9999,1.0,0.0299,0.062,0.095,0.1215,0.1247
no_frame_stops,cpm,aff_r2,11870,3080,0.5122,3130,35.9351,0.6,2.7221,5.0,0.1108,0.7813,0.9796,0.9983,0.9999,1.0,0.1111,0.2256,0.3093,0.3583,0.3625
no_frame_stops,cpm,aff_r3,11870,3080,0.5122,3130,48.8161,0.6792,2.6063,4.0,0.1233,0.8052,0.9845,0.9988,0.9999,1.0,0.1557,0.3163,0.4192,0.4743,0.4788
no_frame_stops,cpm,hash_bal,11870,3080,0.5122,137,23.69,0.2863,3.1994,5.0,0.0665,0.698,0.9645,0.9971,0.9999,1.0,0.1736,0.3398,0.4697,0.5639,0.5769
no_frame_stops,cpm,bal,11870,3080,0.5122,137,20.4798,0.15,2.947,5.0,0.0853,0.7594,0.9753,0.9981,1.0,1.0,0.1486,0.2854,0.38,0.4341,0.4403
edge_weight_llr,cpm,hash_base,10567,1373,0.3072,2746,26.0672,0.1221,3.2321,5.0,0.0655,0.6411,0.9517,0.9954,0.9997,1.0,0.0105,0.0255,0.0433,0.06,0.0629
edge_weight_llr,cpm,base,10567,1373,0.3072,2746,18.3191,0.8091,2.6617,5.0,0.1208,0.7738,0.9776,0.9985,0.9999,1.0,0.2702,0.5116,0.658,0.7245,0.7315
edge_weight_llr,cpm,base_r2,10567,1373,0.3072,2746,22.2676,0.9727,2.3404,4.0,0.1866,0.8274,0.987,0.9997,1.0,1.0,0.4774,0.8343,0.9875,1.0372,1.0399
edge_weight_llr,cpm,base_r3,10567,1373,0.3072,2746,25.6481,0.9902,2.2199,4.0,0.2224,0.8417,0.989,0.9998,1.0,1.0,0.5456,0.8908,1.0221,1.0536,1.0554
edge_weight_llr,cpm,hash_aff,10567,1373,0.3072,1440,25.9489,0.1316,3.2299,5.0,0.0656,0.6443,0.9525,0.9955,0.9997,1.0,0.0189,0.041,0.064,0.0844,0.088
edge_weight_llr,cpm,aff,10567,1373,0.3072,1440,12.5259,0.8546,2.4274,4.0,0.181,0.8639,0.9913,0.9996,0.9999,1.0,0.4312,0.7593,0.9476,1.0271,1.0321
edge_weight_llr,cpm,aff_r2,10567,1373,0.3072,1440,15.9408,0.9768,2.0835,4.0,0.2721,0.9078,0.9966,0.9999,1.0,1.0,0.627,1.0757,1.2486,1.2935,1.2951
edge_weight_llr,cpm,aff_r3,10567,1373,0.3072,1440,19.057,0.9916,1.9549,3.0,0.323,0.9204,0.9973,0.9999,1.0,1.0,0.7001,1.1449,1.2935,1.3227,1.3236
edge_weight_llr,cpm,hash_bal,10567,1373,0.3072,140,23.7697,0.2628,3.2011,5.0,0.0668,0.6982,0.9651,0.9971,0.9998,1.0,0.1704,0.3338,0.4616,0.5548,0.5677
edge_weight_llr,cpm,bal,10567,1373,0.3072,140,20.9594,0.15,3.0075,5.0,0.085,0.7455,0.9736,0.9978,0.9999,1.0,0.1488,0.2859,0.3835,0.443,0.4498
edge_weight_chi2,cpm,hash_base,10567,1483,0.3072,2965,26.0792,0.1251,3.2322,5.0,0.0655,0.6415,0.9515,0.9954,0.9997,1.0,0.0098,0.0243,0.0412,0.0567,0.0595
edge_weight_chi2,cpm,base,10567,1483,0.3072,2965,10.3907,0.9999,1.9398,3.0,0.3223,0.862,0.9919,0.9999,1.0,1.0,0.6518,0.8173,0.8594,0.8655,0.8657
edge_weight_chi2,cpm,base_r2,10567,1483,0.3072,2965,13.7394,0.9999,1.8746,3.0,0.3581,0.8695,0.9926,1.0,1.0,1.0,0.676,0.836,0.8716,0.8767,0.8768
edge_weight_chi2,cpm,base_r3,10567,1483,0.3072,2965,15.9259,0.9999,1.8746,3.0,0.3581,0.8695,0.9926,1.0,1.0,1.0,0.676,0.836,0.8716,0.8768,0.8768
edge_weight_chi2,cpm,hash_aff,10567,1483,0.3072,1548,25.9645,0.1372,3.2314,5.0,0.0655,0.6442,0.9524,0.9955,0.9997,1.0,0.0173,0.0394,0.0631,0.0843,0.0881
edge_weight_chi2,cpm,aff,10567,1483,0.3072,1548,8.3287,0.9999,1.8487,3.0,0.3583,0.888,0.995,0.9999,1.0,1.0,0.6775,0.8524,0.8917,0.897,0.8972
edge_weight_chi2,cpm,aff_r2,10567,1483,0.3072,1548,11.6097,0.9999,1.7876,3.0,0.3957,0.8947,0.9953,1.0,1.0,1.0,0.7008,0.8698,0.9051,0.91,0.91
edge_weight_chi2,cpm,aff_r3,10567,1483,0.3072,1548,13.7533,0.9999,1.7868,3.0,0.3959,0.8953,0.9953,1.0,1.0,1.0,0.7015,0.8721,0.9083,0.9134,0.9134
edge_weight_chi2,cpm,hash_bal,10567,1483,0.3072,147,23.8563,0.2894,3.2058,5.0,0.067,0.6927,0.9639,0.997,0.9999,1.0,0.1634,0.3189,0.4422,0.5306,0.5434
edge_weight_chi2,cpm,bal,10567,1483,0.3072,147,22.0338,0.15,3.1137,5.0,0.0752,0.7142,0.9679,0.9971,0.9999,1.0,0.1494,0.288,0.3889,0.4575,0.4663
min_npmi_01,cpm,hash_base,10566,2177,0.3069,4354,26.1214,0.1181,3.2332,5.0,0.0655,0.6403,0.9512,0.9953,0.9997,1.0,0.0069,0.0185,0.0338,0.0483,0.051
min_npmi_01,cpm,base,10566,2177,0.3069,4354,24.8148,0.1377,3.0696,5.0,0.0716,0.6794,0.9591,0.996,0.9998,1.0,0.0135,0.0333,0.0541,0.0699,0.0722
min_npmi_01,cpm,base_r2,10566,2177,0.3069,4354,38.2257,0.4124,2.9271,5.0,0.0809,0.717,0.9654,0.9967,0.9999,1.0,0.0498,0.1129,0.1642,0.1955,0.199
min_npmi_01,cpm,base_r3,10566,2177,0.3069,4354,50.0087,0.5006,2.8424,5.0,0.0875,0.7363,0.9701,0.9974,0.9999,1.0,0.0736,0.1653,0.2339,0.2722,0.276
min_npmi_01,cpm,hash_aff,10566,2177,0.3069,2248,26.0328,0.1375,3.2312,5.0,0.0656,0.6421,0.9515,0.9953,0.9997,1.0,0.0125,0.0297,0.0489,0.0668,0.0699
min_npmi_01,cpm,aff,10566,2177,0.3069,2248,21.6872,0.3147,2.9485,5.0,0.0857,0.7251,0.9691,0.9973,0.9999,1.0,0.0314,0.0675,0.1034,0.1307,0.1337
min_npmi_01,cpm,aff_r2,10566,2177,0.3069,2248,34.7671,0.4837,2.7968,5.0,0.0977,0.7654,0.9763,0.9979,0.9999,1.0,0.0785,0.1645,0.2348,0.2787,0.2827
min_npmi_01,cpm,aff_r3,10566,2177,0.3069,2248,46.3642,0.5591,2.7097,5.0,0.1055,0.7851,0.9804,0.9985,0.9999,1.0,0.1073,0.2258,0.3157,0.3667,0.3707
min_npmi_01,cpm,hash_bal,10566,2177,0.3069,136,23.6469,0.3158,3.1999,5.0,0.0675,0.6971,0.9656,0.9971,0.9999,1.0,0.1747,0.3437,0.4759,0.5726,0.5864
min_npmi_01,cpm,bal,10566,2177,0.3069,136,20.3518,0.15,2.936,5.0,0.0875,0.7591,0.9765,0.9983,1.0,1.0,0.1489,0.2856,0.3787,0.4331,0.4391
min_npmi_02,cpm,hash_base,10538,2134,0.3061,4268,26.1241,0.1201,3.2321,5.0,0.0655,0.6404,0.951,0.9953,0.9998,1.0,0.0071,0.0191,0.0346,0.0495,0.0522
min_npmi_02,cpm,base,10538,2134,0.3061,4268,24.868,0.1375,3.0763,5.0,0.0709,0.6774,0.9584,0.996,0.9998,1.0,0.0126,0.0314,0.0512,0.0666,0.0689
min_npmi_02,cpm,base_r2,10538,2134,0.3061,4268,38.4313,0.3865,2.9352,5.0,0.0791,0.715,0.9654,0.9968,0.9999,1.0,0.043,0.0966,0.1405,0.1671,0.1702
min_npmi_02,cpm,base_r3,10538,2134,0.3061,4268,50.2821,0.4515,2.8569,5.0,0.0873,0.7324,0.9692,0.9972,0.9999,1.0,0.0602,0.1363,0.1917,0.2221,0.2255
min_npmi_02,cpm,hash_aff,10538,2134,0.3061,2203,26.0378,0.126,3.2319,5.0,0.0656,0.6421,0.9516,0.9955,0.9997,1.0,0.0128,0.03,0.0493,0.0667,0.0699
min_npmi_02,cpm,aff,10538,2134,0.3061,2203,21.7553,0.3144,2.9544,5.0,0.0849,0.7239,0.969,0.9972,0.9999,1.0,0.0298,0.0654,0.1006,0.1285,0.1317
min_npmi_02,cpm,aff_r2,10538,2134,0.3061,2203,35.008,0.4742,2.8072,5.0,0.0954,0.7632,0.9761,0.9978,0.9999,1.0,0.0702,0.147,0.2088,0.2485,0.2522
min_npmi_02,cpm,aff_r3,10538,2134,0.3061,2203,46.6921,0.5285,2.7272,5.0,0.105,0.7821,0.9799,0.998,0.9999,1.0,0.0925,0.1946,0.2693,0.3126,0.3165
min_npmi_02,cpm,hash_bal,10538,2134,0.3061,136,23.6469,0.3158,3.1999,5.0,0.0675,0.6971,0.9656,0.9971,0.9999,1.0,0.1747,0.3437,0.4759,0.5726,0.5864
min_npmi_02,cpm,bal,10538,2134,0.3061,136,20.3451,0.15,2.943,5.0,0.0878,0.7583,0.9763,0.9982,0.9999,1.0,0.1489,0.2855,0.3789,0.4339,0.4401
min_npmi_03,cpm,hash_base,10201,1752,0.2953,3503,26.0999,0.1166,3.2314,5.0,0.0655,0.6407,0.9517,0.9953,0.9997,1.0,0.0083,0.0215,0.0379,0.0533,0.0561
min_npmi_03,cpm,base,10201,1752,0.2953,3503,24.9044,0.1717,3.0829,5.0,0.0702,0.6767,0.958,0.9959,0.9998,1.0,0.0125,0.0305,0.0498,0.0648,0.0672
min_npmi_03,cpm,base_r2,10201,1752,0.2953,3503,38.2004,0.2593,2.956,5.0,0.0755,0.709,0.9642,0.9968,0.9999,1.0,0.0337,0.0773,0.1131,0.1351,0.1378
min_npmi_03,cpm,base_r3,10201,1752,0.2953,3503,49.7403,0.3255,2.8894,5.0,0.0791,0.7242,0.9672,0.9969,0.9999,1.0,0.0472,0.1081,0.1553,0.1815,0.1846
min_npmi_03,cpm,hash_aff,10201,1752,0.2953,1823,26.0156,0.1241,3.2309,5.0,0.0656,0.6432,0.952,0.9953,0.9997,1.0,0.015,0.0341,0.0542,0.0723,0.0755
min_npmi_03,cpm,aff,10201,1752,0.2953,1823,21.8737,0.2438,2.967,5.0,0.0849,0.725,0.9689,0.9972,0.9999,1.0,0.0282,0.0598,0.0889,0.1112,0.114
min_npmi_03,cpm,aff_r2,10201,1752,0.2953,1823,34.8886,0.3803,2.8341,5.0,0.0919,0.7594,0.9754,0.9979,0.9999,1.0,0.0582,0.1198,0.1674,0.1962,0.1993
min_npmi_03,cpm,aff_r3,10201,1752,0.2953,1823,46.278,0.4334,2.7658,5.0,0.0968,0.7751,0.9783,0.9981,0.9999,1.0,0.0766,0.1589,0.2186,0.2513,0.2546
min_npmi_03,cpm,hash_bal,10201,1752,0.2953,136,23.6469,0.3158,3.1999,5.0,0.0675,0.6971,0.9656,0.9971,0.9999,1.0,0.1747,0.3437,0.4759,0.5726,0.5864
min_npmi_03,cpm,bal,10201,1752,0.2953,136,20.3271,0.15,2.9353,5.0,0.0885,0.7618,0.9761,0.9981,0.9999,1.0,0.149,0.2855,0.3785,0.4332,0.4391
min_pair_count_1,cpm,hash_base,21785,2109,0.4449,4215,26.1107,0.1395,3.2316,5.0,0.0655,0.6411,0.9513,0.9953,0.9997,1.0,0.0074,0.0194,0.0351,0.0501,0.0529
min_pair_count_1,cpm,base,21785,2109,0.4449,4215,23.9625,0.4374,3.0272,5.0,0.0788,0.6884,0.9606,0.9961,0.9997,1.0,0.0362,0.0783,0.1213,0.1535,0.1579
min_pair_count_1,cpm,base_r2,21785,2109,0.4449,4215,36.6492,0.8803,2.6458,5.0,0.1377,0.779,0.9785,0.9987,1.0,1.0,0.2818,0.5192,0.6555,0.7254,0.7315
min_pair_count_1,cpm,base_r3,21785,2109,0.4449,4215,51.1922,0.9368,2.4973,4.0,0.1641,0.809,0.9841,0.9995,1.0,1.0,0.3685,0.6621,0.807,0.87,0.8744
min_pair_count_1,cpm,hash_aff,21785,2109,0.4449,2110,26.0201,0.1216,3.229,5.0,0.0656,0.6434,0.952,0.9954,0.9997,1.0,0.0134,0.0325,0.0536,0.0725,0.0758
min_pair_count_1,cpm,aff,21785,2109,0.4449,2110,21.4163,0.4666,2.924,5.0,0.0917,0.7287,0.9694,0.9968,0.9997,1.0,0.0581,0.1159,0.176,0.2229,0.2285
min_pair_count_1,cpm,aff_r2,21785,2109,0.4449,2110,33.7519,0.886,2.5296,4.0,0.1581,0.8175,0.9856,0.999,1.0,1.0,0.3096,0.569,0.7198,0.7995,0.8052
min_pair_count_1,cpm,aff_r3,21785,2109,0.4449,2110,48.1625,0.9382,2.3793,4.0,0.1882,0.8464,0.9903,0.9996,1.0,1.0,0.3946,0.7132,0.8745,0.9465,0.9503
min_pair_count_1,cpm,hash_bal,21785,2109,0.4449,141,23.7848,0.2847,3.2058,5.0,0.067,0.6948,0.965,0.9972,0.9999,1.0,0.1689,0.3301,0.4573,0.5485,0.5612
min_pair_count_1,cpm,bal,21785,2109,0.4449,141,21.0128,0.15,2.9826,5.0,0.0852,0.7526,0.9749,0.9976,0.9998,1.0,0.1496,0.2867,0.3817,0.4401,0.4469
min_pair_count_3,cpm,hash_base,5621,1243,0.205,2486,26.0533,0.1315,3.2316,5.0,0.0655,0.642,0.9514,0.9954,0.9997,1.0,0.0113,0.0273,0.0454,0.062,0.065
min_pair_count_3,cpm,base,5621,1243,0.205,2486,24.7544,0.1782,3.0714,5.0,0.0698,0.6802,0.9595,0.9959,0.9998,1.0,0.0164,0.0397,0.0639,0.0818,0.0845
min_pair_count_3,cpm,base_r2,5621,1243,0.205,2486,34.8127,0.2513,2.9258,5.0,0.0791,0.7166,0.965,0.9966,0.9998,1.0,0.0442,0.1023,0.1515,0.1815,0.185
min_pair_count_3,cpm,base_r3,5621,1243,0.205,2486,43.1215,0.2987,2.8567,5.0,0.0829,0.7314,0.9682,0.9969,0.9998,1.0,0.0615,0.1405,0.1993,0.2327,0.2367
min_pair_count_3,cpm,hash_aff,5621,1243,0.205,1359,25.928,0.124,3.2304,5.0,0.0656,0.6445,0.9522,0.9955,0.9997,1.0,0.0199,0.0434,0.0676,0.089,0.0927
min_pair_count_3,cpm,aff,5621,1243,0.205,1359,20.6416,0.3411,2.911,5.0,0.0883,0.7421,0.9722,0.9977,0.9999,1.0,0.0455,0.0961,0.1396,0.1705,0.174
min_pair_count_3,cpm,aff_r2,5621,1243,0.205,1359,30.237,0.4445,2.7581,5.0,0.1021,0.7779,0.9778,0.9982,0.9999,1.0,0.0857,0.1812,0.2543,0.2969,0.3009
min_pair_count_3,cpm,aff_r3,5621,1243,0.205,1359,38.3045,0.4756,2.6873,5.0,0.1077,0.7946,0.9807,0.9984,0.9999,1.0,0.1093,0.2309,0.3153,0.3605,0.3647
min_pair_count_3,cpm,hash_bal,5621,1243,0.205,131,23.5932,0.2766,3.1997,5.0,0.0668,0.7023,0.9659,0.9971,0.9998,1.0,0.1809,0.3527,0.4869,0.5838,0.5972
min_pair_count_3,cpm,bal,5621,1243,0.205,131,19.5612,0.15,2.8997,5.0,0.0904,0.7728,0.9778,0.9983,0.9999,1.0,0.1487,0.2849,0.376,0.4277,0.4333
min_pair_count_5,cpm,hash_base,2699,680,0.1041,1360,25.9191,0.1398,3.2275,5.0,0.0656,0.6443,0.9526,0.9956,0.9997,1.0,0.0202,0.0444,0.0689,0.0905,0.0942
min_pair_count_5,cpm,base,2699,680,0.1041,1360,24.7436,0.2091,3.0665,5.0,0.0684,0.6864,0.9598,0.9961,0.9998,1.0,0.0264,0.0573,0.0884,0.1117,0.1152
min_pair_count_5,cpm,base_r2,2699,680,0.1041,1360,31.1406,0.3189,2.9398,5.0,0.0745,0.7173,0.9659,0.9968,0.9998,1.0,0.0547,0.1222,0.1786,0.2148,0.2192
min_pair_count_5,cpm,base_r3,2699,680,0.1041,1360,35.7574,0.3801,2.8971,5.0,0.0775,0.726,0.968,0.997,0.9998,1.0,0.0712,0.1552,0.2229,0.2653,0.2709
min_pair_count_5,cpm,hash_aff,2699,680,0.1041,924,25.8075,0.1405,3.2298,5.0,0.0656,0.6479,0.9538,0.9957,0.9997,1.0,0.0285,0.0603,0.0905,0.1161,0.1206
min_pair_count_5,cpm,aff,2699,680,0.1041,924,19.2785,0.3329,2.85,5.0,0.0975,0.7683,0.9761,0.998,1.0,1.0,0.0761,0.1497,0.2125,0.2527,0.257
min_pair_count_5,cpm,aff_r2,2699,680,0.1041,924,25.1006,0.4408,2.7108,5.0,0.1134,0.797,0.9812,0.9984,1.0,1.0,0.1219,0.2473,0.3382,0.3882,0.3929
min_pair_count_5,cpm,aff_r3,2699,680,0.1041,924,29.4365,0.491,2.6644,5.0,0.1177,0.8077,0.9837,0.9985,1.0,1.0,0.1452,0.2939,0.3963,0.4515,0.4569
min_pair_count_5,cpm,hash_bal,2699,680,0.1041,128,23.5479,0.3042,3.1992,5.0,0.067,0.7011,0.9658,0.9976,0.9999,1.0,0.185,0.3617,0.499,0.5984,0.6128
min_pair_count_5,cpm,bal,2699,680,0.1041,128,19.0475,0.15,2.881,5.0,0.0909,0.7826,0.9795,0.9984,1.0,1.0,0.1496,0.2859,0.3767,0.4263,0.4316
min_df_3,cpm,hash_base,9504,1832,0.2994,3663,26.1059,0.1195,3.2322,5.0,0.0656,0.6413,0.9516,0.9955,0.9997,1.0,0.0083,0.021,0.0376,0.0528,0.0555
min_df_3,cpm,base,9504,1832,0.2994,3663,24.6986,0.1959,3.0629,5.0,0.0717,0.6811,0.9583,0.9961,0.9998,1.0,0.0161,0.039,0.063,0.0808,0.0833
min_df_3,cpm,base_r2,9504,1832,0.2994,3663,37.6472,0.5089,2.8887,5.0,0.0878,0.7228,0.9665,0.997,0.9999,1.0,0.0697,0.1462,0.2045,0.2381,0.2419
min_df_3,cpm,base_r3,9504,1832,0.2994,3663,49.255,0.5881,2.8072,5.0,0.096,0.7407,0.9706,0.9975,0.9999,1.0,0.1002,0.207,0.2834,0.3244,0.3286
min_df_3,cpm,hash_aff,9504,1832,0.2994,1908,26.0167,0.1212,3.2306,5.0,0.0656,0.6428,0.9522,0.9954,0.9997,1.0,0.0143,0.0329,0.0533,0.0719,0.0751
min_df_3,cpm,aff,9504,1832,0.2994,1908,21.3874,0.3038,2.9334,5.0,0.0878,0.7314,0.9695,0.9974,0.9999,1.0,0.0373,0.0783,0.1196,0.1496,0.153
min_df_3,cpm,aff_r2,9504,1832,0.2994,1908,33.9421,0.5478,2.7495,5.0,0.1075,0.7744,0.9774,0.9982,0.9999,1.0,0.103,0.2056,0.2839,0.3307,0.3348
min_df_3,cpm,aff_r3,9504,1832,0.2994,1908,45.357,0.6184,2.665,5.0,0.118,0.7937,0.9815,0.9987,0.9999,1.0,0.1392,0.2756,0.3735,0.4275,0.4317
min_df_3,cpm,hash_bal,9504,1832,0.2994,136,23.6469,0.3158,3.1999,5.0,0.0675,0.6971,0.9656,0.9971,0.9999,1.0,0.1747,0.3437,0.4759,0.5726,0.5864
min_df_3,cpm,bal,9504,1832,0.2994,136,20.2544,0.15,2.9286,5.0,0.089,0.7641,0.9765,0.9981,1.0,1.0,0.1498,0.2864,0.3794,0.4329,0.439
min_df_5,cpm,hash_base,7743,1278,0.2782,2556,26.0547,0.1339,3.2308,5.0,0.0655,0.6421,0.9519,0.9953,0.9997,1.0,0.0113,0.0266,0.0448,0.0625,0.0659
min_df_5,cpm,base,7743,1278,0.2782,2556,24.6027,0.2007,3.0505,5.0,0.0732,0.6841,0.9589,0.9961,0.9998,1.0,0.0198,0.0468,0.0759,0.0968,0.0997
min_df_5,cpm,base_r2,7743,1278,0.2782,2556,36.939,0.4996,2.8475,5.0,0.0942,0.7337,0.9687,0.9973,0.9999,1.0,0.0882,0.1805,0.2502,0.2881,0.2921
min_df_5,cpm,base_r3,7743,1278,0.2782,2556,48.1132,0.5979,2.7602,5.0,0.1044,0.7545,0.9728,0.9977,0.9999,1.0,0.1262,0.2545,0.3419,0.3873,0.3919
min_df_5,cpm,hash_aff,7743,1278,0.2782,1352,25.9354,0.1426,3.2298,5.0,0.0656,0.645,0.9526,0.9955,0.9998,1.0,0.0202,0.0446,0.0686,0.0894,0.093
min_df_5,cpm,aff,7743,1278,0.2782,1352,21.0411,0.3146,2.9102,5.0,0.0916,0.74,0.9699,0.9974,0.9999,1.0,0.046,0.0942,0.1432,0.1766,0.1803
min_df_5,cpm,aff_r2,7743,1278,0.2782,1352,32.9357,0.5438,2.6987,5.0,0.1177,0.7874,0.9789,0.9983,0.9999,1.0,0.1282,0.2514,0.3391,0.3892,0.3933
min_df_5,cpm,aff_r3,7743,1278,0.2782,1352,43.8761,0.6303,2.6069,4.0,0.1313,0.8085,0.9828,0.9988,0.9999,1.0,0.1715,0.3354,0.4446,0.5019,0.5063
min_df_5,cpm,hash_bal,7743,1278,0.2782,135,23.6701,0.2918,3.1989,5.0,0.0673,0.6988,0.9651,0.9971,0.9999,1.0,0.1759,0.3447,0.4777,0.572,0.5853
min_df_5,cpm,bal,7743,1278,0.2782,135,20.1424,0.15,2.9242,5.0,0.0904,0.7647,0.9758,0.9982,1.0,1.0,0.1489,0.2851,0.3773,0.4314,0.4373
max_df_001,cpm,hash_base,9897,1614,0.2532,3228,26.0859,0.1191,3.2319,5.0,0.0655,0.6413,0.9515,0.9953,0.9997,1.0,0.0089,0.0227,0.0398,0.0556,0.0584
max_df_001,cpm,base,9897,1614,0.2532,3228,24.8501,0.1375,3.0753,5.0,0.0714,0.6775,0.9584,0.996,0.9998,1.0,0.0141,0.0336,0.054,0.0698,0.0721
max_df_001,cpm,base_r2,9897,1614,0.2532,3228,38.0218,0.4658,2.9516,5.0,0.078,0.7092,0.9648,0.9968,0.9999,1.0,0.0458,0.1048,0.1508,0.1793,0.1826
max_df_001,cpm,base_r3,9897,1614,0.2532,3228,49.7879,0.5395,2.8858,5.0,0.0819,0.7256,0.9686,0.9972,0.9999,1.0,0.0649,0.1474,0.2066,0.2403,0.244
max_df_001,cpm,hash_aff,9897,1614,0.2532,1682,25.9733,0.1306,3.2268,5.0,0.0655,0.6452,0.9525,0.9955,0.9997,1.0,0.0167,0.0373,0.0597,0.0789,0.0822
max_df_001,cpm,aff,9897,1614,0.2532,1682,21.6464,0.319,2.9519,5.0,0.0865,0.7262,0.9689,0.9973,0.9999,1.0,0.0324,0.0704,0.1078,0.1358,0.139
max_df_001,cpm,aff_r2,9897,1614,0.2532,1682,34.4744,0.5343,2.8172,5.0,0.0962,0.7612,0.9757,0.9979,0.9999,1.0,0.075,0.1599,0.2281,0.2703,0.2743
max_df_001,cpm,aff_r3,9897,1614,0.2532,1682,46.0458,0.5941,2.7466,5.0,0.1013,0.7805,0.9797,0.9983,0.9999,1.0,0.0999,0.2131,0.2968,0.3442,0.3484
max_df_001,cpm,hash_bal,9897,1614,0.2532,136,23.6469,0.3158,3.1999,5.0,0.0675,0.6971,0.9656,0.9971,0.9999,1.0,0.1747,0.3437,0.4759,0.5726,0.5864
max_df_001,cpm,bal,9897,1614,0.2532,136,20.3132,0.15,2.9304,5.0,0.0894,0.7599,0.9762,0.9981,1.0,1.0,0.1489,0.2853,0.3778,0.4318,0.4383
max_df_0005,cpm,hash_base,9363,1464,0.1871,2928,26.0779,0.1225,3.2322,5.0,0.0655,0.6409,0.9514,0.9954,0.9997,1.0,0.0099,0.0241,0.0412,0.0571,0.06
max_df_0005,cpm,base,9363,1464,0.1871,2928,24.8338,0.1377,3.0816,5.0,0.0706,0.6771,0.9582,0.996,0.9998,1.0,0.0141,0.0339,0.0549,0.0707,0.0731
max_df_0005,cpm,base_r2,9363,1464,0.1871,2928,37.1312,0.3348,2.9747,5.0,0.0753,0.7035,0.9637,0.9966,0.9999,1.0,0.0409,0.0943,0.1351,0.1584,0.1614
max_df_0005,cpm,base_r3,9363,1464,0.1871,2928,47.8865,0.4136,2.924,5.0,0.0776,0.7159,0.967,0.9969,0.9999,1.0,0.0578,0.1325,0.1849,0.2132,0.2162
max_df_0005,cpm,hash_aff,9363,1464,0.1871,1537,25.9695,0.1304,3.2309,5.0,0.0655,0.6443,0.9528,0.9956,0.9997,1.0,0.0178,0.04,0.0637,0.084,0.0875
max_df_0005,cpm,aff,9363,1464,0.1871,1537,21.4552,0.333,2.9429,5.0,0.0871,0.7307,0.9701,0.9971,0.9998,1.0,0.0345,0.0747,0.116,0.147,0.1509
max_df_0005,cpm,aff_r2,9363,1464,0.1871,1537,33.3836,0.4892,2.8172,5.0,0.0955,0.7616,0.9758,0.9978,0.9999,1.0,0.0731,0.1555,0.2227,0.2633,0.2673
max_df_0005,cpm,aff_r3,9363,1464,0.1871,1537,43.9388,0.5482,2.7617,5.0,0.0998,0.7755,0.9793,0.9981,0.9999,1.0,0.0957,0.2044,0.2873,0.3338,0.3377
max_df_0005,cpm,hash_bal,9363,1464,0.1871,135,23.6701,0.2918,3.1989,5.0,0.0673,0.6988,0.9651,0.9971,0.9999,1.0,0.1759,0.3447,0.4777,0.572,0.5853
max_df_0005,cpm,bal,9363,1464,0.1871,135,20.1566,0.15,2.9234,5.0,0.089,0.7638,0.9771,0.9982,0.9999,1.0,0.149,0.2854,0.378,0.4312,0.4372
baseline,infomap,hash_base,10567,1119,0.3072,2238,26.0382,0.1192,3.2312,5.0,0.0655,0.6422,0.9521,0.9955,0.9997,1.0,0.0124,0.03,0.0501,0.0686,0.0719
baseline,infomap,base,10567,1119,0.3072,2238,24.0607,0.278,3.0049,5.0,0.0762,0.697,0.9621,0.9964,0.9998,1.0,0.0333,0.0713,0.1065,0.1302,0.1332
baseline,infomap,base_r2,10567,1119,0.3072,2238,35.4507,0.6007,2.8019,5.0,0.0967,0.7433,0.971,0.9976,0.9999,1.0,0.114,0.2324,0.3202,0.3665,0.3718
baseline,infomap,base_r3,10567,1119,0.3072,2238,45.8621,0.676,2.7049,5.0,0.1106,0.7615,0.9745,0.998,0.9999,1.0,0.1553,0.3011,0.3941,0.4409,0.4452
baseline,infomap,hash_aff,10567,1119,0.3072,1183,25.8926,0.1497,3.2304,5.0,0.0655,0.6451,0.953,0.9954,0.9997,1.0,0.0229,0.0496,0.0758,0.0984,0.1022
baseline,infomap,aff,10567,1119,0.3072,1183,20.5801,0.3626,2.8715,5.0,0.0935,0.7518,0.9738,0.9976,0.9999,1.0,0.0662,0.1309,0.1887,0.227,0.2309
baseline,infomap,aff_r2,10567,1119,0.3072,1183,31.5179,0.623,2.6573,5.0,0.12,0.7981,0.982,0.9985,0.9999,1.0,0.1604,0.3153,0.4258,0.486,0.4912
baseline,infomap,aff_r3,10567,1119,0.3072,1183,41.6725,0.7035,2.5572,4.0,0.1377,0.8179,0.9854,0.999,0.9999,1.0,0.2086,0.3959,0.5139,0.5746,0.5786
baseline,infomap,hash_bal,10567,1119,0.3072,134,23.6437,0.2831,3.2014,5.0,0.0666,0.6982,0.9654,0.9975,0.9999,1.0,0.1776,0.3494,0.4864,0.5855,0.5994
baseline,infomap,bal,10567,1119,0.3072,134,20.0624,0.15,2.905,5.0,0.0899,0.7699,0.9776,0.9984,1.0,1.0,0.1494,0.2857,0.3766,0.4292,0.4349
vote_raw,infomap,hash_base,10567,1119,0.3072,2238,26.0382,0.1192,3.2312,5.0,0.0655,0.6422,0.9521,0.9955,0.9997,1.0,0.0124,0.03,0.0501,0.0686,0.0719
vote_raw,infomap,base,10567,1119,0.3072,2238,24.0607,0.278,3.0049,5.0,0.0762,0.697,0.9621,0.9964,0.9998,1.0,0.0333,0.0713,0.1065,0.1302,0.1332
vote_raw,infomap,base_r2,10567,1119,0.3072,2238,35.4507,0.6007,2.8019,5.0,0.0967,0.7433,0.971,0.9976,0.9999,1.0,0.114,0.2324,0.3202,0.3665,0.3718
vote_raw,infomap,base_r3,10567,1119,0.3072,2238,45.8621,0.676,2.7049,5.0,0.1106,0.7615,0.9745,0.998,0.9999,1.0,0.1553,0.3011,0.3941,0.4409,0.4452
vote_raw,infomap,hash_aff,10567,1119,0.3072,1183,25.8926,0.1497,3.2304,5.0,0.0655,0.6451,0.953,0.9954,0.9997,1.0,0.0229,0.0496,0.0758,0.0984,0.1022
vote_raw,infomap,aff,10567,1119,0.3072,1183,18.4893,0.8561,2.8523,5.0,0.1027,0.7999,0.9815,0.9989,1.0,1.0,0.2043,0.3519,0.486,0.5721,0.5805
vote_raw,infomap,aff_r2,10567,1119,0.3072,1183,29.0201,0.8943,2.601,4.0,0.1377,0.8503,0.9891,0.9995,1.0,1.0,0.3227,0.576,0.7617,0.8536,0.8601
vote_raw,infomap,aff_r3,10567,1119,0.3072,1183,39.1369,0.9178,2.4847,4.0,0.162,0.8697,0.9919,0.9997,1.0,1.0,0.3732,0.6629,0.8481,0.931,0.9358
vote_raw,infomap,hash_bal,10567,1119,0.3072,138,23.7083,0.2801,3.2048,5.0,0.067,0.6957,0.9646,0.9969,0.9998,1.0,0.1726,0.3397,0.4694,0.563,0.5764
vote_raw,infomap,bal,10567,1119,0.3072,138,20.5832,0.15,2.9514,5.0,0.086,0.7658,0.9754,0.9981,0.9999,1.0,0.1492,0.2862,0.3806,0.4355,0.4418
cover_strength,infomap,hash_base,10567,1119,0.3072,2238,26.0382,0.1192,3.2312,5.0,0.0655,0.6992,0.9368,0.9902,0.9999,1.0,0.0252,0.0435,0.0579,0.07,0.0719
cover_strength,infomap,base,10567,1119,0.3072,2238,24.0607,0.278,3.0049,5.0,0.0762,0.7406,0.9503,0.9929,0.9998,1.0,0.0627,0.0982,0.1196,0.1318,0.1332
cover_strength,infomap,base_r2,10567,1119,0.3072,2238,35.4507,0.6007,2.8017,5.0,0.0967,0.8059,0.9687,0.9958,0.9999,1.0,0.2131,0.3104,0.3526,0.3709,0.3721
cover_strength,infomap,base_r3,10567,1119,0.3072,2238,45.8621,0.676,2.7062,5.0,0.1106,0.8236,0.9734,0.9968,1.0,1.0,0.2605,0.3831,0.4295,0.4475,0.4485
cover_strength,infomap,hash_aff,10567,1119,0.3072,1183,25.8926,0.1497,3.2304,5.0,0.0655,0.6991,0.9374,0.9897,0.9998,1.0,0.035,0.0624,0.0834,0.0998,0.1022
cover_strength,infomap,aff,10567,1119,0.3072,1183,20.5801,0.3626,2.8715,5.0,0.0935,0.7512,0.956,0.9939,0.9998,1.0,0.0915,0.1535,0.1985,0.2276,0.2309
cover_strength,infomap,aff_r2,10567,1119,0.3072,1183,31.5179,0.623,2.6893,5.0,0.1141,0.8133,0.9724,0.9964,1.0,1.0,0.2463,0.3829,0.4578,0.4964,0.4993
cover_strength,infomap,aff_r3,10567,1119,0.3072,1183,41.6725,0.7035,2.601,4.0,0.1292,0.8298,0.9768,0.9971,1.0,1.0,0.2932,0.4634,0.5503,0.591,0.5937
cover_strength,infomap,hash_bal,10567,1119,0.3072,134,23.6437,0.2831,3.2014,5.0,0.0666,0.7474,0.9539,0.9938,0.9998,1.0,0.1931,0.3644,0.4943,0.5869,0.5994
cover_strength,infomap,bal,10567,1119,0.3072,134,20.0624,0.15,2.905,5.0,0.0899,0.7673,0.9611,0.9954,0.9999,1.0,0.1498,0.286,0.3767,0.4293,0.4349
no_frame_stops,infomap,hash_base,11870,1130,0.5122,2260,26.0387,0.142,3.2317,5.0,0.0655,0.6423,0.9519,0.9953,0.9997,1.0,0.0125,0.0292,0.0482,0.0658,0.0688
no_frame_stops,infomap,base,11870,1130,0.5122,2260,23.8969,0.2365,2.9534,5.0,0.0804,0.708,0.9656,0.9969,0.9998,1.0,0.0392,0.0843,0.1281,0.1583,0.1619
no_frame_stops,infomap,base_r2,11870,1130,0.5122,2260,36.3609,0.598,2.6837,4.0,0.1065,0.7638,0.9761,0.9979,0.9999,1.0,0.1388,0.289,0.4086,0.4714,0.477
no_frame_stops,infomap,base_r3,11870,1130,0.5122,2260,47.7004,0.7133,2.5475,4.0,0.1257,0.7876,0.9811,0.9987,0.9999,1.0,0.1914,0.367,0.4794,0.5299,0.5345
no_frame_stops,infomap,hash_aff,11870,1130,0.5122,1180,25.8838,0.1375,3.229,5.0,0.0655,0.6453,0.9527,0.9954,0.9997,1.0,0.0228,0.0494,0.0767,0.0994,0.1031
no_frame_stops,infomap,aff,11870,1130,0.5122,1180,20.7415,0.3455,2.8623,5.0,0.0967,0.7586,0.9743,0.9978,0.9999,1.0,0.0687,0.1311,0.1849,0.2217,0.2255
no_frame_stops,infomap,aff_r2,11870,1130,0.5122,1180,32.7868,0.6472,2.5867,4.0,0.132,0.8144,0.9841,0.9986,0.9999,1.0,0.1807,0.356,0.4793,0.5422,0.5471
no_frame_stops,infomap,aff_r3,11870,1130,0.5122,1180,43.9185,0.7469,2.4525,4.0,0.1539,0.8376,0.9881,0.9991,0.9999,1.0,0.2378,0.4384,0.5526,0.602,0.606
no_frame_stops,infomap,hash_bal,11870,1130,0.5122,135,23.6701,0.2918,3.1989,5.0,0.0673,0.6988,0.9651,0.9971,0.9999,1.0,0.1759,0.3447,0.4777,0.572,0.5853
no_frame_stops,infomap,bal,11870,1130,0.5122,135,20.1955,0.15,2.9084,5.0,0.0898,0.7752,0.9773,0.9981,0.9999,1.0,0.1493,0.2856,0.3773,0.4297,0.4354
edge_weight_llr,infomap,hash_base,10567,1184,0.3072,2368,26.0571,0.1178,3.2319,5.0,0.0655,0.6422,0.9517,0.9954,0.9997,1.0,0.0118,0.0281,0.0468,0.0635,0.0665
edge_weight_llr,infomap,base,10567,1184,0.3072,2368,23.584,0.2659,2.9304,5.0,0.084,0.7156,0.9649,0.9967,0.9998,1.0,0.0407,0.086,0.1247,0.1505,0.1538
edge_weight_llr,infomap,base_r2,10567,1184,0.3072,2368,35.022,0.5485,2.7415,5.0,0.109,0.7573,0.9735,0.9977,0.9999,1.0,0.1252,0.254,0.3355,0.3777,0.3826
edge_weight_llr,infomap,base_r3,10567,1184,0.3072,2368,45.0316,0.6517,2.6445,4.0,0.1244,0.7751,0.9771,0.9983,0.9999,1.0,0.1772,0.3474,0.4487,0.4946,0.499
edge_weight_llr,infomap,hash_aff,10567,1184,0.3072,1249,25.9085,0.1331,3.2294,5.0,0.0655,0.6456,0.9525,0.9954,0.9997,1.0,0.0218,0.0474,0.0727,0.0944,0.0981
edge_weight_llr,infomap,aff,10567,1184,0.3072,1249,19.7878,0.4305,2.7932,5.0,0.1128,0.7725,0.9767,0.9977,0.9999,1.0,0.0799,0.151,0.2111,0.2526,0.2569
edge_weight_llr,infomap,aff_r2,10567,1184,0.3072,1249,30.7571,0.595,2.5885,4.0,0.1448,0.8147,0.9845,0.9986,0.9999,1.0,0.177,0.3392,0.4457,0.501,0.5057
edge_weight_llr,infomap,aff_r3,10567,1184,0.3072,1249,40.5057,0.697,2.4858,4.0,0.1625,0.8339,0.9876,0.9991,0.9999,1.0,0.2339,0.4423,0.5696,0.6268,0.6311
edge_weight_llr,infomap,hash_bal,10567,1184,0.3072,133,23.6588,0.3234,3.2006,5.0,0.067,0.6972,0.9649,0.9968,0.9998,1.0,0.1781,0.3467,0.4783,0.5744,0.588
edge_weight_llr,infomap,bal,10567,1184,0.3072,133,19.8151,0.15,2.8646,5.0,0.095,0.7801,0.9787,0.9983,0.9999,1.0,0.1497,0.2854,0.374,0.4242,0.4293
edge_weight_chi2,infomap,hash_base,10567,1951,0.3072,3902,26.1085,0.1183,3.2321,5.0,0.0655,0.6408,0.9513,0.9953,0.9997,1.0,0.0077,0.0206,0.0367,0.0523,0.0551
edge_weight_chi2,infomap,base,10567,1951,0.3072,3902,24.6602,0.2123,3.0466,5.0,0.0698,0.6876,0.9605,0.9963,0.9998,1.0,0.0156,0.037,0.0617,0.0802,0.0827
edge_weight_chi2,infomap,base_r2,10567,1951,0.3072,3902,38.5361,0.3157,2.9156,5.0,0.0809,0.7164,0.9647,0.9966,0.9998,1.0,0.0355,0.0732,0.1046,0.1243,0.1269
edge_weight_chi2,infomap,base_r3,10567,1951,0.3072,3902,50.8408,0.4001,2.8416,5.0,0.0893,0.7343,0.9683,0.9971,0.9999,1.0,0.0511,0.099,0.1322,0.1511,0.1535
edge_weight_chi2,infomap,hash_aff,10567,1951,0.3072,2018,26.0182,0.1212,3.2314,5.0,0.0656,0.6422,0.9515,0.9954,0.9997,1.0,0.0137,0.0313,0.0506,0.0684,0.0716
edge_weight_chi2,infomap,aff,10567,1951,0.3072,2018,21.4627,0.3188,2.923,5.0,0.0844,0.7354,0.971,0.9973,0.9999,1.0,0.0316,0.0694,0.1105,0.1414,0.1448
edge_weight_chi2,infomap,aff_r2,10567,1951,0.3072,2018,35.0845,0.3738,2.7886,5.0,0.0991,0.7645,0.9755,0.9977,0.9999,1.0,0.0582,0.1169,0.1663,0.1986,0.2017
edge_weight_chi2,infomap,aff_r3,10567,1951,0.3072,2018,47.232,0.4487,2.7115,5.0,0.11,0.7827,0.9787,0.998,0.9999,1.0,0.0788,0.1493,0.2008,0.2318,0.2347
edge_weight_chi2,infomap,hash_bal,10567,1951,0.3072,136,23.6469,0.3158,3.1999,5.0,0.0675,0.6971,0.9656,0.9971,0.9999,1.0,0.1747,0.3437,0.4759,0.5726,0.5864
edge_weight_chi2,infomap,bal,10567,1951,0.3072,136,20.3137,0.15,2.9202,5.0,0.086,0.7665,0.9772,0.9982,0.9999,1.0,0.149,0.2858,0.3775,0.4311,0.4367
min_npmi_01,infomap,hash_base,10566,1122,0.3069,2244,26.045,0.1297,3.2319,5.0,0.0656,0.6418,0.952,0.9954,0.9997,1.0,0.0124,0.0291,0.0478,0.0651,0.0682
min_npmi_01,infomap,base,10566,1122,0.3069,2244,24.1769,0.2644,3.0131,5.0,0.0762,0.6948,0.962,0.9965,0.9999,1.0,0.0306,0.0645,0.0977,0.1196,0.1225
min_npmi_01,infomap,base_r2,10566,1122,0.3069,2244,36.0122,0.5536,2.8333,5.0,0.095,0.7343,0.9696,0.9974,0.9999,1.0,0.0963,0.1958,0.2692,0.3091,0.3132
min_npmi_01,infomap,base_r3,10566,1122,0.3069,2244,46.6957,0.6491,2.7356,5.0,0.1065,0.7552,0.9739,0.9978,0.9999,1.0,0.1324,0.2522,0.3301,0.3707,0.3748
min_npmi_01,infomap,hash_aff,10566,1122,0.3069,1192,25.8969,0.1448,3.2281,5.0,0.0656,0.6454,0.9526,0.9956,0.9997,1.0,0.0223,0.0481,0.0739,0.0955,0.0991
min_npmi_01,infomap,aff,10566,1122,0.3069,1192,20.7753,0.3467,2.8887,5.0,0.0926,0.7479,0.9734,0.9976,0.9999,1.0,0.06,0.1165,0.1684,0.2032,0.207
min_npmi_01,infomap,aff_r2,10566,1122,0.3069,1192,32.1789,0.5932,2.6982,5.0,0.1157,0.7878,0.9806,0.9985,0.9999,1.0,0.139,0.2695,0.3635,0.4163,0.4204
min_npmi_01,infomap,aff_r3,10566,1122,0.3069,1192,42.6304,0.6773,2.5971,4.0,0.1305,0.8099,0.9846,0.9988,0.9999,1.0,0.182,0.3376,0.4377,0.4907,0.4944
min_npmi_01,infomap,hash_bal,10566,1122,0.3069,134,23.6437,0.2831,3.2014,5.0,0.0666,0.6982,0.9654,0.9975,0.9999,1.0,0.1776,0.3494,0.4864,0.5855,0.5994
min_npmi_01,infomap,bal,10566,1122,0.3069,134,20.0594,0.15,2.9112,5.0,0.0904,0.7669,0.977,0.9982,1.0,1.0,0.1493,0.2855,0.3774,0.43,0.4357
min_npmi_02,infomap,hash_base,10538,1108,0.3061,2216,26.0344,0.1456,3.2304,5.0,0.0656,0.6421,0.9518,0.9954,0.9997,1.0,0.0128,0.0295,0.0486,0.0662,0.0693
min_npmi_02,infomap,base,10538,1108,0.3061,2216,24.1824,0.2363,3.0092,5.0,0.0758,0.6966,0.9615,0.9965,0.9998,1.0,0.0306,0.0657,0.0985,0.1211,0.1241
min_npmi_02,infomap,base_r2,10538,1108,0.3061,2216,36.3544,0.4869,2.8492,5.0,0.0893,0.7339,0.9695,0.9975,0.9999,1.0,0.0855,0.1694,0.2289,0.2639,0.2677
min_npmi_02,infomap,base_r3,10538,1108,0.3061,2216,47.0963,0.5686,2.7637,5.0,0.1003,0.7504,0.9726,0.9977,0.9999,1.0,0.115,0.2252,0.2962,0.334,0.338
min_npmi_02,infomap,hash_aff,10538,1108,0.3061,1178,25.8826,0.1714,3.2299,5.0,0.0655,0.6454,0.953,0.9955,0.9997,1.0,0.0228,0.0492,0.0757,0.0991,0.103
min_npmi_02,infomap,aff,10538,1108,0.3061,1178,20.7172,0.3335,2.8753,5.0,0.0931,0.7511,0.9737,0.9977,0.9999,1.0,0.0618,0.1217,0.1738,0.2087,0.2122
min_npmi_02,infomap,aff_r2,10538,1108,0.3061,1178,32.4866,0.5363,2.707,5.0,0.1109,0.7906,0.981,0.9985,1.0,1.0,0.1301,0.2454,0.3255,0.3722,0.3762
min_npmi_02,infomap,aff_r3,10538,1108,0.3061,1178,42.9969,0.6077,2.6168,4.0,0.1247,0.8088,0.9843,0.9988,1.0,1.0,0.167,0.3135,0.4065,0.4557,0.4594
min_npmi_02,infomap,hash_bal,10538,1108,0.3061,134,23.6437,0.2831,3.2014,5.0,0.0666,0.6982,0.9654,0.9975,0.9999,1.0,0.1776,0.3494,0.4864,0.5855,0.5994
min_npmi_02,infomap,bal,10538,1108,0.3061,134,20.084,0.15,2.9061,5.0,0.0888,0.7689,0.9769,0.9982,1.0,1.0,0.1497,0.2863,0.3776,0.4299,0.4355
min_npmi_03,infomap,hash_base,10201,1138,0.2953,2276,26.0442,0.126,3.2314,5.0,0.0656,0.643,0.9517,0.9954,0.9997,1.0,0.0126,0.0294,0.0487,0.0661,0.0692
min_npmi_03,infomap,base,10201,1138,0.2953,2276,24.4494,0.1907,3.0374,5.0,0.0727,0.6897,0.9604,0.9962,0.9998,1.0,0.0213,0.0479,0.074,0.0929,0.0958
min_npmi_03,infomap,base_r2,10201,1138,0.2953,2276,37.1328,0.3204,2.9037,5.0,0.0812,0.7207,0.9665,0.9969,0.9999,1.0,0.048,0.1025,0.1457,0.1709,0.1741
min_npmi_03,infomap,base_r3,10201,1138,0.2953,2276,48.0752,0.458,2.8349,5.0,0.0852,0.7351,0.9697,0.9973,0.9999,1.0,0.0664,0.1357,0.186,0.2138,0.2169
min_npmi_03,infomap,hash_aff,10201,1138,0.2953,1205,25.8958,0.1485,3.2311,5.0,0.0655,0.646,0.9525,0.9954,0.9997,1.0,0.0225,0.0495,0.0756,0.0977,0.1014
min_npmi_03,infomap,aff,10201,1138,0.2953,1205,21.1435,0.2789,2.915,5.0,0.0886,0.7399,0.9719,0.9974,0.9999,1.0,0.0443,0.0898,0.1316,0.1617,0.1654
min_npmi_03,infomap,aff_r2,10201,1138,0.2953,1205,33.4827,0.4195,2.7742,5.0,0.0996,0.7739,0.9776,0.998,0.9999,1.0,0.0817,0.1603,0.2208,0.2562,0.2599
min_npmi_03,infomap,aff_r3,10201,1138,0.2953,1205,44.211,0.5325,2.7021,5.0,0.106,0.7898,0.9807,0.9984,0.9999,1.0,0.1068,0.2039,0.2727,0.3113,0.3148
min_npmi_03,infomap,hash_bal,10201,1138,0.2953,135,23.6701,0.2918,3.1989,5.0,0.0673,0.6988,0.9651,0.9971,0.9999,1.0,0.1759,0.3447,0.4777,0.572,0.5853
min_npmi_03,infomap,bal,10201,1138,0.2953,135,20.1285,0.15,2.9196,5.0,0.087,0.7664,0.9773,0.9982,0.9999,1.0,0.1491,0.2859,0.378,0.4312,0.4369
min_pair_count_1,infomap,hash_base,21785,1134,0.4449,2268,26.042,0.1263,3.2312,5.0,0.0655,0.642,0.9519,0.9954,0.9997,1.0,0.0122,0.0285,0.0476,0.0649,0.068
min_pair_count_1,infomap,base,21785,1134,0.4449,2268,19.0249,0.9333,2.6519,5.0,0.1536,0.7658,0.9746,0.998,1.0,1.0,0.2699,0.4157,0.5083,0.5599,0.5652
min_pair_count_1,infomap,base_r2,21785,1134,0.4449,2268,24.7163,0.9996,2.0148,4.0,0.3108,0.8682,0.9925,0.9999,1.0,1.0,0.652,0.9501,1.0373,1.053,1.0534
min_pair_count_1,infomap,base_r3,21785,1134,0.4449,2268,33.8836,0.9999,1.84,3.0,0.3814,0.8847,0.9942,1.0,1.0,1.0,0.7167,0.9409,0.9894,0.9968,0.9968
min_pair_count_1,infomap,hash_aff,21785,1134,0.4449,1138,25.8859,0.1394,3.2288,5.0,0.0658,0.6472,0.9531,0.9956,0.9997,1.0,0.024,0.0511,0.078,0.1004,0.1043
min_pair_count_1,infomap,aff,21785,1134,0.4449,1138,15.6912,0.9436,2.4787,4.0,0.1986,0.8198,0.9837,0.9984,1.0,1.0,0.3367,0.5056,0.6204,0.6852,0.6912
min_pair_count_1,infomap,aff_r2,21785,1134,0.4449,1138,21.1273,0.9996,1.8193,3.0,0.3972,0.9086,0.9972,0.9999,1.0,1.0,0.6928,1.0148,1.1103,1.1233,1.1237
min_pair_count_1,infomap,aff_r3,21785,1134,0.4449,1138,30.1383,0.9999,1.6489,3.0,0.4822,0.9223,0.9981,1.0,1.0,1.0,0.7555,1.0217,1.0786,1.0838,1.0839
min_pair_count_1,infomap,hash_bal,21785,1134,0.4449,141,23.7848,0.2847,3.2058,5.0,0.067,0.6948,0.965,0.9972,0.9999,1.0,0.1689,0.3301,0.4573,0.5485,0.5612
min_pair_count_1,infomap,bal,21785,1134,0.4449,141,21.0537,0.15,2.981,5.0,0.0845,0.7504,0.9756,0.9978,0.9999,1.0,0.149,0.2862,0.3807,0.439,0.446
min_pair_count_3,infomap,hash_base,5621,720,0.205,1440,25.9489,0.1316,3.2299,5.0,0.0656,0.6443,0.9525,0.9955,0.9997,1.0,0.0189,0.041,0.064,0.0844,0.088
min_pair_count_3,infomap,base,5621,720,0.205,1440,24.2126,0.2364,3.0263,5.0,0.0727,0.6936,0.9613,0.9961,0.9998,1.0,0.0312,0.0687,0.1045,0.1292,0.1325
min_pair_count_3,infomap,base_r2,5621,720,0.205,1440,33.1763,0.3795,2.8692,5.0,0.0827,0.731,0.9678,0.997,0.9999,1.0,0.0676,0.1416,0.1983,0.231,0.2346
min_pair_count_3,infomap,base_r3,5621,720,0.205,1440,40.6836,0.485,2.7985,5.0,0.088,0.7445,0.9705,0.9973,0.9999,1.0,0.0912,0.1806,0.2432,0.2762,0.2802
min_pair_count_3,infomap,hash_aff,5621,720,0.205,836,25.7633,0.1613,3.2271,5.0,0.066,0.6486,0.9534,0.9957,0.9998,1.0,0.0319,0.0674,0.1005,0.1277,0.1322
min_pair_count_3,infomap,aff,5621,720,0.205,836,19.5747,0.3602,2.8575,5.0,0.095,0.7656,0.975,0.9978,0.9999,1.0,0.0797,0.1583,0.2227,0.265,0.2695
min_pair_count_3,infomap,aff_r2,5621,720,0.205,836,27.9856,0.4762,2.6846,5.0,0.1146,0.8017,0.9813,0.9983,0.9999,1.0,0.1325,0.2599,0.3496,0.3976,0.4019
min_pair_count_3,infomap,aff_r3,5621,720,0.205,836,35.1749,0.52,2.6071,4.0,0.1246,0.8156,0.9839,0.9986,0.9999,1.0,0.1642,0.3117,0.4099,0.4581,0.4625
min_pair_count_3,infomap,hash_bal,5621,720,0.205,130,23.5528,0.3259,3.2032,5.0,0.0663,0.7011,0.9656,0.9971,0.9999,1.0,0.1814,0.3548,0.4899,0.5895,0.6035
min_pair_count_3,infomap,bal,5621,720,0.205,130,19.4446,0.15,2.8807,5.0,0.0942,0.7797,0.9785,0.9982,1.0,1.0,0.1495,0.2851,0.3753,0.4259,0.4313
min_pair_count_5,infomap,hash_base,2699,434,0.1041,868,25.7847,0.1934,3.229,5.0,0.0656,0.6476,0.9535,0.9956,0.9997,1.0,0.0308,0.0668,0.0994,0.1266,0.1309
min_pair_count_5,infomap,base,2699,434,0.1041,868,24.21,0.2548,3.0174,5.0,0.0717,0.7019,0.9633,0.9965,0.9998,1.0,0.0454,0.0938,0.1364,0.1671,0.1711
min_pair_count_5,infomap,base_r2,2699,434,0.1041,868,29.7595,0.3779,2.9042,5.0,0.0796,0.7268,0.9678,0.997,0.9999,1.0,0.078,0.157,0.2173,0.2551,0.2596
min_pair_count_5,infomap,base_r3,2699,434,0.1041,868,33.8763,0.4439,2.8539,5.0,0.0842,0.7369,0.9702,0.9972,0.9999,1.0,0.0996,0.1905,0.2579,0.2984,0.3036
min_pair_count_5,infomap,hash_aff,2699,434,0.1041,662,25.6549,0.2157,3.2265,5.0,0.0656,0.6515,0.9542,0.9957,0.9997,1.0,0.0392,0.0812,0.1191,0.1495,0.1546
min_pair_count_5,infomap,aff,2699,434,0.1041,662,18.0715,0.4123,2.777,5.0,0.1144,0.789,0.9798,0.9984,1.0,1.0,0.1184,0.2242,0.3051,0.3557,0.3604
min_pair_count_5,infomap,aff_r2,2699,434,0.1041,662,23.0086,0.5028,2.6511,5.0,0.1311,0.8129,0.9841,0.9989,1.0,1.0,0.1696,0.3182,0.4195,0.4728,0.4777
min_pair_count_5,infomap,aff_r3,2699,434,0.1041,662,26.7846,0.5491,2.5943,4.0,0.1398,0.8246,0.9864,0.999,1.0,1.0,0.2003,0.3674,0.4769,0.5316,0.5368
min_pair_count_5,infomap,hash_bal,2699,434,0.1041,128,23.5479,0.3042,3.1992,5.0,0.067,0.7011,0.9658,0.9976,0.9999,1.0,0.185,0.3617,0.499,0.5984,0.6128
min_pair_count_5,infomap,bal,2699,434,0.1041,128,19.1936,0.15,2.8948,5.0,0.0901,0.7803,0.9791,0.9982,1.0,1.0,0.1499,0.2864,0.3772,0.4287,0.4341
min_df_3,infomap,hash_base,9504,935,0.2994,1870,26.0121,0.1267,3.2312,5.0,0.0655,0.6423,0.9515,0.9954,0.9997,1.0,0.0148,0.0337,0.0543,0.0724,0.0756
min_df_3,infomap,base,9504,935,0.2994,1870,24.095,0.2816,3.0115,5.0,0.0758,0.6964,0.962,0.9966,0.9999,1.0,0.0335,0.0711,0.1065,0.1304,0.1335
min_df_3,infomap,base_r2,9504,935,0.2994,1870,35.7381,0.5708,2.8223,5.0,0.095,0.7388,0.9701,0.9976,0.9999,1.0,0.1076,0.2155,0.2918,0.3344,0.3389
min_df_3,infomap,base_r3,9504,935,0.2994,1870,46.1123,0.693,2.7256,5.0,0.1075,0.7577,0.9741,0.9981,0.9999,1.0,0.1465,0.2818,0.368,0.4121,0.4164
min_df_3,infomap,hash_aff,9504,935,0.2994,1011,25.8363,0.1407,3.2276,5.0,0.0655,0.6474,0.9534,0.9958,0.9999,1.0,0.0263,0.0556,0.0846,0.109,0.1131
min_df_3,infomap,aff,9504,935,0.2994,1011,20.5171,0.3684,2.8705,5.0,0.0935,0.7538,0.9738,0.9978,0.9999,1.0,0.0684,0.132,0.1872,0.2247,0.2288
min_df_3,infomap,aff_r2,9504,935,0.2994,1011,31.7127,0.6104,2.6673,5.0,0.1193,0.7966,0.9814,0.9987,0.9999,1.0,0.1571,0.3008,0.3984,0.4529,0.4579
min_df_3,infomap,aff_r3,9504,935,0.2994,1011,41.8198,0.7196,2.5672,4.0,0.1351,0.8166,0.9849,0.999,0.9999,1.0,0.2023,0.3787,0.4888,0.5464,0.551
min_df_3,infomap,hash_bal,9504,935,0.2994,134,23.6437,0.2831,3.2014,5.0,0.0666,0.6982,0.9654,0.9975,0.9999,1.0,0.1776,0.3494,0.4864,0.5855,0.5994
min_df_3,infomap,bal,9504,935,0.2994,134,20.0309,0.15,2.9087,5.0,0.0901,0.7699,0.9779,0.9984,1.0,1.0,0.1492,0.2854,0.3763,0.4295,0.4352
min_df_5,infomap,hash_base,7743,646,0.2782,1292,25.9234,0.1298,3.2311,5.0,0.0656,0.6446,0.9524,0.9955,0.9997,1.0,0.021,0.046,0.0711,0.0927,0.0964
min_df_5,infomap,base,7743,646,0.2782,1292,23.6344,0.3018,2.9647,5.0,0.0812,0.7097,0.9641,0.9969,0.9999,1.0,0.0522,0.1047,0.1499,0.1785,0.1819
min_df_5,infomap,base_r2,7743,646,0.2782,1292,34.0679,0.6102,2.7422,5.0,0.1111,0.7617,0.9744,0.998,0.9999,1.0,0.1654,0.3248,0.4296,0.4854,0.4909
min_df_5,infomap,base_r3,7743,646,0.2782,1292,43.6433,0.7119,2.6435,4.0,0.1237,0.7792,0.9782,0.9984,0.9999,1.0,0.2197,0.4211,0.5389,0.595,0.6005
min_df_5,infomap,hash_aff,7743,646,0.2782,721,25.699,0.1466,3.2275,5.0,0.0655,0.6501,0.9536,0.9957,0.9997,1.0,0.0369,0.0768,0.1135,0.1427,0.1473
min_df_5,infomap,aff,7743,646,0.2782,721,19.3858,0.4737,2.7912,5.0,0.1144,0.7782,0.9778,0.9981,0.9999,1.0,0.1119,0.2006,0.2696,0.3131,0.3174
min_df_5,infomap,aff_r2,7743,646,0.2782,721,29.2264,0.6885,2.5501,4.0,0.1577,0.8288,0.987,0.999,0.9999,1.0,0.2416,0.4475,0.5791,0.6476,0.6532
min_df_5,infomap,aff_r3,7743,646,0.2782,721,38.5249,0.7632,2.4438,4.0,0.1746,0.8477,0.9902,0.9993,0.9999,1.0,0.3036,0.5572,0.6987,0.7643,0.7693
min_df_5,infomap,hash_bal,7743,646,0.2782,134,23.6437,0.2831,3.2014,5.0,0.0666,0.6982,0.9654,0.9975,0.9999,1.0,0.1776,0.3494,0.4864,0.5855,0.5994
min_df_5,infomap,bal,7743,646,0.2782,134,19.9548,0.15,2.913,5.0,0.0888,0.7715,0.9777,0.9985,0.9999,1.0,0.1496,0.286,0.3774,0.4305,0.4362
max_df_001,infomap,hash_base,9897,1131,0.2532,2262,26.0434,0.1228,3.2322,5.0,0.0655,0.6422,0.9516,0.9954,0.9997,1.0,0.0124,0.0296,0.0489,0.0663,0.0694
max_df_001,infomap,base,9897,1131,0.2532,2262,24.2658,0.2266,3.0272,5.0,0.0742,0.6899,0.9612,0.9964,0.9998,1.0,0.0274,0.0601,0.0904,0.1116,0.1146
max_df_001,infomap,base_r2,9897,1131,0.2532,2262,35.9267,0.5843,2.8666,5.0,0.0857,0.7273,0.9688,0.9974,0.9999,1.0,0.0878,0.1849,0.2571,0.2988,0.3033
max_df_001,infomap,base_r3,9897,1131,0.2532,2262,46.6563,0.6436,2.7898,5.0,0.094,0.7446,0.9722,0.9977,0.9999,1.0,0.117,0.2373,0.3189,0.3617,0.3657
max_df_001,infomap,hash_aff,9897,1131,0.2532,1202,25.8989,0.1336,3.229,5.0,0.0655,0.6453,0.9524,0.9955,0.9997,1.0,0.0224,0.0486,0.0745,0.0973,0.1013
max_df_001,infomap,aff,9897,1131,0.2532,1202,20.793,0.3171,2.8918,5.0,0.0922,0.7445,0.9729,0.9976,0.9999,1.0,0.0573,0.1155,0.1699,0.2068,0.2107
max_df_001,infomap,aff_r2,9897,1131,0.2532,1202,32.0034,0.6085,2.7107,5.0,0.1116,0.7865,0.9804,0.9984,0.9999,1.0,0.133,0.2647,0.3653,0.4219,0.4267
max_df_001,infomap,aff_r3,9897,1131,0.2532,1202,42.4994,0.6637,2.6247,4.0,0.1244,0.8048,0.984,0.9988,0.9999,1.0,0.1691,0.329,0.4406,0.4975,0.5014
max_df_001,infomap,hash_bal,9897,1131,0.2532,134,23.6437,0.2831,3.2014,5.0,0.0666,0.6982,0.9654,0.9975,0.9999,1.0,0.1776,0.3494,0.4864,0.5855,0.5994
max_df_001,infomap,bal,9897,1131,0.2532,134,20.0285,0.15,2.9127,5.0,0.0888,0.7661,0.9768,0.9982,0.9999,1.0,0.1492,0.2856,0.3774,0.4301,0.4358
max_df_0005,infomap,hash_base,9363,1124,0.1871,2248,26.0328,0.1375,3.2312,5.0,0.0656,0.6421,0.9515,0.9953,0.9997,1.0,0.0125,0.0297,0.0489,0.0668,0.0699
max_df_0005,infomap,base,9363,1124,0.1871,2248,24.4666,0.1597,3.0547,5.0,0.0722,0.6856,0.9593,0.9964,0.9998,1.0,0.0222,0.0507,0.077,0.0956,0.0982
max_df_0005,infomap,base_r2,9363,1124,0.1871,2248,36.0136,0.3528,2.9417,5.0,0.0776,0.7128,0.9654,0.997,0.9999,1.0,0.0529,0.1144,0.1585,0.1843,0.1872
max_df_0005,infomap,base_r3,9363,1124,0.1871,2248,46.0158,0.4193,2.8889,5.0,0.0816,0.7253,0.9685,0.9973,0.9998,1.0,0.0705,0.1475,0.1987,0.2262,0.2293
max_df_0005,infomap,hash_aff,9363,1124,0.1871,1197,25.9038,0.1269,3.2314,5.0,0.0655,0.6454,0.9522,0.9953,0.9997,1.0,0.0225,0.0483,0.0744,0.0966,0.1003
max_df_0005,infomap,aff,9363,1124,0.1871,1197,20.8683,0.3485,2.9101,5.0,0.0898,0.7425,0.9724,0.9978,0.9999,1.0,0.0518,0.108,0.1595,0.1958,0.1996
max_df_0005,infomap,aff_r2,9363,1124,0.1871,1197,31.9569,0.5109,2.7791,5.0,0.099,0.774,0.9785,0.9983,0.9999,1.0,0.0958,0.1956,0.2731,0.3197,0.3232
max_df_0005,infomap,aff_r3,9363,1124,0.1871,1197,41.7116,0.5571,2.7203,5.0,0.1045,0.7882,0.9812,0.9986,0.9999,1.0,0.1209,0.2431,0.3319,0.3814,0.3849
max_df_0005,infomap,hash_bal,9363,1124,0.1871,133,23.6588,0.3234,3.2006,5.0,0.067,0.6972,0.9649,0.9968,0.9998,1.0,0.1781,0.3467,0.4783,0.5744,0.588
max_df_0005,infomap,bal,9363,1124,0.1871,133,19.9178,0.15,2.9107,5.0,0.0903,0.7677,0.9773,0.9986,1.0,1.0,0.1495,0.2857,0.3775,0.4301,0.4359
baseline,metis,hash_base,10567,335,0.3072,676,25.669,0.1528,3.2257,5.0,0.0658,0.6516,0.9549,0.9958,0.9998,1.0,0.0391,0.0799,0.1162,0.1453,0.1498
baseline,metis,base,10567,335,0.3072,676,25.1284,0.1855,3.1858,5.0,0.0665,0.6604,0.9559,0.9959,0.9997,1.0,0.0392,0.0887,0.1307,0.1626,0.1676
baseline,metis,base_r2,10567,335,0.3072,676,39.3829,0.2424,3.0295,5.0,0.0727,0.7004,0.9634,0.9968,0.9999,1.0,0.0668,0.1484,0.2088,0.2455,0.2506
baseline,metis,base_r3,10567,335,0.3072,676,51.4164,0.3538,2.9197,5.0,0.0778,0.726,0.9689,0.9974,1.0,1.0,0.0937,0.2072,0.2842,0.3252,0.3301
baseline,metis,hash_aff,10567,335,0.3072,397,25.2917,0.1529,3.2219,5.0,0.0663,0.6587,0.9564,0.9961,0.9998,1.0,0.0642,0.1293,0.186,0.23,0.2367
baseline,metis,aff,10567,335,0.3072,397,21.857,0.2553,3.0824,5.0,0.0791,0.7128,0.9672,0.9972,0.9998,1.0,0.068,0.1395,0.1997,0.2462,0.2528
baseline,metis,aff_r2,10567,335,0.3072,397,35.7575,0.3102,2.9171,5.0,0.0871,0.7581,0.9751,0.998,0.9999,1.0,0.1135,0.2244,0.3054,0.3553,0.3615
baseline,metis,aff_r3,10567,335,0.3072,397,47.506,0.3596,2.8034,5.0,0.0934,0.7871,0.9804,0.9985,1.0,1.0,0.1537,0.3034,0.4045,0.4589,0.4641
baseline,metis,hash_bal,10567,335,0.3072,140,23.7697,0.2628,3.2011,5.0,0.0668,0.6982,0.9651,0.9971,0.9998,1.0,0.1704,0.3338,0.4616,0.5548,0.5677
baseline,metis,bal,10567,335,0.3072,140,20.9114,0.15,3.0538,5.0,0.0811,0.7431,0.9732,0.9978,0.9998,1.0,0.1493,0.2865,0.3838,0.4484,0.4561
vote_raw,metis,hash_base,10567,335,0.3072,676,25.669,0.1528,3.2257,5.0,0.0658,0.6516,0.9549,0.9958,0.9998,1.0,0.0391,0.0799,0.1162,0.1453,0.1498
vote_raw,metis,base,10567,335,0.3072,676,25.1284,0.1855,3.1858,5.0,0.0665,0.6604,0.9559,0.9959,0.9997,1.0,0.0392,0.0887,0.1307,0.1626,0.1676
vote_raw,metis,base_r2,10567,335,0.3072,676,39.3829,0.2424,3.0295,5.0,0.0727,0.7004,0.9634,0.9968,0.9999,1.0,0.0668,0.1484,0.2088,0.2455,0.2506
vote_raw,metis,base_r3,10567,335,0.3072,676,51.4164,0.3538,2.9197,5.0,0.0778,0.726,0.9689,0.9974,1.0,1.0,0.0937,0.2072,0.2842,0.3252,0.3301
vote_raw,metis,hash_aff,10567,335,0.3072,397,25.2917,0.1529,3.2219,5.0,0.0663,0.6587,0.9564,0.9961,0.9998,1.0,0.0642,0.1293,0.186,0.23,0.2367
vote_raw,metis,aff,10567,335,0.3072,397,20.8319,0.6558,3.095,5.0,0.0788,0.7253,0.97,0.9977,0.9999,1.0,0.1114,0.212,0.3046,0.3893,0.4026
vote_raw,metis,aff_r2,10567,335,0.3072,397,34.761,0.6758,2.9319,5.0,0.0865,0.7695,0.9778,0.9985,0.9999,1.0,0.1583,0.3048,0.4228,0.5054,0.516
vote_raw,metis,aff_r3,10567,335,0.3072,397,46.5144,0.6812,2.8155,5.0,0.0929,0.7991,0.9829,0.9989,1.0,1.0,0.2024,0.3921,0.5309,0.6128,0.621
vote_raw,metis,hash_bal,10567,335,0.3072,142,23.771,0.293,3.2042,5.0,0.0671,0.694,0.9648,0.9973,0.9999,1.0,0.1688,0.3303,0.4576,0.5522,0.5659
vote_raw,metis,bal,10567,335,0.3072,142,21.2196,0.15,3.086,5.0,0.0785,0.7344,0.9719,0.9978,0.9999,1.0,0.1494,0.2876,0.3868,0.4538,0.4622
cover_strength,metis,hash_base,10567,335,0.3072,676,25.669,0.1528,3.2257,5.0,0.0658,0.7029,0.9365,0.9895,0.9997,1.0,0.051,0.0925,0.1235,0.1465,0.1498
cover_strength,metis,base,10567,335,0.3072,676,25.1284,0.1855,3.1858,5.0,0.0665,0.7141,0.944,0.9911,0.9998,1.0,0.0584,0.1074,0.142,0.1645,0.1676
cover_strength,metis,base_r2,10567,335,0.3072,676,39.3829,0.2424,3.0295,5.0,0.0727,0.7404,0.955,0.9938,0.9998,1.0,0.0944,0.1731,0.2217,0.2479,0.2507
cover_strength,metis,base_r3,10567,335,0.3072,676,51.4164,0.3538,2.9199,5.0,0.0778,0.7634,0.9622,0.995,0.9999,1.0,0.1351,0.2419,0.301,0.3281,0.3302
cover_strength,metis,hash_aff,10567,335,0.3072,397,25.2917,0.1529,3.2219,5.0,0.0663,0.7071,0.9407,0.9908,0.9998,1.0,0.077,0.1427,0.1936,0.2309,0.2367
cover_strength,metis,aff,10567,335,0.3072,397,21.857,0.2553,3.0824,5.0,0.0791,0.726,0.9475,0.9922,0.9999,1.0,0.0848,0.1565,0.2093,0.2476,0.2528
cover_strength,metis,aff_r2,10567,335,0.3072,397,35.7575,0.3102,2.9503,5.0,0.0821,0.7484,0.9568,0.9946,0.9999,1.0,0.1217,0.2331,0.311,0.3595,0.3654
cover_strength,metis,aff_r3,10567,335,0.3072,397,47.506,0.3596,2.8529,5.0,0.0871,0.7708,0.9632,0.9955,1.0,1.0,0.1654,0.3143,0.4127,0.4671,0.4725
cover_strength,metis,hash_bal,10567,335,0.3072,140,23.7697,0.2628,3.2011,5.0,0.0668,0.7391,0.9533,0.9933,0.9999,1.0,0.1812,0.3445,0.4679,0.5556,0.5677
cover_strength,metis,bal,10567,335,0.3072,140,20.9114,0.15,3.0538,5.0,0.0811,0.7494,0.9539,0.9937,0.9999,1.0,0.1495,0.2867,0.3839,0.4484,0.4561
no_frame_stops,metis,hash_base,11870,333,0.5122,674,25.6724,0.1535,3.2257,5.0,0.0656,0.6519,0.9543,0.9958,0.9998,1.0,0.0389,0.0807,0.1181,0.148,0.1528
no_frame_stops,metis,base,11870,333,0.5122,674,25.0116,0.1889,3.1669,5.0,0.0679,0.666,0.9581,0.9963,0.9998,1.0,0.0418,0.0985,0.1491,0.1871,0.1927
no_frame_stops,metis,base_r2,11870,333,0.5122,674,40.2987,0.2754,2.98,5.0,0.0753,0.7113,0.9686,0.9971,0.9999,1.0,0.0763,0.1769,0.2563,0.3024,0.3078
no_frame_stops,metis,base_r3,11870,333,0.5122,674,53.1807,0.406,2.8534,5.0,0.0811,0.7428,0.9746,0.9977,0.9999,1.0,0.1121,0.2525,0.355,0.4056,0.4112
no_frame_stops,metis,hash_aff,11870,333,0.5122,381,25.2537,0.1631,3.2212,5.0,0.066,0.6596,0.9564,0.996,0.9998,1.0,0.0674,0.1363,0.1948,0.2394,0.246
no_frame_stops,metis,aff,11870,333,0.5122,381,21.9797,0.2872,3.106,5.0,0.0786,0.7091,0.9657,0.9972,1.0,1.0,0.0689,0.1415,0.202,0.2483,0.2548
no_frame_stops,metis,aff_r2,11870,333,0.5122,381,36.9486,0.3326,2.9143,5.0,0.0881,0.7595,0.9765,0.998,1.0,1.0,0.1208,0.2409,0.326,0.3744,0.3796
no_frame_stops,metis,aff_r3,11870,333,0.5122,381,49.5829,0.4079,2.7837,5.0,0.0958,0.7946,0.9825,0.9986,1.0,1.0,0.1695,0.3342,0.4398,0.4911,0.4963
no_frame_stops,metis,hash_bal,11870,333,0.5122,141,23.7848,0.2847,3.2058,5.0,0.067,0.6948,0.965,0.9972,0.9999,1.0,0.1689,0.3301,0.4573,0.5485,0.5612
no_frame_stops,metis,bal,11870,333,0.5122,141,21.0921,0.15,3.0775,5.0,0.0809,0.7387,0.9719,0.9978,1.0,1.0,0.1497,0.2873,0.3865,0.4527,0.4607
edge_weight_llr,metis,hash_base,10567,341,0.3072,682,25.6567,0.1831,3.2291,5.0,0.0656,0.6517,0.9536,0.9957,0.9997,1.0,0.0387,0.0816,0.1206,0.1521,0.1571
edge_weight_llr,metis,base,10567,341,0.3072,682,24.7805,0.1901,3.138,5.0,0.0683,0.6722,0.9593,0.9961,0.9998,1.0,0.0387,0.0882,0.1302,0.1604,0.165
edge_weight_llr,metis,base_r2,10567,341,0.3072,682,37.8583,0.2836,2.8984,5.0,0.0835,0.7282,0.9683,0.997,0.9999,1.0,0.0755,0.161,0.2212,0.2561,0.2601
edge_weight_llr,metis,base_r3,10567,341,0.3072,682,49.03,0.3571,2.7899,5.0,0.0942,0.7513,0.9726,0.9976,1.0,1.0,0.1077,0.2209,0.2938,0.3309,0.3351
edge_weight_llr,metis,hash_aff,10567,341,0.3072,403,25.2786,0.2239,3.223,5.0,0.0663,0.6597,0.956,0.996,0.9997,1.0,0.0643,0.129,0.1842,0.2292,0.2362
edge_weight_llr,metis,aff,10567,341,0.3072,403,21.5335,0.2237,3.041,5.0,0.0794,0.7291,0.9707,0.9976,0.9999,1.0,0.0679,0.1399,0.1999,0.2432,0.2487
edge_weight_llr,metis,aff_r2,10567,341,0.3072,403,34.1566,0.3528,2.7858,5.0,0.1011,0.7866,0.9797,0.9985,1.0,1.0,0.1213,0.2357,0.3149,0.3605,0.3649
edge_weight_llr,metis,aff_r3,10567,341,0.3072,403,45.0045,0.437,2.6763,5.0,0.1136,0.8125,0.984,0.9988,1.0,1.0,0.1659,0.3146,0.4088,0.4573,0.4615
edge_weight_llr,metis,hash_bal,10567,341,0.3072,138,23.7083,0.2801,3.2048,5.0,0.067,0.6957,0.9646,0.9969,0.9998,1.0,0.1726,0.3397,0.4694,0.563,0.5764
edge_weight_llr,metis,bal,10567,341,0.3072,138,20.57,0.15,3.0172,5.0,0.0832,0.756,0.9761,0.9982,0.9999,1.0,0.1494,0.2865,0.3835,0.4443,0.4512
edge_weight_chi2,metis,hash_base,10567,341,0.3072,682,25.6567,0.1831,3.2291,5.0,0.0656,0.6517,0.9536,0.9957,0.9997,1.0,0.0387,0.0816,0.1206,0.1521,0.1571
edge_weight_chi2,metis,base,10567,341,0.3072,682,24.8887,0.1816,3.1415,5.0,0.0683,0.6694,0.9584,0.9961,0.9997,1.0,0.0391,0.088,0.1283,0.1582,0.1627
edge_weight_chi2,metis,base_r2,10567,341,0.3072,682,38.4822,0.2584,2.9636,5.0,0.0745,0.7162,0.9667,0.9972,0.9999,1.0,0.0674,0.147,0.2054,0.24,0.2443
edge_weight_chi2,metis,base_r3,10567,341,0.3072,682,50.09,0.3111,2.8616,5.0,0.0832,0.7376,0.97,0.9975,0.9999,1.0,0.0911,0.1956,0.2657,0.302,0.306
edge_weight_chi2,metis,hash_aff,10567,341,0.3072,403,25.2786,0.2239,3.223,5.0,0.0663,0.6597,0.956,0.996,0.9997,1.0,0.0643,0.129,0.1842,0.2292,0.2362
edge_weight_chi2,metis,aff,10567,341,0.3072,403,21.4975,0.3302,3.03,5.0,0.0804,0.7242,0.9701,0.9973,0.9997,1.0,0.0683,0.1396,0.1974,0.2415,0.247
edge_weight_chi2,metis,aff_r2,10567,341,0.3072,403,34.7315,0.356,2.8438,5.0,0.0891,0.774,0.9783,0.9982,0.9999,1.0,0.1133,0.2211,0.2977,0.3442,0.349
edge_weight_chi2,metis,aff_r3,10567,341,0.3072,403,46.054,0.4021,2.7356,5.0,0.1014,0.7988,0.982,0.9987,1.0,1.0,0.1503,0.2898,0.3809,0.429,0.4334
edge_weight_chi2,metis,hash_bal,10567,341,0.3072,139,23.7334,0.277,3.2065,5.0,0.0671,0.695,0.9641,0.9969,0.9998,1.0,0.1727,0.3369,0.4657,0.5592,0.5723
edge_weight_chi2,metis,bal,10567,341,0.3072,139,20.746,0.15,3.0117,5.0,0.083,0.749,0.9753,0.998,0.9999,1.0,0.1497,0.2869,0.3827,0.4438,0.4509
min_npmi_01,metis,hash_base,10566,331,0.3069,672,25.6683,0.1526,3.2247,5.0,0.0655,0.6515,0.9544,0.9957,0.9997,1.0,0.0392,0.0804,0.1173,0.1471,0.1521
min_npmi_01,metis,base,10566,331,0.3069,672,25.0558,0.203,3.1756,5.0,0.0678,0.6627,0.9563,0.9961,0.9997,1.0,0.0396,0.091,0.1358,0.1694,0.1744
min_npmi_01,metis,base_r2,10566,331,0.3069,672,38.9766,0.277,3.0095,5.0,0.0747,0.7047,0.9648,0.997,0.9999,1.0,0.0697,0.1541,0.2181,0.2575,0.2625
min_npmi_01,metis,base_r3,10566,331,0.3069,672,50.6671,0.3663,2.8964,5.0,0.0799,0.7334,0.9713,0.9975,1.0,1.0,0.0986,0.2117,0.2901,0.3315,0.3363
min_npmi_01,metis,hash_aff,10566,331,0.3069,397,25.2917,0.1529,3.2219,5.0,0.0663,0.6587,0.9564,0.9961,0.9998,1.0,0.0642,0.1293,0.186,0.23,0.2367
min_npmi_01,metis,aff,10566,331,0.3069,397,21.738,0.3157,3.0722,5.0,0.0796,0.7132,0.9673,0.9972,0.9997,1.0,0.07,0.1447,0.2087,0.259,0.2652
min_npmi_01,metis,aff_r2,10566,331,0.3069,397,35.2762,0.3712,2.8966,5.0,0.0886,0.7613,0.9759,0.998,0.9999,1.0,0.1173,0.232,0.3178,0.3728,0.3785
min_npmi_01,metis,aff_r3,10566,331,0.3069,397,46.6937,0.411,2.7797,5.0,0.0958,0.7928,0.9815,0.9985,1.0,1.0,0.1597,0.3114,0.4153,0.4726,0.478
min_npmi_01,metis,hash_bal,10566,331,0.3069,140,23.7697,0.2628,3.2011,5.0,0.0668,0.6982,0.9651,0.9971,0.9998,1.0,0.1704,0.3338,0.4616,0.5548,0.5677
min_npmi_01,metis,bal,10566,331,0.3069,140,20.8578,0.15,3.0484,5.0,0.0816,0.74,0.9724,0.9979,0.9998,1.0,0.1489,0.2859,0.3826,0.447,0.4545
min_npmi_02,metis,hash_base,10538,337,0.3061,678,25.6548,0.1562,3.2268,5.0,0.0656,0.6516,0.9539,0.9958,0.9997,1.0,0.0386,0.081,0.1188,0.1498,0.1547
min_npmi_02,metis,base,10538,337,0.3061,678,25.1438,0.1655,3.1799,5.0,0.0676,0.6609,0.9565,0.9957,0.9997,1.0,0.0393,0.0876,0.1277,0.1574,0.1623
min_npmi_02,metis,base_r2,10538,337,0.3061,678,39.2899,0.2584,3.023,5.0,0.0725,0.702,0.9648,0.997,0.9999,1.0,0.0668,0.1498,0.2097,0.2474,0.2526
min_npmi_02,metis,base_r3,10538,337,0.3061,678,51.2566,0.3151,2.9294,5.0,0.077,0.7246,0.9695,0.9977,1.0,1.0,0.0914,0.2037,0.281,0.324,0.329
min_npmi_02,metis,hash_aff,10538,337,0.3061,403,25.2786,0.2239,3.223,5.0,0.0663,0.6597,0.956,0.996,0.9997,1.0,0.0643,0.129,0.1842,0.2292,0.2362
min_npmi_02,metis,aff,10538,337,0.3061,403,21.9332,0.2745,3.0735,5.0,0.0821,0.714,0.9684,0.9971,0.9998,1.0,0.0685,0.14,0.1999,0.2449,0.2511
min_npmi_02,metis,aff_r2,10538,337,0.3061,403,35.7281,0.3312,2.9096,5.0,0.0899,0.7598,0.9754,0.998,0.9999,1.0,0.114,0.2287,0.3126,0.3655,0.3718
min_npmi_02,metis,aff_r3,10538,337,0.3061,403,47.4055,0.3922,2.8104,5.0,0.0955,0.7879,0.9804,0.9986,1.0,1.0,0.1524,0.3048,0.4105,0.4691,0.475
min_npmi_02,metis,hash_bal,10538,337,0.3061,140,23.7697,0.2628,3.2011,5.0,0.0668,0.6982,0.9651,0.9971,0.9998,1.0,0.1704,0.3338,0.4616,0.5548,0.5677
min_npmi_02,metis,bal,10538,337,0.3061,140,20.8899,0.15,3.0537,5.0,0.0834,0.742,0.9744,0.9977,0.9999,1.0,0.1492,0.286,0.3834,0.4474,0.4557
min_npmi_03,metis,hash_base,10201,336,0.2953,677,25.6571,0.1456,3.2265,5.0,0.0661,0.6507,0.9541,0.9958,0.9997,1.0,0.0391,0.0816,0.1213,0.1531,0.1582
min_npmi_03,metis,base,10201,336,0.2953,677,24.9787,0.1638,3.1612,5.0,0.0688,0.6661,0.9566,0.9959,0.9997,1.0,0.039,0.0861,0.1264,0.1566,0.1613
min_npmi_03,metis,base_r2,10201,336,0.2953,677,38.5505,0.2692,2.9992,5.0,0.0735,0.7081,0.9646,0.9967,0.9999,1.0,0.064,0.1423,0.2013,0.2366,0.2415
min_npmi_03,metis,base_r3,10201,336,0.2953,677,49.8657,0.2911,2.9097,5.0,0.0785,0.7303,0.9693,0.9971,0.9999,1.0,0.0871,0.1908,0.2638,0.3024,0.307
min_npmi_03,metis,hash_aff,10201,336,0.2953,402,25.3143,0.1668,3.2237,5.0,0.0656,0.6589,0.9562,0.996,0.9997,1.0,0.0639,0.1295,0.1853,0.2289,0.2357
min_npmi_03,metis,aff,10201,336,0.2953,402,21.7171,0.2393,3.0627,5.0,0.0803,0.7181,0.9683,0.9973,0.9997,1.0,0.0686,0.1388,0.1963,0.2403,0.246
min_npmi_03,metis,aff_r2,10201,336,0.2953,402,34.9324,0.2803,2.8953,5.0,0.088,0.764,0.9755,0.9979,0.9999,1.0,0.1103,0.2185,0.297,0.3448,0.3502
min_npmi_03,metis,aff_r3,10201,336,0.2953,402,45.9817,0.3203,2.8008,5.0,0.0944,0.7905,0.9805,0.9984,1.0,1.0,0.1465,0.2856,0.3805,0.4318,0.4366
min_npmi_03,metis,hash_bal,10201,336,0.2953,139,23.7334,0.277,3.2065,5.0,0.0671,0.695,0.9641,0.9969,0.9998,1.0,0.1727,0.3369,0.4657,0.5592,0.5723
min_npmi_03,metis,bal,10201,336,0.2953,139,20.659,0.15,3.0299,5.0,0.0826,0.7471,0.9743,0.9979,0.9998,1.0,0.1486,0.2855,0.3826,0.4442,0.4516
min_pair_count_1,metis,hash_base,21785,341,0.4449,682,25.6567,0.1831,3.2291,5.0,0.0656,0.6517,0.9536,0.9957,0.9997,1.0,0.0387,0.0816,0.1206,0.1521,0.1571
min_pair_count_1,metis,base,21785,341,0.4449,682,23.8268,0.1676,3.0494,5.0,0.075,0.6965,0.9634,0.9967,0.9997,1.0,0.0452,0.0951,0.1345,0.1617,0.1652
min_pair_count_1,metis,base_r2,21785,341,0.4449,682,40.277,0.3152,2.8831,5.0,0.0853,0.74,0.9723,0.9976,0.9999,1.0,0.0903,0.183,0.2471,0.2836,0.2877
min_pair_count_1,metis,base_r3,21785,341,0.4449,682,55.487,0.4271,2.7556,5.0,0.1006,0.7684,0.9778,0.9981,0.9999,1.0,0.13,0.2544,0.3304,0.3676,0.3713
min_pair_count_1,metis,hash_aff,21785,341,0.4449,345,25.1668,0.1803,3.2216,5.0,0.0666,0.6633,0.9568,0.9959,0.9997,1.0,0.0744,0.1481,0.2086,0.255,0.262
min_pair_count_1,metis,aff,21785,341,0.4449,345,21.3711,0.2933,2.9476,5.0,0.088,0.7441,0.9728,0.9976,0.9998,1.0,0.0682,0.1364,0.1924,0.232,0.2362
min_pair_count_1,metis,aff_r2,21785,341,0.4449,345,37.5204,0.3434,2.7745,5.0,0.1026,0.7925,0.9818,0.9985,1.0,1.0,0.1277,0.2445,0.3295,0.3786,0.3832
min_pair_count_1,metis,aff_r3,21785,341,0.4449,345,52.5038,0.4339,2.6406,4.0,0.1198,0.8226,0.9867,0.9989,1.0,1.0,0.1773,0.3337,0.4357,0.4858,0.4898
min_pair_count_1,metis,hash_bal,21785,341,0.4449,139,23.7334,0.277,3.2065,5.0,0.0671,0.695,0.9641,0.9969,0.9998,1.0,0.1727,0.3369,0.4657,0.5592,0.5723
min_pair_count_1,metis,bal,21785,341,0.4449,139,20.4003,0.15,2.9414,5.0,0.089,0.7712,0.9783,0.9984,1.0,1.0,0.1472,0.2805,0.37,0.4249,0.4306
min_pair_count_3,metis,hash_base,5621,328,0.205,669,25.6581,0.1404,3.2255,5.0,0.0661,0.6512,0.9542,0.9957,0.9998,1.0,0.0394,0.081,0.1183,0.1482,0.153
min_pair_count_3,metis,base,5621,328,0.205,669,25.0964,0.1602,3.1663,5.0,0.0678,0.6626,0.9562,0.9957,0.9998,1.0,0.037,0.0807,0.1192,0.1479,0.1526
min_pair_count_3,metis,base_r2,5621,328,0.205,669,36.1103,0.2404,3.0169,5.0,0.0735,0.7023,0.9639,0.9963,0.9999,1.0,0.057,0.1245,0.1779,0.2132,0.2179
min_pair_count_3,metis,base_r3,5621,328,0.205,669,44.909,0.2953,2.9248,5.0,0.078,0.7248,0.9684,0.997,0.9999,1.0,0.0768,0.1642,0.2295,0.2687,0.2734
min_pair_count_3,metis,hash_aff,5621,328,0.205,434,25.3607,0.2388,3.2222,5.0,0.0658,0.6577,0.9562,0.9959,0.9998,1.0,0.0598,0.1233,0.1764,0.2184,0.2247
min_pair_count_3,metis,aff,5621,328,0.205,434,21.0185,0.2033,3.043,5.0,0.0824,0.7246,0.9705,0.9974,0.9999,1.0,0.069,0.1405,0.1992,0.2412,0.247
min_pair_count_3,metis,aff_r2,5621,328,0.205,434,31.5969,0.2559,2.8785,5.0,0.0909,0.7681,0.9775,0.9982,1.0,1.0,0.106,0.2082,0.282,0.3272,0.3321
min_pair_count_3,metis,aff_r3,5621,328,0.205,434,40.047,0.3118,2.7816,5.0,0.0985,0.7933,0.9824,0.9988,1.0,1.0,0.1382,0.2679,0.3573,0.4071,0.4116
min_pair_count_3,metis,hash_bal,5621,328,0.205,134,23.6437,0.2831,3.2014,5.0,0.0666,0.6982,0.9654,0.9975,0.9999,1.0,0.1776,0.3494,0.4864,0.5855,0.5994
min_pair_count_3,metis,bal,5621,328,0.205,134,20.0491,0.15,3.0128,5.0,0.0837,0.7534,0.9759,0.9979,0.9999,1.0,0.1496,0.2867,0.3835,0.4437,0.4508
min_pair_count_5,metis,hash_base,2699,318,0.1041,659,25.6407,0.1693,3.2273,5.0,0.0656,0.6509,0.954,0.9958,0.9997,1.0,0.04,0.083,0.1241,0.158,0.1634
min_pair_count_5,metis,base,2699,318,0.1041,659,25.128,0.1999,3.1569,5.0,0.0665,0.6694,0.9578,0.996,0.9998,1.0,0.0408,0.0819,0.1194,0.1481,0.1525
min_pair_count_5,metis,base_r2,2699,318,0.1041,659,32.8031,0.288,3.0159,5.0,0.0704,0.7051,0.9646,0.9967,0.9999,1.0,0.0565,0.1203,0.173,0.2077,0.2122
min_pair_count_5,metis,base_r3,2699,318,0.1041,659,38.2206,0.3713,2.9554,5.0,0.0722,0.72,0.9667,0.9968,0.9999,1.0,0.0708,0.1492,0.2113,0.2493,0.2541
min_pair_count_5,metis,hash_aff,2699,318,0.1041,525,25.5181,0.1728,3.225,5.0,0.0656,0.6545,0.9549,0.9958,0.9997,1.0,0.0491,0.1001,0.144,0.1783,0.1835
min_pair_count_5,metis,aff,2699,318,0.1041,525,20.1342,0.282,2.98,5.0,0.0839,0.7484,0.9741,0.9978,1.0,1.0,0.0722,0.1462,0.2068,0.2498,0.2552
min_pair_count_5,metis,aff_r2,2699,318,0.1041,525,27.3194,0.3144,2.8278,5.0,0.0911,0.7829,0.9794,0.9983,1.0,1.0,0.104,0.2094,0.285,0.3294,0.3344
min_pair_count_5,metis,aff_r3,2699,318,0.1041,525,32.4446,0.4007,2.7627,5.0,0.0952,0.7985,0.9814,0.9986,1.0,1.0,0.1277,0.254,0.3411,0.3896,0.3945
min_pair_count_5,metis,hash_bal,2699,318,0.1041,129,23.5506,0.2977,3.1933,5.0,0.0671,0.7034,0.9661,0.9971,0.9998,1.0,0.184,0.3601,0.499,0.5992,0.6132
min_pair_count_5,metis,bal,2699,318,0.1041,129,19.2705,0.15,2.948,5.0,0.0871,0.7743,0.9784,0.9983,1.0,1.0,0.1494,0.2858,0.3793,0.4344,0.4404
min_df_3,metis,hash_base,9504,336,0.2994,677,25.6571,0.1456,3.2265,5.0,0.0661,0.6507,0.9541,0.9958,0.9997,1.0,0.0391,0.0816,0.1213,0.1531,0.1582
min_df_3,metis,base,9504,336,0.2994,677,25.0715,0.1729,3.1746,5.0,0.0683,0.6635,0.9564,0.9959,0.9997,1.0,0.0387,0.0888,0.1336,0.1675,0.1726
min_df_3,metis,base_r2,9504,336,0.2994,677,39.08,0.2754,3.0185,5.0,0.074,0.7027,0.9644,0.9971,0.9999,1.0,0.0659,0.1462,0.2058,0.2439,0.2492
min_df_3,metis,base_r3,9504,336,0.2994,677,50.8144,0.3612,2.9183,5.0,0.0785,0.7276,0.9693,0.9976,0.9999,1.0,0.0934,0.2008,0.2739,0.3155,0.3203
min_df_3,metis,hash_aff,9504,336,0.2994,408,25.3034,0.2071,3.2201,5.0,0.0665,0.6583,0.9559,0.996,0.9998,1.0,0.063,0.1286,0.1851,0.2288,0.2355
min_df_3,metis,aff,9504,336,0.2994,408,21.7475,0.2881,3.0701,5.0,0.0804,0.716,0.9677,0.9972,0.9998,1.0,0.0682,0.1414,0.2055,0.2555,0.262
min_df_3,metis,aff_r2,9504,336,0.2994,408,35.3848,0.3645,2.9055,5.0,0.0883,0.7603,0.9753,0.998,0.9999,1.0,0.1137,0.2259,0.31,0.3644,0.3708
min_df_3,metis,aff_r3,9504,336,0.2994,408,46.8229,0.4017,2.8004,5.0,0.0942,0.7883,0.9805,0.9985,1.0,1.0,0.1549,0.3026,0.405,0.4636,0.4692
min_df_3,metis,hash_bal,9504,336,0.2994,140,23.7697,0.2628,3.2011,5.0,0.0668,0.6982,0.9651,0.9971,0.9998,1.0,0.1704,0.3338,0.4616,0.5548,0.5677
min_df_3,metis,bal,9504,336,0.2994,140,20.8964,0.15,3.0473,5.0,0.0821,0.7415,0.973,0.9978,0.9999,1.0,0.1491,0.2863,0.3837,0.4474,0.4552
min_df_5,metis,hash_base,7743,338,0.2782,679,25.6733,0.1692,3.2281,5.0,0.0658,0.652,0.9538,0.9957,0.9998,1.0,0.0385,0.0801,0.1194,0.1523,0.1575
min_df_5,metis,base,7743,338,0.2782,679,24.8131,0.1614,3.1334,5.0,0.0691,0.6715,0.9581,0.996,0.9997,1.0,0.0363,0.0792,0.1163,0.1428,0.1469
min_df_5,metis,base_r2,7743,338,0.2782,679,38.2534,0.2639,2.9724,5.0,0.076,0.7104,0.9665,0.9969,0.9999,1.0,0.0619,0.1355,0.1905,0.2228,0.2271
min_df_5,metis,base_r3,7743,338,0.2782,679,49.7111,0.3276,2.872,5.0,0.0822,0.7333,0.9713,0.9974,0.9999,1.0,0.0844,0.1798,0.2457,0.2808,0.2849
min_df_5,metis,hash_aff,7743,338,0.2782,412,25.335,0.1691,3.2201,5.0,0.0658,0.6597,0.956,0.9961,0.9998,1.0,0.0626,0.1263,0.1806,0.2218,0.2281
min_df_5,metis,aff,7743,338,0.2782,412,21.2734,0.2705,3.0125,5.0,0.0835,0.7326,0.9701,0.9973,0.9998,1.0,0.0669,0.1347,0.1915,0.2323,0.2375
min_df_5,metis,aff_r2,7743,338,0.2782,412,34.3143,0.3035,2.8403,5.0,0.0942,0.7757,0.9778,0.9981,1.0,1.0,0.111,0.2178,0.295,0.3404,0.3456
min_df_5,metis,aff_r3,7743,338,0.2782,412,45.4798,0.3627,2.7333,5.0,0.1039,0.8015,0.9824,0.9986,1.0,1.0,0.1474,0.2825,0.3728,0.4195,0.424
min_df_5,metis,hash_bal,7743,338,0.2782,138,23.7083,0.2801,3.2048,5.0,0.067,0.6957,0.9646,0.9969,0.9998,1.0,0.1726,0.3397,0.4694,0.563,0.5764
min_df_5,metis,bal,7743,338,0.2782,138,20.3432,0.15,2.9934,5.0,0.0858,0.76,0.9749,0.998,0.9999,1.0,0.1474,0.2823,0.376,0.435,0.442
max_df_001,metis,hash_base,9897,341,0.2532,682,25.6567,0.1831,3.2291,5.0,0.0656,0.6517,0.9536,0.9957,0.9997,1.0,0.0387,0.0816,0.1206,0.1521,0.1571
max_df_001,metis,base,9897,341,0.2532,682,24.7857,0.1678,3.1366,5.0,0.0693,0.671,0.9586,0.9956,0.9997,1.0,0.0381,0.0844,0.1246,0.1538,0.1582
max_df_001,metis,base_r2,9897,341,0.2532,682,38.0433,0.2391,2.9864,5.0,0.0745,0.7094,0.9658,0.9966,0.9999,1.0,0.0633,0.1388,0.1944,0.2279,0.2322
max_df_001,metis,base_r3,9897,341,0.2532,682,49.2787,0.3177,2.8959,5.0,0.0796,0.7292,0.9695,0.9971,0.9999,1.0,0.0869,0.1871,0.2558,0.2921,0.2963
max_df_001,metis,hash_aff,9897,341,0.2532,407,25.3234,0.1751,3.2214,5.0,0.0665,0.6595,0.9567,0.9961,0.9999,1.0,0.0635,0.1268,0.1816,0.2241,0.2307
max_df_001,metis,aff,9897,341,0.2532,407,21.4912,0.233,3.0292,5.0,0.0829,0.7279,0.97,0.9971,0.9997,1.0,0.0655,0.1348,0.193,0.2353,0.2408
max_df_001,metis,aff_r2,9897,341,0.2532,407,34.3659,0.2855,2.8677,5.0,0.0896,0.772,0.9773,0.998,0.9999,1.0,0.1073,0.2152,0.296,0.3441,0.3492
max_df_001,metis,aff_r3,9897,341,0.2532,407,45.2613,0.4043,2.7673,5.0,0.096,0.7965,0.9816,0.9984,1.0,1.0,0.144,0.2864,0.3864,0.4403,0.4449
max_df_001,metis,hash_bal,9897,341,0.2532,137,23.69,0.2863,3.1994,5.0,0.0665,0.698,0.9645,0.9971,0.9999,1.0,0.1736,0.3398,0.4697,0.5639,0.5769
max_df_001,metis,bal,9897,341,0.2532,137,20.4252,0.15,3.0067,5.0,0.0849,0.7546,0.976,0.9979,0.9998,1.0,0.1491,0.2855,0.381,0.441,0.4483
max_df_0005,metis,hash_base,9363,341,0.1871,682,25.6567,0.1831,3.2291,5.0,0.0656,0.6517,0.9536,0.9957,0.9997,1.0,0.0387,0.0816,0.1206,0.1521,0.1571
max_df_0005,metis,base,9363,341,0.1871,682,24.7201,0.1828,3.1132,5.0,0.0689,0.6758,0.9589,0.9961,0.9998,1.0,0.0377,0.0804,0.1164,0.1423,0.1461
max_df_0005,metis,base_r2,9363,341,0.1871,682,36.8949,0.2457,3.0026,5.0,0.0737,0.7036,0.9643,0.997,0.9999,1.0,0.0599,0.1308,0.1824,0.2131,0.217
max_df_0005,metis,base_r3,9363,341,0.1871,682,47.0663,0.3341,2.9388,5.0,0.0768,0.7189,0.9676,0.9971,0.9999,1.0,0.0786,0.1708,0.2331,0.2669,0.2712
max_df_0005,metis,hash_aff,9363,341,0.1871,408,25.3034,0.2071,3.2201,5.0,0.0665,0.6583,0.9559,0.996,0.9998,1.0,0.063,0.1286,0.1851,0.2288,0.2355
max_df_0005,metis,aff,9363,341,0.1871,408,21.2524,0.215,2.9849,5.0,0.0832,0.7334,0.9715,0.9976,0.9999,1.0,0.0668,0.135,0.1913,0.2312,0.2364
max_df_0005,metis,aff_r2,9363,341,0.1871,408,33.0018,0.2723,2.8628,5.0,0.0903,0.7659,0.9771,0.9983,0.9999,1.0,0.1062,0.2134,0.2946,0.3419,0.3469
max_df_0005,metis,aff_r3,9363,341,0.1871,408,42.8718,0.3428,2.7947,5.0,0.094,0.7853,0.9804,0.9985,1.0,1.0,0.1373,0.274,0.3724,0.4248,0.4299
max_df_0005,metis,hash_bal,9363,341,0.1871,136,23.6469,0.3158,3.1999,5.0,0.0675,0.6971,0.9656,0.9971,0.9999,1.0,0.1747,0.3437,0.4759,0.5726,0.5864
max_df_0005,metis,bal,9363,341,0.1871,136,20.2102,0.15,2.9583,5.0,0.086,0.759,0.9766,0.9981,0.9999,1.0,0.1483,0.2841,0.3774,0.4332,0.4396
