method,cluster,terms,internal_edges,density,top_terms
leiden,0,1563,3717,0.003,county weather time population city ca airport new far florida
leiden,1,1318,3949,0.0046,causes symptoms cause disease pain heart skin muscle help cancer
leiden,2,1013,2740,0.0053,phone us tax credit first insurance service card bank money
leiden,3,816,1958,0.0059,called system cells cell dna two energy three function human
leiden,4,748,2005,0.0072,salary get make need state pay university become degree health
leiden,5,672,1634,0.0072,calories temperature eat cook one chicken made last egg oven
leiden,6,654,1505,0.007,blood water body foods test food sugar urine gas pressure
leiden,7,438,867,0.0091,per home weight house air foot square install miles concrete
leiden,8,396,672,0.0086,use file without computer iphone someone point windows laptop transfer
leiden,9,388,613,0.0082,benefits color oil hair grow tea plants black wedding tree
leiden,10,342,600,0.0103,day effects side period baby start dog teeth person cycle
leiden,11,328,585,0.0109,world longest play show ever highest game channel player blue
leiden,12,281,362,0.0092,net cast family star played george animals known actress names
leiden,13,263,361,0.0105,language call using primary records book write scientific format double
leiden,14,262,380,0.0111,year american president people war die john civil trump great
leiden,15,208,283,0.0131,car company change often electric seat brake makes motor engine
leiden,16,132,174,0.0201,earth light data around moon move waves man direction ok
leiden,17,37,47,0.0706,de germany treaty france paris versailles hitler mayo lis gothic
leiden,18,10,9,0.2,beta alpha receptors adrenergic blockers particle centauri lactamase blocker acetylcholine
leiden,19,10,10,0.2222,ad site com azure webmd hominem lib hoc aware weekly
leiden,20,6,7,0.4667,del rey lana marina carmen sol
leiden,21,6,5,0.3333,afb randolph fairchild lackland vandenberg offutt
leiden,22,5,6,0.6,edition crimewave payday definitive empires
leiden,23,5,4,0.4,prism triangular edges rectangular bandage
leiden,24,4,4,0.6667,os coxa articulates trigonum
cpm,0,53,294,0.2134,temperature cook chicken last oven keep pork beef bake cooked
cpm,1,46,227,0.2193,causes cause pain back feet right left lower legs could
cpm,2,32,114,0.2298,per foot square install labor tile installation flooring floor carpet
cpm,3,29,85,0.2094,need become school needed years assistant education physical therapy registered
cpm,4,28,67,0.1772,ira amount minimum roth maximum withdrawal penalty contribution limits contribute
cpm,5,25,58,0.1933,social income security medicare taxes disability taxable collect receive retirement
cpm,6,24,25,0.0906,ca palms palo twentynine alto fontana riverside anaheim alameda tehachapi
cpm,7,24,43,0.1558,effects side metformin cambogia garcinia probiotics dehydration phenylethylamine chemotherapy omeprazole
cpm,8,23,52,0.2055,one sugar grams gallon ounces cups ounce equal oz teaspoon
cpm,9,22,25,0.1082,dna rna bases nucleotides accurate polymerase ancestry paternity mitochondrial eukaryotes
cpm,10,22,31,0.1342,calories sausage mcdonald mcmuffin oatmeal biscuit loco pollo lo mein
cpm,11,22,31,0.1342,florida fl temperatures orlando winter walton destin clearwater pensacola jacksonville
cpm,12,22,32,0.1385,loan interest mortgage direct student deposit paying loans fha unsubsidized
cpm,13,22,43,0.1861,gland produce hormones glands pituitary adrenal blocked regulate secrete salivary
cpm,14,22,44,0.1905,game baseball team football points players nba scored nhl teams
cpm,15,21,24,0.1143,disease gehrig lou als willebrand von celiac lymes meniere peyronie
cpm,16,21,27,0.1286,bank routing citizens checks peoples midwest transit pnc aboriginal synchrony
cpm,17,20,21,0.1105,weather rancho cucamonga mirage february christchurch cozumel dongguan edmonds funchal
cpm,18,20,35,0.1842,rock formed uses rocks minerals igneous processes sedimentary metamorphic layers
cpm,19,20,33,0.1737,tax irs return refund status returns refunds previous amended sum
cpm,20,20,34,0.1789,service customer sprint comcast pella marta kohl safelink att lifetouch
cpm,21,19,18,0.1053,eat vegetarians lamprey chinchillas captivity groundhogs italians raccoons canadians crickets
cpm,22,19,28,0.1637,american war civil fought revolutionary economy soldiers idol finale vietnam
cpm,23,19,24,0.1404,blood away carries oxygenated vessel burst thinner transfusion hh lowers
cpm,24,19,31,0.1813,license passport driver documents renew iowa permit expires renewal learners
infomap,1117,395,394,0.0051,county dundee brewster brookhaven butte melrose bluffton clanton cloverdale collinsville
infomap,230,254,567,0.0176,causes cause pain back women stomach bad right left lower
infomap,48,154,391,0.0332,salary need become degree school needed required years nurse science
infomap,372,148,474,0.0436,temperature cook chicken oven keep pork beef bake cooked roast
infomap,587,105,194,0.0355,blood test low range level levels cholesterol glucose elevated result
infomap,437,101,208,0.0412,airport far florida distance beach fl st fort italy port
infomap,251,89,212,0.0541,per foot square install feet labor tile installation build flooring
infomap,40,77,114,0.039,calories egg cheese pizza bread sausage lee slice sandwich mcdonald
infomap,216,76,154,0.054,play game channel player nfl season baseball team schedule football
infomap,289,74,142,0.0526,cells cell process produce respiration photosynthesis chromosomes produced contains products
infomap,396,70,147,0.0609,foods food list vitamin contain calcium fiber vitamins sources magnesium
infomap,371,64,73,0.0362,weather norway august denmark afghanistan copenhagen oslo sweden vancouver zagreb
infomap,601,54,105,0.0734,credit stay loan score interest mortgage direct payment report student
infomap,60,50,80,0.0653,bank routing account union services community wells fargo wire accounts
infomap,1118,50,49,0.04,symptoms ra candidiasis malabsorption recurrent mumps hypothyroidism inflamed pancreatitis cholangitis
infomap,119,49,78,0.0663,infection caused infections treat viral yeast bacterial sinus cure tract
infomap,759,49,91,0.0774,one sugar protein daily run grams carbs recommended cups ounce
infomap,107,46,50,0.0483,disease lyme tick ulcer ticks cow huntington mad willebrand von
infomap,443,45,89,0.0899,form chemical elements together molecules bond hydrogen bonds molecule organic
infomap,102,43,69,0.0764,effects side possible metformin parkinson peppermint cambogia atorvastatin garcinia infusion
infomap,766,42,57,0.0662,dna rna structure differences replication components translation bases transcription nitrogen
infomap,423,40,77,0.0987,ira plan roth limit withdrawal penalty deduction contribution limits contribute
infomap,186,39,42,0.0567,ca palms linda dunes palo twentynine alto loma bermuda irvine
infomap,448,39,64,0.0864,american war states rights marijuana civil united impact senators america
infomap,551,39,56,0.0756,heart artery away failure arteries vein carries veins oxygenated vessel
metis,188,58,0,0.0,alma brunswick bushnell centralia dixon elm goodyear guadalupe moulton newman
metis,174,52,8,0.006,hoda kotb ipsum lorem iambic pentameter degeneration macular authoritarian parenting
metis,179,51,11,0.0086,harpers ferry bifida ceteris chick fil paribus spina handmaid tale
metis,138,50,43,0.0351,county nc illinois football pearl emerald buena violent campo morgan
metis,178,50,8,0.0065,boca deja vu enrique iglesias raton pearson vue celine dion
metis,114,46,1,0.001,sheriff arpaio aledo algonac bartlesville bellflower gretna hartville hazleton hickman
metis,27,44,3,0.0032,bluff garland howard poplar judy stern apopka barstow bedminster bellaire
metis,181,44,2,0.0021,windsor cave cavern locks azle bayonne belton bullard burnsville chowchilla
metis,127,34,0,0.0,alvin brookside chaska columbiana dresden elkton framingham gallatin horsham howland
metis,88,33,13,0.0246,system healthy contain defined citizen empire syphilis caught hdl palsy
metis,8,32,6,0.0121,cells skin single dominant overgrowth sequence influence inheritance adenine spouses
metis,15,32,9,0.0181,food low stay without trees cut share grey prescription dairy
metis,16,32,5,0.0101,st az late charles healthcare usda ulcers quickly accept barcelona
metis,31,32,6,0.0121,branch wa direct ice hay grant quality jury lb supposed
metis,36,32,17,0.0343,act federal disorders immune enzymes hiv organic compounds break processes
metis,45,32,13,0.0262,liver signs field failure elevated product colon board diabetic hernia
metis,56,32,9,0.0181,disease gravis myasthenia tay planus lichen reducing graves tic osteoarthritis
metis,58,32,15,0.0302,form start king popular george sports ounces cards dimensions cerebral
metis,62,32,8,0.0161,foods support sleep burn tech psychology mucus track william toxic
metis,67,32,10,0.0202,ribs win calculate bowl intake peanut abundant making oscars coronary
metis,102,32,13,0.0262,cook installation height rib attacks construction weakness fatigue ceramic deck
metis,112,32,9,0.0181,city dna vaccine elements physical north chromosomes shake pennsylvania interview
metis,117,32,4,0.0081,positive takes exposure infected aches pill ab typhoid maternity sight
metis,126,32,10,0.0202,island open planet bottle canal harbor resort biological panama turtle
metis,133,32,16,0.0323,make property presidential gel industry entry solution instructor funeral think
