term,query_share,document_share,ratio,lead_share,listed
define,0.0112,0.0036,3.1295,0.9414,True
mean,0.0396,0.014,2.8342,0.5305,True
stand,0.0056,0.0034,1.6199,0.7593,True
definition,0.0568,0.0385,1.4755,0.5067,True
happens,0.0046,0.0038,1.1975,0.9812,True
causes,0.0253,0.0234,1.0817,0.9221,False
county,0.0406,0.0375,1.0809,0.9301,False
meaning,0.0286,0.0267,1.0721,0.728,True
ca,0.0036,0.0035,1.0229,0.0974,False
cost,0.0249,0.0275,0.9079,0.6128,True
weather,0.0123,0.0135,0.9078,0.9572,False
long,0.0266,0.0327,0.8156,0.9485,True
calories,0.0061,0.0084,0.7261,0.7768,False
phone,0.0082,0.0116,0.7042,0.3126,False
much,0.0198,0.0293,0.6777,0.9635,True
salary,0.0078,0.012,0.6487,0.582,False
price,0.0091,0.0155,0.5849,0.5667,True
difference,0.0045,0.008,0.5638,0.9136,True
eat,0.0056,0.01,0.558,0.5562,False
number,0.0208,0.0412,0.5048,0.2976,True
symptoms,0.0128,0.0276,0.4649,0.6268,False
foods,0.0061,0.0136,0.4509,0.907,False
types,0.0106,0.024,0.4437,0.9263,True
name,0.0173,0.0402,0.4303,0.7717,True
effects,0.0055,0.013,0.4194,0.6145,False
benefits,0.005,0.0121,0.4177,0.6496,False
age,0.0091,0.022,0.4149,0.8696,True
temperature,0.0075,0.0189,0.3976,0.7446,False
credit,0.0035,0.0092,0.3821,0.4261,False
color,0.0045,0.0117,0.3802,0.7969,False
good,0.0089,0.0235,0.377,0.6066,True
average,0.0166,0.0448,0.3719,0.8917,True
many,0.0199,0.0545,0.3647,0.9198,True
test,0.0052,0.0144,0.3608,0.4063,False
insurance,0.0032,0.0092,0.3513,0.3351,False
car,0.0032,0.0092,0.3509,0.4584,False
considered,0.0047,0.0137,0.342,0.7768,True
take,0.009,0.0282,0.3202,0.659,True
tax,0.0035,0.0112,0.3154,0.3366,False
largest,0.0048,0.0153,0.3109,0.9728,True
population,0.0081,0.0266,0.3051,0.7191,False
oil,0.0033,0.011,0.3032,0.5143,False
code,0.0031,0.0112,0.2785,0.5235,False
cause,0.0095,0.0357,0.2658,0.7321,False
us,0.0053,0.0216,0.2451,0.5073,False
normal,0.0038,0.0156,0.2436,0.8254,True
weight,0.0033,0.0144,0.2323,0.5995,False
blood,0.0084,0.0373,0.2247,0.4779,False
get,0.0087,0.039,0.2233,0.45,False
disease,0.0056,0.0257,0.2174,0.473,False
food,0.0049,0.0234,0.2111,0.6503,False
word,0.0036,0.0173,0.2079,0.8293,True
pay,0.0033,0.0157,0.2067,0.4854,False
medical,0.0043,0.0209,0.2035,0.6417,False
pain,0.0046,0.0227,0.203,0.2972,False
old,0.0036,0.0178,0.2013,0.8894,True
side,0.0038,0.019,0.201,0.6176,False
last,0.0035,0.0189,0.1829,0.202,False
service,0.0039,0.0216,0.1794,0.1889,False
day,0.0059,0.0335,0.1746,0.3829,False
make,0.0068,0.0395,0.1713,0.3261,False
city,0.0048,0.0296,0.1623,0.5727,False
per,0.0063,0.0389,0.1623,0.1872,False
water,0.0058,0.0356,0.1619,0.5097,False
need,0.0048,0.0299,0.1608,0.6032,False
made,0.0048,0.0313,0.1544,0.4456,False
system,0.0054,0.0362,0.1489,0.3008,False
skin,0.0031,0.0209,0.1484,0.3556,False
work,0.0039,0.0279,0.1408,0.3319,False
home,0.0034,0.0246,0.1369,0.4795,False
called,0.0061,0.0473,0.1299,0.136,False
used,0.0114,0.0892,0.1283,0.5343,True
body,0.0058,0.0463,0.1255,0.4629,False
term,0.0032,0.0274,0.1165,0.6459,False
world,0.0034,0.03,0.114,0.1511,False
use,0.0063,0.0579,0.1079,0.6386,False
time,0.0062,0.063,0.0981,0.5992,False
state,0.0036,0.0369,0.0976,0.5156,False
common,0.004,0.0426,0.0947,0.8697,True
new,0.0036,0.0489,0.0731,0.4506,False
