method,strategy,shards,replication_factor,replicated_terms,duplication,expected_duplication,largest_shard,top10_shards,hash_terms,replica_cost_top1pct,replica_cost_top10pct
leiden,hash_base,680,1.0,0,25.6602,25.6678,0.1571,1.2177,,,
leiden,base,680,1.0,0,16.5686,,0.7943,5.9509,179279,,
leiden,base_r2,680,1.0234,4435,19.3414,,0.9589,7.8566,179279,0.8047,0.9993
leiden,base_r3,680,1.0375,4435,21.1362,,0.9842,8.8133,179279,0.8314,0.9996
leiden,hash_aff,400,1.0,0,25.3107,25.302,0.1984,1.4285,,,
leiden,aff,400,1.0,0,9.9716,,0.8306,6.7311,67,,
leiden,aff_r2,400,1.0234,4435,12.2122,,0.9642,8.2048,67,0.8047,0.9993
leiden,aff_r3,400,1.0375,4435,13.7595,,0.986,8.9891,67,0.8314,0.9996
leiden,hash_bal,132,1.0,0,23.5883,23.6046,0.3161,2.6244,,,
leiden,bal,132,1.0,0,19.7806,,0.15,1.5,0,,
cpm,hash_base,4422,1.0,0,26.1249,26.1205,0.1202,0.8158,,,
cpm,base,4422,1.0,0,24.7713,,0.1929,1.1421,179279,,
cpm,base_r2,4422,1.0341,6483,37.9306,,0.4767,2.7047,179279,0.7679,0.9973
cpm,base_r3,4422,1.0552,6483,49.6312,,0.5761,3.3546,179279,0.7901,0.9984
cpm,hash_aff,2278,1.0,0,26.0436,26.0423,0.1243,0.9031,,,
cpm,aff,2278,1.0,0,21.6235,,0.32,1.7323,67,,
cpm,aff_r2,2278,1.0341,6483,34.4516,,0.5159,3.0768,67,0.7679,0.9973
cpm,aff_r3,2278,1.0552,6483,45.9627,,0.6058,3.6548,67,0.7901,0.9984
cpm,hash_bal,136,1.0,0,23.6469,23.6755,0.3158,2.5998,,,
cpm,bal,136,1.0,0,20.3792,,0.15,1.5,0,,
infomap,hash_base,2238,1.0,0,26.0382,26.0394,0.1192,0.9261,,,
infomap,base,2238,1.0,0,24.0607,,0.278,1.6927,179279,,
infomap,base_r2,2238,1.0293,5557,35.4507,,0.6007,3.864,179279,0.78,0.9985
infomap,base_r3,2238,1.0492,5557,45.8621,,0.676,4.7233,179279,0.7989,0.9991
infomap,hash_aff,1183,1.0,0,25.8926,25.8938,0.1497,0.9833,,,
infomap,aff,1183,1.0,0,20.5801,,0.3626,2.4091,67,,
infomap,aff_r2,1183,1.0293,5557,31.5179,,0.623,4.311,67,0.78,0.9985
infomap,aff_r3,1183,1.0492,5557,41.6725,,0.7035,5.1069,67,0.7989,0.9991
infomap,hash_bal,134,1.0,0,23.6437,23.6405,0.2831,2.5416,,,
infomap,bal,134,1.0,0,20.0624,,0.15,1.5,0,,
metis,hash_base,676,1.0,0,25.669,25.6647,0.1528,1.1109,,,
metis,base,676,1.0,0,25.1284,,0.1855,1.3999,179279,,
metis,base_r2,676,1.0472,8963,39.3829,,0.2424,2.1291,179279,0.7318,0.9949
metis,base_r3,676,1.0761,8963,51.4164,,0.3538,2.705,179279,0.7556,0.9966
metis,hash_aff,397,1.0,0,25.2917,25.2953,0.1529,1.3673,,,
metis,aff,397,1.0,0,21.857,,0.2553,1.9286,67,,
metis,aff_r2,397,1.0472,8963,35.7575,,0.3102,2.4726,67,0.7318,0.9949
metis,aff_r3,397,1.0761,8963,47.506,,0.3596,2.9822,67,0.7556,0.9966
metis,hash_bal,140,1.0,0,23.7697,23.7427,0.2628,2.4249,,,
metis,bal,140,1.0,0,20.9114,,0.15,1.4999,0,,
