method,strategy,sample,budget,overlap,overlap_ci_low,overlap_ci_high,volume,volume_ci_low,volume_ci_high,volume_median
leiden,hash_base,train,1,0.6507,0.6445,0.6571,0.0389,0.0386,0.0393,0.0337
leiden,hash_base,train,2,0.9537,0.9509,0.9562,0.0805,0.0799,0.081,0.0772
leiden,hash_base,train,3,0.9951,0.9943,0.9959,0.118,0.1171,0.1188,0.1166
leiden,hash_base,train,5,1.0,0.9999,1.0,0.1493,0.1479,0.1505,0.1449
leiden,hash_base,train,full,1.0,1.0,1.0,0.1541,0.1526,0.1556,0.1451
leiden,hash_base,holdout,1,0.6507,0.6427,0.6588,0.0386,0.0382,0.0391,0.0334
leiden,hash_base,holdout,2,0.9544,0.951,0.9576,0.0803,0.0796,0.0811,0.0766
leiden,hash_base,holdout,3,0.9958,0.9948,0.9967,0.1173,0.1161,0.1184,0.1157
leiden,hash_base,holdout,5,0.9997,0.9994,1.0,0.1475,0.1458,0.1491,0.1414
leiden,hash_base,holdout,full,1.0,1.0,1.0,0.1523,0.1503,0.1542,0.1418
leiden,hash_base,ood,1,0.4766,0.4705,0.4829,0.0394,0.039,0.0397,0.0345
leiden,hash_base,ood,2,0.8141,0.8095,0.8189,0.0805,0.08,0.081,0.0759
leiden,hash_base,ood,3,0.9587,0.9564,0.961,0.1259,0.1252,0.1267,0.1203
leiden,hash_base,ood,5,0.9989,0.9985,0.9992,0.2017,0.2005,0.203,0.197
leiden,hash_base,ood,full,1.0,1.0,1.0,0.2204,0.2189,0.222,0.2092
leiden,hash_base,connected_pairs,1,0.8542,0.8451,0.8642,0.0384,0.0375,0.0393,0.0332
leiden,hash_base,connected_pairs,2,1.0,1.0,1.0,0.0779,0.0767,0.0791,0.0737
leiden,hash_base,connected_pairs,3,1.0,1.0,1.0,0.0779,0.0767,0.0791,0.0737
leiden,hash_base,connected_pairs,5,1.0,1.0,1.0,0.0779,0.0767,0.0791,0.0737
leiden,hash_base,connected_pairs,full,1.0,1.0,1.0,0.0779,0.0767,0.0791,0.0737
leiden,hash_base,connected_triples,1,0.844,0.8335,0.8545,0.0385,0.0376,0.0393,0.0332
leiden,hash_base,connected_triples,2,0.9978,0.9966,0.9988,0.0793,0.0781,0.0806,0.0745
leiden,hash_base,connected_triples,3,1.0,1.0,1.0,0.1312,0.1297,0.1329,0.1262
leiden,hash_base,connected_triples,5,1.0,1.0,1.0,0.1312,0.1297,0.1329,0.1262
leiden,hash_base,connected_triples,full,1.0,1.0,1.0,0.1312,0.1297,0.1329,0.1262
leiden,hash_base,frequent_pairs,1,0.9996,0.9991,1.0,0.0443,0.0433,0.0452,0.0388
leiden,hash_base,frequent_pairs,2,1.0,1.0,1.0,0.1039,0.1023,0.1055,0.0983
leiden,hash_base,frequent_pairs,3,1.0,1.0,1.0,0.1039,0.1023,0.1055,0.0983
leiden,hash_base,frequent_pairs,5,1.0,1.0,1.0,0.1039,0.1023,0.1055,0.0983
leiden,hash_base,frequent_pairs,full,1.0,1.0,1.0,0.1039,0.1023,0.1055,0.0983
leiden,hash_base,frequent_triples,1,0.9688,0.9641,0.9732,0.0433,0.0423,0.0443,0.0375
leiden,hash_base,frequent_triples,2,1.0,1.0,1.0,0.0921,0.0907,0.0934,0.0873
leiden,hash_base,frequent_triples,3,1.0,1.0,1.0,0.1582,0.1563,0.1603,0.1518
leiden,hash_base,frequent_triples,5,1.0,1.0,1.0,0.1582,0.1563,0.1603,0.1518
leiden,hash_base,frequent_triples,full,1.0,1.0,1.0,0.1582,0.1563,0.1603,0.1518
leiden,base,train,1,0.8154,0.8098,0.8213,0.3717,0.3658,0.3775,0.4496
leiden,base,train,2,0.9855,0.9838,0.9869,0.6881,0.6801,0.6966,0.6672
leiden,base,train,3,0.9989,0.9985,0.9993,0.8472,0.8369,0.8578,0.7751
leiden,base,train,5,1.0,1.0,1.0,0.9135,0.9021,0.9255,0.7985
leiden,base,train,full,1.0,1.0,1.0,0.9178,0.906,0.9301,0.7997
leiden,base,holdout,1,0.7962,0.7889,0.8034,0.3502,0.3427,0.3576,0.3737
leiden,base,holdout,2,0.9824,0.9803,0.9845,0.6737,0.6633,0.6842,0.6668
leiden,base,holdout,3,0.9992,0.9989,0.9995,0.8555,0.8423,0.8693,0.7943
leiden,base,holdout,5,1.0,1.0,1.0,0.9345,0.9198,0.9505,0.8251
leiden,base,holdout,full,1.0,1.0,1.0,0.9408,0.9259,0.9563,0.8257
leiden,base,ood,1,0.7286,0.7218,0.7348,0.329,0.3234,0.334,0.3463
leiden,base,ood,2,0.9251,0.9218,0.9285,0.6369,0.6296,0.644,0.6156
leiden,base,ood,3,0.9866,0.9853,0.9879,0.9824,0.9732,0.9909,0.9608
leiden,base,ood,5,0.9998,0.9997,0.9999,1.3498,1.338,1.3601,1.331
leiden,base,ood,full,1.0,1.0,1.0,1.3923,1.3798,1.4043,1.3669
leiden,base,connected_pairs,1,1.0,1.0,1.0,0.4361,0.4248,0.4482,0.465
leiden,base,connected_pairs,2,1.0,1.0,1.0,0.4409,0.4295,0.4533,0.5154
leiden,base,connected_pairs,3,1.0,1.0,1.0,0.4409,0.4295,0.4533,0.5154
leiden,base,connected_pairs,5,1.0,1.0,1.0,0.4409,0.4295,0.4533,0.5154
leiden,base,connected_pairs,full,1.0,1.0,1.0,0.4409,0.4295,0.4533,0.5154
leiden,base,connected_triples,1,0.9986,0.9976,0.9994,0.5664,0.5591,0.5737,0.5784
leiden,base,connected_triples,2,1.0,1.0,1.0,0.7108,0.6977,0.724,0.6469
leiden,base,connected_triples,3,1.0,1.0,1.0,0.7276,0.7133,0.7429,0.6469
leiden,base,connected_triples,5,1.0,1.0,1.0,0.7276,0.7133,0.7429,0.6469
leiden,base,connected_triples,full,1.0,1.0,1.0,0.7276,0.7133,0.7429,0.6469
leiden,base,frequent_pairs,1,0.9998,0.9994,1.0,0.5997,0.5935,0.6057,0.6283
leiden,base,frequent_pairs,2,1.0,1.0,1.0,0.7876,0.7734,0.8004,0.6469
leiden,base,frequent_pairs,3,1.0,1.0,1.0,0.7876,0.7734,0.8004,0.6469
leiden,base,frequent_pairs,5,1.0,1.0,1.0,0.7876,0.7734,0.8004,0.6469
leiden,base,frequent_pairs,full,1.0,1.0,1.0,0.7876,0.7734,0.8004,0.6469
leiden,base,frequent_triples,1,0.9978,0.9966,0.9988,0.597,0.5909,0.6027,0.6283
leiden,base,frequent_triples,2,1.0,1.0,1.0,0.8699,0.8561,0.8837,0.751
leiden,base,frequent_triples,3,1.0,1.0,1.0,0.9423,0.9243,0.9613,0.7943
leiden,base,frequent_triples,5,1.0,1.0,1.0,0.9423,0.9243,0.9613,0.7943
leiden,base,frequent_triples,full,1.0,1.0,1.0,0.9423,0.9243,0.9613,0.7943
leiden,base_r2,train,1,0.8529,0.8477,0.8583,0.5436,0.5358,0.5514,0.7684
leiden,base_r2,train,2,0.9909,0.9897,0.9921,0.8989,0.8887,0.9095,0.9028
leiden,base_r2,train,3,0.9994,0.9991,0.9997,1.0314,1.0193,1.0438,0.9355
leiden,base_r2,train,5,1.0,1.0,1.0,1.0684,1.0556,1.0816,0.9414
leiden,base_r2,train,full,1.0,1.0,1.0,1.0696,1.0568,1.0829,0.9414
leiden,base_r2,holdout,1,0.8394,0.8325,0.8466,0.5211,0.511,0.5308,0.721
leiden,base_r2,holdout,2,0.9891,0.9872,0.9907,0.8919,0.8782,0.9046,0.918
leiden,base_r2,holdout,3,0.9999,0.9998,1.0,1.0553,1.0405,1.0703,0.9474
leiden,base_r2,holdout,5,1.0,1.0,1.0,1.1,1.0842,1.1164,0.9589
leiden,base_r2,holdout,full,1.0,1.0,1.0,1.1031,1.0872,1.1199,0.9589
leiden,base_r2,ood,1,0.8332,0.8274,0.8385,0.5541,0.5472,0.5609,0.4929
leiden,base_r2,ood,2,0.957,0.9543,0.9597,0.956,0.9457,0.9654,0.9426
leiden,base_r2,ood,3,0.9927,0.9917,0.9937,1.369,1.3568,1.3814,1.3952
leiden,base_r2,ood,5,0.9999,0.9998,1.0,1.6794,1.6661,1.6928,1.6935
leiden,base_r2,ood,full,1.0,1.0,1.0,1.7018,1.688,1.7153,1.705
leiden,base_r2,connected_pairs,1,1.0,1.0,1.0,0.5893,0.5752,0.6056,0.721
leiden,base_r2,connected_pairs,2,1.0,1.0,1.0,0.5893,0.5752,0.6056,0.721
leiden,base_r2,connected_pairs,3,1.0,1.0,1.0,0.5893,0.5752,0.6056,0.721
leiden,base_r2,connected_pairs,5,1.0,1.0,1.0,0.5893,0.5752,0.6056,0.721
leiden,base_r2,connected_pairs,full,1.0,1.0,1.0,0.5893,0.5752,0.6056,0.721
leiden,base_r2,connected_triples,1,1.0,1.0,1.0,0.7682,0.7604,0.776,0.7684
leiden,base_r2,connected_triples,2,1.0,1.0,1.0,0.8362,0.8246,0.8489,0.8436
leiden,base_r2,connected_triples,3,1.0,1.0,1.0,0.8362,0.8246,0.8489,0.8436
leiden,base_r2,connected_triples,5,1.0,1.0,1.0,0.8362,0.8246,0.8489,0.8436
leiden,base_r2,connected_triples,full,1.0,1.0,1.0,0.8362,0.8246,0.8489,0.8436
leiden,base_r2,frequent_pairs,1,1.0,0.9998,1.0,0.8373,0.8318,0.843,0.9028
leiden,base_r2,frequent_pairs,2,1.0,1.0,1.0,0.9112,0.8991,0.9236,0.9028
leiden,base_r2,frequent_pairs,3,1.0,1.0,1.0,0.9112,0.8991,0.9236,0.9028
leiden,base_r2,frequent_pairs,5,1.0,1.0,1.0,0.9112,0.8991,0.9236,0.9028
leiden,base_r2,frequent_pairs,full,1.0,1.0,1.0,0.9112,0.8991,0.9236,0.9028
leiden,base_r2,frequent_triples,1,1.0,0.9998,1.0,0.8245,0.818,0.8311,0.9028
leiden,base_r2,frequent_triples,2,1.0,1.0,1.0,0.9957,0.9796,1.0124,0.9028
leiden,base_r2,frequent_triples,3,1.0,1.0,1.0,1.0085,0.9912,1.0265,0.9028
leiden,base_r2,frequent_triples,5,1.0,1.0,1.0,1.0085,0.9912,1.0265,0.9028
leiden,base_r2,frequent_triples,full,1.0,1.0,1.0,1.0085,0.9912,1.0265,0.9028
leiden,base_r3,train,1,0.8637,0.8585,0.8691,0.6068,0.5987,0.6154,0.8557
leiden,base_r3,train,2,0.9922,0.991,0.9933,0.9361,0.9264,0.9464,0.9568
leiden,base_r3,train,3,0.9995,0.9992,0.9998,1.0395,1.0272,1.0515,0.9683
leiden,base_r3,train,5,1.0,1.0,1.0,1.0606,1.0485,1.0728,0.9711
leiden,base_r3,train,full,1.0,1.0,1.0,1.0612,1.0491,1.0735,0.9711
leiden,base_r3,holdout,1,0.8515,0.8446,0.8584,0.5835,0.5729,0.5937,0.8557
leiden,base_r3,holdout,2,0.9903,0.9886,0.9918,0.926,0.9132,0.939,0.9578
leiden,base_r3,holdout,3,0.9999,0.9998,1.0,1.0545,1.0401,1.0694,0.9765
leiden,base_r3,holdout,5,1.0,1.0,1.0,1.0849,1.07,1.1008,0.9809
leiden,base_r3,holdout,full,1.0,1.0,1.0,1.087,1.0716,1.1032,0.9809
leiden,base_r3,ood,1,0.8779,0.8728,0.8829,0.682,0.6754,0.6888,0.8557
leiden,base_r3,ood,2,0.9698,0.9672,0.9722,1.0871,1.0769,1.0971,0.9896
leiden,base_r3,ood,3,0.9948,0.9939,0.9956,1.4438,1.4324,1.4556,1.4927
leiden,base_r3,ood,5,0.9999,0.9999,1.0,1.6682,1.6556,1.6813,1.7187
leiden,base_r3,ood,full,1.0,1.0,1.0,1.6822,1.6694,1.6954,1.7327
leiden,base_r3,connected_pairs,1,1.0,1.0,1.0,0.6633,0.6491,0.6805,0.85
leiden,base_r3,connected_pairs,2,1.0,1.0,1.0,0.6633,0.6491,0.6805,0.85
leiden,base_r3,connected_pairs,3,1.0,1.0,1.0,0.6633,0.6491,0.6805,0.85
leiden,base_r3,connected_pairs,5,1.0,1.0,1.0,0.6633,0.6491,0.6805,0.85
leiden,base_r3,connected_pairs,full,1.0,1.0,1.0,0.6633,0.6491,0.6805,0.85
leiden,base_r3,connected_triples,1,1.0,1.0,1.0,0.8575,0.8511,0.8642,0.9319
leiden,base_r3,connected_triples,2,1.0,1.0,1.0,0.8836,0.8753,0.8927,0.9319
leiden,base_r3,connected_triples,3,1.0,1.0,1.0,0.8836,0.8753,0.8927,0.9319
leiden,base_r3,connected_triples,5,1.0,1.0,1.0,0.8836,0.8753,0.8927,0.9319
leiden,base_r3,connected_triples,full,1.0,1.0,1.0,0.8836,0.8753,0.8927,0.9319
leiden,base_r3,frequent_pairs,1,1.0,1.0,1.0,0.9121,0.9083,0.9159,0.9483
leiden,base_r3,frequent_pairs,2,1.0,1.0,1.0,0.9337,0.9268,0.9411,0.9483
leiden,base_r3,frequent_pairs,3,1.0,1.0,1.0,0.9337,0.9268,0.9411,0.9483
leiden,base_r3,frequent_pairs,5,1.0,1.0,1.0,0.9337,0.9268,0.9411,0.9483
leiden,base_r3,frequent_pairs,full,1.0,1.0,1.0,0.9337,0.9268,0.9411,0.9483
leiden,base_r3,frequent_triples,1,1.0,1.0,1.0,0.9034,0.8989,0.9078,0.9483
leiden,base_r3,frequent_triples,2,1.0,1.0,1.0,0.9853,0.9729,0.9982,0.9483
leiden,base_r3,frequent_triples,3,1.0,1.0,1.0,0.9857,0.9732,0.9987,0.9483
leiden,base_r3,frequent_triples,5,1.0,1.0,1.0,0.9857,0.9732,0.9987,0.9483
leiden,base_r3,frequent_triples,full,1.0,1.0,1.0,0.9857,0.9732,0.9987,0.9483
leiden,hash_aff,train,1,0.6573,0.6511,0.6636,0.0638,0.0634,0.0643,0.0585
leiden,hash_aff,train,2,0.955,0.9522,0.9575,0.129,0.1282,0.1297,0.1262
leiden,hash_aff,train,3,0.9953,0.9945,0.9961,0.1842,0.183,0.1854,0.1869
leiden,hash_aff,train,5,1.0,0.9999,1.0,0.2286,0.2267,0.2305,0.223
leiden,hash_aff,train,full,1.0,1.0,1.0,0.2349,0.2327,0.2369,0.2231
leiden,hash_aff,holdout,1,0.6601,0.6524,0.668,0.0647,0.0641,0.0653,0.0596
leiden,hash_aff,holdout,2,0.957,0.9537,0.9601,0.1293,0.1284,0.1304,0.1264
leiden,hash_aff,holdout,3,0.9961,0.9951,0.9969,0.1833,0.1819,0.1848,0.1861
leiden,hash_aff,holdout,5,0.9997,0.9993,1.0,0.2256,0.2233,0.228,0.2195
leiden,hash_aff,holdout,full,1.0,1.0,1.0,0.2318,0.2292,0.2346,0.2195
leiden,hash_aff,ood,1,0.4896,0.4833,0.4958,0.0631,0.0627,0.0636,0.0582
leiden,hash_aff,ood,2,0.8229,0.8183,0.8276,0.1273,0.1267,0.128,0.1226
leiden,hash_aff,ood,3,0.9616,0.9593,0.9638,0.1939,0.1931,0.1947,0.1887
leiden,hash_aff,ood,5,0.9989,0.9986,0.9992,0.2961,0.2947,0.2976,0.2961
leiden,hash_aff,ood,full,1.0,1.0,1.0,0.3196,0.3176,0.3216,0.3073
leiden,hash_aff,connected_pairs,1,0.858,0.8488,0.8675,0.0641,0.0629,0.0652,0.0588
leiden,hash_aff,connected_pairs,2,1.0,1.0,1.0,0.1285,0.127,0.13,0.1237
leiden,hash_aff,connected_pairs,3,1.0,1.0,1.0,0.1285,0.127,0.13,0.1237
leiden,hash_aff,connected_pairs,5,1.0,1.0,1.0,0.1285,0.127,0.13,0.1237
leiden,hash_aff,connected_pairs,full,1.0,1.0,1.0,0.1285,0.127,0.13,0.1237
leiden,hash_aff,connected_triples,1,0.848,0.8378,0.8583,0.0644,0.0634,0.0654,0.0595
leiden,hash_aff,connected_triples,2,0.9978,0.9966,0.9988,0.13,0.1285,0.1316,0.1249
leiden,hash_aff,connected_triples,3,1.0,1.0,1.0,0.205,0.203,0.2069,0.1999
leiden,hash_aff,connected_triples,5,1.0,1.0,1.0,0.205,0.203,0.2069,0.1999
leiden,hash_aff,connected_triples,full,1.0,1.0,1.0,0.205,0.203,0.2069,0.1999
leiden,hash_aff,frequent_pairs,1,0.9996,0.999,1.0,0.0679,0.0669,0.069,0.0632
leiden,hash_aff,frequent_pairs,2,1.0,1.0,1.0,0.1487,0.147,0.1504,0.1444
leiden,hash_aff,frequent_pairs,3,1.0,1.0,1.0,0.1487,0.147,0.1504,0.1444
leiden,hash_aff,frequent_pairs,5,1.0,1.0,1.0,0.1487,0.147,0.1504,0.1444
leiden,hash_aff,frequent_pairs,full,1.0,1.0,1.0,0.1487,0.147,0.1504,0.1444
leiden,hash_aff,frequent_triples,1,0.9698,0.9654,0.9742,0.0673,0.0663,0.0683,0.0622
leiden,hash_aff,frequent_triples,2,1.0,1.0,1.0,0.1421,0.1406,0.1435,0.1385
leiden,hash_aff,frequent_triples,3,1.0,1.0,1.0,0.2263,0.2245,0.2284,0.2227
leiden,hash_aff,frequent_triples,5,1.0,1.0,1.0,0.2263,0.2245,0.2284,0.2227
leiden,hash_aff,frequent_triples,full,1.0,1.0,1.0,0.2263,0.2245,0.2284,0.2227
leiden,aff,train,1,0.9245,0.9211,0.928,0.5956,0.5913,0.6002,0.6964
leiden,aff,train,2,0.997,0.9965,0.9976,1.037,1.0295,1.0446,1.0984
leiden,aff,train,3,0.9999,0.9998,1.0,1.2466,1.2358,1.2572,1.2558
leiden,aff,train,5,1.0,1.0,1.0,1.3199,1.3069,1.3328,1.2736
leiden,aff,train,full,1.0,1.0,1.0,1.3226,1.3092,1.3362,1.2736
leiden,aff,holdout,1,0.9202,0.9157,0.9249,0.5949,0.5892,0.6009,0.6964
leiden,aff,holdout,2,0.9965,0.9957,0.9972,1.0451,1.0354,1.0542,1.1015
leiden,aff,holdout,3,0.9999,0.9998,1.0,1.2738,1.2606,1.2872,1.2799
leiden,aff,holdout,5,1.0,1.0,1.0,1.3619,1.3457,1.3784,1.3041
leiden,aff,holdout,full,1.0,1.0,1.0,1.3655,1.3492,1.3826,1.3041
leiden,aff,ood,1,0.8715,0.8675,0.8757,0.5181,0.5138,0.522,0.4214
leiden,aff,ood,2,0.9809,0.9795,0.9823,1.0368,1.0304,1.0426,1.0984
leiden,aff,ood,3,0.9983,0.9979,0.9986,1.5037,1.4954,1.5121,1.5479
leiden,aff,ood,5,1.0,1.0,1.0,1.8723,1.8596,1.8845,1.8536
leiden,aff,ood,full,1.0,1.0,1.0,1.8976,1.8845,1.9109,1.8589
leiden,aff,connected_pairs,1,1.0,1.0,1.0,0.4979,0.4861,0.5105,0.5835
leiden,aff,connected_pairs,2,1.0,1.0,1.0,0.5034,0.4914,0.5169,0.6076
leiden,aff,connected_pairs,3,1.0,1.0,1.0,0.5034,0.4914,0.5169,0.6076
leiden,aff,connected_pairs,5,1.0,1.0,1.0,0.5034,0.4914,0.5169,0.6076
leiden,aff,connected_pairs,full,1.0,1.0,1.0,0.5034,0.4914,0.5169,0.6076
leiden,aff,connected_triples,1,0.9989,0.9979,0.9996,0.6445,0.6372,0.6515,0.6964
leiden,aff,connected_triples,2,1.0,1.0,1.0,0.8068,0.7924,0.8208,0.7386
leiden,aff,connected_triples,3,1.0,1.0,1.0,0.8258,0.8102,0.8424,0.7386
leiden,aff,connected_triples,5,1.0,1.0,1.0,0.8258,0.8102,0.8424,0.7386
leiden,aff,connected_triples,full,1.0,1.0,1.0,0.8258,0.8102,0.8424,0.7386
leiden,aff,frequent_pairs,1,0.9998,0.9996,1.0,0.6773,0.6716,0.683,0.6964
leiden,aff,frequent_pairs,2,1.0,1.0,1.0,0.8881,0.873,0.9016,0.7386
leiden,aff,frequent_pairs,3,1.0,1.0,1.0,0.8881,0.873,0.9016,0.7386
leiden,aff,frequent_pairs,5,1.0,1.0,1.0,0.8881,0.873,0.9016,0.7386
leiden,aff,frequent_pairs,full,1.0,1.0,1.0,0.8881,0.873,0.9016,0.7386
leiden,aff,frequent_triples,1,0.9982,0.997,0.9992,0.6743,0.6685,0.6797,0.6964
leiden,aff,frequent_triples,2,1.0,1.0,1.0,0.9803,0.9655,0.9953,0.8306
leiden,aff,frequent_triples,3,1.0,1.0,1.0,1.0628,1.0433,1.0836,0.8306
leiden,aff,frequent_triples,5,1.0,1.0,1.0,1.0628,1.0433,1.0836,0.8306
leiden,aff,frequent_triples,full,1.0,1.0,1.0,1.0628,1.0433,1.0836,0.8306
leiden,aff_r2,train,1,0.9518,0.949,0.9546,0.7558,0.7512,0.7607,0.856
leiden,aff_r2,train,2,0.9989,0.9986,0.9993,1.2494,1.2403,1.2584,1.2843
leiden,aff_r2,train,3,1.0,1.0,1.0,1.417,1.4036,1.4292,1.4467
leiden,aff_r2,train,5,1.0,1.0,1.0,1.4498,1.4354,1.4632,1.4512
leiden,aff_r2,train,full,1.0,1.0,1.0,1.4502,1.4359,1.4636,1.4512
leiden,aff_r2,holdout,1,0.9519,0.9481,0.9556,0.7572,0.7506,0.7636,0.856
leiden,aff_r2,holdout,2,0.9989,0.9985,0.9993,1.2683,1.2567,1.2795,1.3479
leiden,aff_r2,holdout,3,1.0,1.0,1.0,1.4528,1.4378,1.4679,1.466
leiden,aff_r2,holdout,5,1.0,1.0,1.0,1.4936,1.4775,1.5107,1.466
leiden,aff_r2,holdout,full,1.0,1.0,1.0,1.4942,1.4781,1.511,1.466
leiden,aff_r2,ood,1,0.9336,0.9304,0.9366,0.6912,0.6868,0.6955,0.7686
leiden,aff_r2,ood,2,0.9929,0.992,0.9937,1.3509,1.3435,1.3578,1.4265
leiden,aff_r2,ood,3,0.9996,0.9994,0.9997,1.8655,1.8553,1.876,1.8863
leiden,aff_r2,ood,5,1.0,1.0,1.0,2.1084,2.0943,2.1228,2.1134
leiden,aff_r2,ood,full,1.0,1.0,1.0,2.1162,2.1019,2.1304,2.1165
leiden,aff_r2,connected_pairs,1,1.0,1.0,1.0,0.6191,0.6049,0.6354,0.7686
leiden,aff_r2,connected_pairs,2,1.0,1.0,1.0,0.6191,0.6049,0.6354,0.7686
leiden,aff_r2,connected_pairs,3,1.0,1.0,1.0,0.6191,0.6049,0.6354,0.7686
leiden,aff_r2,connected_pairs,5,1.0,1.0,1.0,0.6191,0.6049,0.6354,0.7686
leiden,aff_r2,connected_pairs,full,1.0,1.0,1.0,0.6191,0.6049,0.6354,0.7686
leiden,aff_r2,connected_triples,1,1.0,1.0,1.0,0.8021,0.7953,0.8091,0.8233
leiden,aff_r2,connected_triples,2,1.0,1.0,1.0,0.8716,0.8605,0.884,0.856
leiden,aff_r2,connected_triples,3,1.0,1.0,1.0,0.8716,0.8605,0.884,0.856
leiden,aff_r2,connected_triples,5,1.0,1.0,1.0,0.8716,0.8605,0.884,0.856
leiden,aff_r2,connected_triples,full,1.0,1.0,1.0,0.8716,0.8605,0.884,0.856
leiden,aff_r2,frequent_pairs,1,1.0,1.0,1.0,0.8656,0.8608,0.8706,0.9221
leiden,aff_r2,frequent_pairs,2,1.0,1.0,1.0,0.941,0.929,0.9535,0.9221
leiden,aff_r2,frequent_pairs,3,1.0,1.0,1.0,0.941,0.929,0.9535,0.9221
leiden,aff_r2,frequent_pairs,5,1.0,1.0,1.0,0.941,0.929,0.9535,0.9221
leiden,aff_r2,frequent_pairs,full,1.0,1.0,1.0,0.941,0.929,0.9535,0.9221
leiden,aff_r2,frequent_triples,1,1.0,0.9998,1.0,0.853,0.8473,0.8587,0.9221
leiden,aff_r2,frequent_triples,2,1.0,1.0,1.0,1.0286,1.0128,1.0454,0.9221
leiden,aff_r2,frequent_triples,3,1.0,1.0,1.0,1.0418,1.0239,1.0605,0.9221
leiden,aff_r2,frequent_triples,5,1.0,1.0,1.0,1.0418,1.0239,1.0605,0.9221
leiden,aff_r2,frequent_triples,full,1.0,1.0,1.0,1.0418,1.0239,1.0605,0.9221
leiden,aff_r3,train,1,0.9614,0.9588,0.9641,0.8218,0.817,0.8267,0.9363
leiden,aff_r3,train,2,0.9994,0.9992,0.9997,1.3052,1.2955,1.3153,1.2583
leiden,aff_r3,train,3,1.0,1.0,1.0,1.4408,1.4283,1.4533,1.4589
leiden,aff_r3,train,5,1.0,1.0,1.0,1.4592,1.4459,1.4723,1.4627
leiden,aff_r3,train,full,1.0,1.0,1.0,1.4593,1.446,1.4723,1.4627
leiden,aff_r3,holdout,1,0.962,0.9584,0.9653,0.8237,0.8176,0.8298,0.9363
leiden,aff_r3,holdout,2,0.9993,0.9989,0.9996,1.3259,1.3144,1.3382,1.3769
leiden,aff_r3,holdout,3,1.0,1.0,1.0,1.4771,1.4615,1.4919,1.528
leiden,aff_r3,holdout,5,1.0,1.0,1.0,1.5009,1.4852,1.5168,1.5325
leiden,aff_r3,holdout,full,1.0,1.0,1.0,1.5011,1.4854,1.517,1.5325
leiden,aff_r3,ood,1,0.9556,0.953,0.9582,0.7825,0.7783,0.7866,0.8874
leiden,aff_r3,ood,2,0.9962,0.9956,0.9968,1.4833,1.4757,1.4905,1.5613
leiden,aff_r3,ood,3,0.9998,0.9996,0.9999,1.9346,1.9235,1.9459,1.8935
leiden,aff_r3,ood,5,1.0,1.0,1.0,2.0967,2.0827,2.1115,1.9432
leiden,aff_r3,ood,full,1.0,1.0,1.0,2.1004,2.0864,2.1149,1.9432
leiden,aff_r3,connected_pairs,1,1.0,1.0,1.0,0.6811,0.6668,0.6983,0.8716
leiden,aff_r3,connected_pairs,2,1.0,1.0,1.0,0.6811,0.6668,0.6983,0.8716
leiden,aff_r3,connected_pairs,3,1.0,1.0,1.0,0.6811,0.6668,0.6983,0.8716
leiden,aff_r3,connected_pairs,5,1.0,1.0,1.0,0.6811,0.6668,0.6983,0.8716
leiden,aff_r3,connected_pairs,full,1.0,1.0,1.0,0.6811,0.6668,0.6983,0.8716
leiden,aff_r3,connected_triples,1,1.0,1.0,1.0,0.876,0.8701,0.8822,0.9363
leiden,aff_r3,connected_triples,2,1.0,1.0,1.0,0.9024,0.8943,0.9113,0.9363
leiden,aff_r3,connected_triples,3,1.0,1.0,1.0,0.9024,0.8943,0.9113,0.9363
leiden,aff_r3,connected_triples,5,1.0,1.0,1.0,0.9024,0.8943,0.9113,0.9363
leiden,aff_r3,connected_triples,full,1.0,1.0,1.0,0.9024,0.8943,0.9113,0.9363
leiden,aff_r3,frequent_pairs,1,1.0,1.0,1.0,0.9266,0.9231,0.9299,0.9572
leiden,aff_r3,frequent_pairs,2,1.0,1.0,1.0,0.9485,0.9417,0.9557,0.9572
leiden,aff_r3,frequent_pairs,3,1.0,1.0,1.0,0.9485,0.9417,0.9557,0.9572
leiden,aff_r3,frequent_pairs,5,1.0,1.0,1.0,0.9485,0.9417,0.9557,0.9572
leiden,aff_r3,frequent_pairs,full,1.0,1.0,1.0,0.9485,0.9417,0.9557,0.9572
leiden,aff_r3,frequent_triples,1,1.0,1.0,1.0,0.9181,0.9141,0.9222,0.9572
leiden,aff_r3,frequent_triples,2,1.0,1.0,1.0,1.001,0.9886,1.0139,0.9572
leiden,aff_r3,frequent_triples,3,1.0,1.0,1.0,1.0015,0.9891,1.0146,0.9572
leiden,aff_r3,frequent_triples,5,1.0,1.0,1.0,1.0015,0.9891,1.0146,0.9572
leiden,aff_r3,frequent_triples,full,1.0,1.0,1.0,1.0015,0.9891,1.0146,0.9572
leiden,hash_bal,train,1,0.6961,0.6907,0.7023,0.1798,0.179,0.1806,0.1771
leiden,hash_bal,train,2,0.9643,0.9621,0.9665,0.3534,0.3521,0.3547,0.3564
leiden,hash_bal,train,3,0.9967,0.9961,0.9973,0.4919,0.4892,0.4943,0.5196
leiden,hash_bal,train,5,1.0,0.9999,1.0,0.5938,0.5889,0.5978,0.5802
leiden,hash_bal,train,full,1.0,1.0,1.0,0.6074,0.6019,0.6122,0.5802
leiden,hash_bal,holdout,1,0.6974,0.69,0.7051,0.1794,0.1784,0.1803,0.1761
leiden,hash_bal,holdout,2,0.9658,0.963,0.9684,0.3526,0.3508,0.3543,0.3561
leiden,hash_bal,holdout,3,0.9972,0.9965,0.9979,0.4893,0.4861,0.4926,0.5183
leiden,hash_bal,holdout,5,0.9999,0.9997,1.0,0.5874,0.5821,0.5927,0.5764
leiden,hash_bal,holdout,full,1.0,1.0,1.0,0.6013,0.595,0.6074,0.5764
leiden,hash_bal,ood,1,0.5551,0.5489,0.5607,0.1795,0.1788,0.1803,0.1761
leiden,hash_bal,ood,2,0.8626,0.8588,0.8666,0.3618,0.3607,0.3628,0.3567
leiden,hash_bal,ood,3,0.9728,0.9711,0.9745,0.5452,0.5438,0.5465,0.5423
leiden,hash_bal,ood,5,0.9995,0.9993,0.9996,0.8035,0.8003,0.8068,0.82
leiden,hash_bal,ood,full,1.0,1.0,1.0,0.8571,0.8523,0.8618,0.8362
leiden,hash_bal,connected_pairs,1,0.8731,0.8651,0.8817,0.1788,0.177,0.1806,0.1758
leiden,hash_bal,connected_pairs,2,1.0,1.0,1.0,0.3591,0.3565,0.3615,0.3556
leiden,hash_bal,connected_pairs,3,1.0,1.0,1.0,0.3591,0.3565,0.3615,0.3556
leiden,hash_bal,connected_pairs,5,1.0,1.0,1.0,0.3591,0.3565,0.3615,0.3556
leiden,hash_bal,connected_pairs,full,1.0,1.0,1.0,0.3591,0.3565,0.3615,0.3556
leiden,hash_bal,connected_triples,1,0.8638,0.8546,0.873,0.1794,0.1778,0.181,0.1761
leiden,hash_bal,connected_triples,2,0.9984,0.9975,0.9992,0.3621,0.3599,0.3645,0.3577
leiden,hash_bal,connected_triples,3,1.0,1.0,1.0,0.5488,0.5458,0.552,0.5464
leiden,hash_bal,connected_triples,5,1.0,1.0,1.0,0.5488,0.5458,0.552,0.5464
leiden,hash_bal,connected_triples,full,1.0,1.0,1.0,0.5488,0.5458,0.552,0.5464
leiden,hash_bal,frequent_pairs,1,0.9996,0.9991,1.0,0.1843,0.1826,0.1858,0.1828
leiden,hash_bal,frequent_pairs,2,1.0,1.0,1.0,0.3771,0.3745,0.3798,0.3738
leiden,hash_bal,frequent_pairs,3,1.0,1.0,1.0,0.3771,0.3745,0.3798,0.3738
leiden,hash_bal,frequent_pairs,5,1.0,1.0,1.0,0.3771,0.3745,0.3798,0.3738
leiden,hash_bal,frequent_pairs,full,1.0,1.0,1.0,0.3771,0.3745,0.3798,0.3738
leiden,hash_bal,frequent_triples,1,0.9725,0.9684,0.9765,0.1828,0.1812,0.1844,0.1805
leiden,hash_bal,frequent_triples,2,1.0,1.0,1.0,0.3722,0.3699,0.3745,0.3688
leiden,hash_bal,frequent_triples,3,1.0,1.0,1.0,0.5659,0.5628,0.5692,0.5631
leiden,hash_bal,frequent_triples,5,1.0,1.0,1.0,0.5659,0.5628,0.5692,0.5631
leiden,hash_bal,frequent_triples,full,1.0,1.0,1.0,0.5659,0.5628,0.5692,0.5631
leiden,bal,train,1,0.7966,0.7914,0.8019,0.1497,0.1497,0.1497,0.15
leiden,bal,train,2,0.983,0.9815,0.9844,0.285,0.2841,0.2858,0.2999
leiden,bal,train,3,0.9987,0.9983,0.999,0.3711,0.3689,0.373,0.4497
leiden,bal,train,5,1.0,1.0,1.0,0.4175,0.4143,0.4206,0.4498
leiden,bal,train,full,1.0,1.0,1.0,0.4216,0.4181,0.4249,0.4498
leiden,bal,holdout,1,0.7804,0.774,0.7871,0.1497,0.1496,0.1497,0.15
leiden,bal,holdout,2,0.9787,0.9767,0.9807,0.2855,0.2844,0.2866,0.2999
leiden,bal,holdout,3,0.9981,0.9975,0.9987,0.3767,0.3742,0.3791,0.4497
leiden,bal,holdout,5,0.9999,0.9998,1.0,0.4283,0.4243,0.4325,0.4498
leiden,bal,holdout,full,1.0,1.0,1.0,0.4338,0.4294,0.4385,0.4498
leiden,bal,ood,1,0.6638,0.6578,0.6699,0.1496,0.1496,0.1496,0.15
leiden,bal,ood,2,0.9004,0.8972,0.9034,0.2988,0.2986,0.299,0.2999
leiden,bal,ood,3,0.9809,0.9795,0.9823,0.4408,0.44,0.4415,0.4498
leiden,bal,ood,5,0.9996,0.9994,0.9998,0.6027,0.6002,0.6054,0.5998
leiden,bal,ood,full,1.0,1.0,1.0,0.6291,0.6258,0.6326,0.5998
leiden,bal,connected_pairs,1,0.9999,0.9997,1.0,0.149,0.1488,0.1491,0.15
leiden,bal,connected_pairs,2,1.0,1.0,1.0,0.1508,0.1501,0.1516,0.15
leiden,bal,connected_pairs,3,1.0,1.0,1.0,0.1508,0.1501,0.1516,0.15
leiden,bal,connected_pairs,5,1.0,1.0,1.0,0.1508,0.1501,0.1516,0.15
leiden,bal,connected_pairs,full,1.0,1.0,1.0,0.1508,0.1501,0.1516,0.15
leiden,bal,connected_triples,1,0.9922,0.9897,0.9944,0.1499,0.1499,0.1499,0.15
leiden,bal,connected_triples,2,1.0,1.0,1.0,0.2259,0.223,0.2294,0.2996
leiden,bal,connected_triples,3,1.0,1.0,1.0,0.2395,0.2355,0.2439,0.2997
leiden,bal,connected_triples,5,1.0,1.0,1.0,0.2395,0.2355,0.2439,0.2997
leiden,bal,connected_triples,full,1.0,1.0,1.0,0.2395,0.2355,0.2439,0.2997
leiden,bal,frequent_pairs,1,0.9998,0.9992,1.0,0.1499,0.1499,0.1499,0.15
leiden,bal,frequent_pairs,2,1.0,1.0,1.0,0.2579,0.2549,0.2608,0.2999
leiden,bal,frequent_pairs,3,1.0,1.0,1.0,0.2579,0.2549,0.2608,0.2999
leiden,bal,frequent_pairs,5,1.0,1.0,1.0,0.2579,0.2549,0.2608,0.2999
leiden,bal,frequent_pairs,full,1.0,1.0,1.0,0.2579,0.2549,0.2608,0.2999
leiden,bal,frequent_triples,1,0.9856,0.9827,0.9884,0.1499,0.1499,0.1499,0.15
leiden,bal,frequent_triples,2,1.0,1.0,1.0,0.2833,0.2812,0.2853,0.2999
leiden,bal,frequent_triples,3,1.0,1.0,1.0,0.3644,0.3601,0.3689,0.4497
leiden,bal,frequent_triples,5,1.0,1.0,1.0,0.3644,0.3601,0.3689,0.4497
leiden,bal,frequent_triples,full,1.0,1.0,1.0,0.3644,0.3601,0.3689,0.4497
cpm,hash_base,train,1,0.6391,0.6326,0.6458,0.0067,0.0066,0.0069,0.0043
cpm,hash_base,train,2,0.9502,0.9472,0.9527,0.0185,0.0182,0.0188,0.0139
cpm,hash_base,train,3,0.9945,0.9936,0.9954,0.0347,0.0342,0.0352,0.0281
cpm,hash_base,train,5,1.0,0.9999,1.0,0.0506,0.0498,0.0513,0.046
cpm,hash_base,train,full,1.0,1.0,1.0,0.0532,0.0524,0.054,0.0472
cpm,hash_base,holdout,1,0.6399,0.6319,0.6482,0.0067,0.0065,0.0069,0.0045
cpm,hash_base,holdout,2,0.9513,0.9478,0.9546,0.0185,0.0182,0.0189,0.0139
cpm,hash_base,holdout,3,0.9953,0.9943,0.9963,0.0347,0.034,0.0353,0.0275
cpm,hash_base,holdout,5,0.9997,0.9993,1.0,0.05,0.0492,0.051,0.0459
cpm,hash_base,holdout,full,1.0,1.0,1.0,0.0528,0.0518,0.0539,0.0472
cpm,hash_base,ood,1,0.4574,0.4509,0.4637,0.0066,0.0064,0.0067,0.0044
cpm,hash_base,ood,2,0.8018,0.7968,0.8069,0.0148,0.0146,0.015,0.0118
cpm,hash_base,ood,3,0.9547,0.952,0.9573,0.0271,0.0267,0.0275,0.0224
cpm,hash_base,ood,5,0.9986,0.9982,0.999,0.0576,0.057,0.0582,0.0497
cpm,hash_base,ood,full,1.0,1.0,1.0,0.0673,0.0665,0.068,0.0581
cpm,hash_base,connected_pairs,1,0.8505,0.8414,0.8605,0.0062,0.0059,0.0066,0.0039
cpm,hash_base,connected_pairs,2,1.0,1.0,1.0,0.0136,0.0131,0.014,0.0105
cpm,hash_base,connected_pairs,3,1.0,1.0,1.0,0.0136,0.0131,0.014,0.0105
cpm,hash_base,connected_pairs,5,1.0,1.0,1.0,0.0136,0.0131,0.014,0.0105
cpm,hash_base,connected_pairs,full,1.0,1.0,1.0,0.0136,0.0131,0.014,0.0105
cpm,hash_base,connected_triples,1,0.8392,0.8284,0.8499,0.0063,0.006,0.0066,0.0042
cpm,hash_base,connected_triples,2,0.9977,0.9964,0.9987,0.0148,0.0143,0.0152,0.0117
cpm,hash_base,connected_triples,3,1.0,1.0,1.0,0.036,0.035,0.037,0.029
cpm,hash_base,connected_triples,5,1.0,1.0,1.0,0.036,0.035,0.037,0.029
cpm,hash_base,connected_triples,full,1.0,1.0,1.0,0.036,0.035,0.037,0.029
cpm,hash_base,frequent_pairs,1,0.9996,0.999,1.0,0.0125,0.012,0.013,0.0093
cpm,hash_base,frequent_pairs,2,1.0,1.0,1.0,0.0418,0.0407,0.0428,0.0383
cpm,hash_base,frequent_pairs,3,1.0,1.0,1.0,0.0418,0.0407,0.0428,0.0383
cpm,hash_base,frequent_pairs,5,1.0,1.0,1.0,0.0418,0.0407,0.0428,0.0383
cpm,hash_base,frequent_pairs,full,1.0,1.0,1.0,0.0418,0.0407,0.0428,0.0383
cpm,hash_base,frequent_triples,1,0.967,0.9623,0.9717,0.0109,0.0105,0.0113,0.0082
cpm,hash_base,frequent_triples,2,1.0,1.0,1.0,0.03,0.0292,0.0309,0.0245
cpm,hash_base,frequent_triples,3,1.0,1.0,1.0,0.0655,0.0642,0.067,0.0648
cpm,hash_base,frequent_triples,5,1.0,1.0,1.0,0.0655,0.0642,0.067,0.0648
cpm,hash_base,frequent_triples,full,1.0,1.0,1.0,0.0655,0.0642,0.067,0.0648
cpm,base,train,1,0.7043,0.6984,0.7108,0.0152,0.0147,0.0157,0.0061
cpm,base,train,2,0.9656,0.9631,0.9678,0.0368,0.0361,0.0376,0.0265
cpm,base,train,3,0.9964,0.9957,0.9971,0.0596,0.0586,0.0605,0.046
cpm,base,train,5,1.0,0.9999,1.0,0.0758,0.0745,0.0771,0.0586
cpm,base,train,full,1.0,1.0,1.0,0.0776,0.0762,0.0789,0.0592
cpm,base,holdout,1,0.6795,0.6715,0.6871,0.0149,0.0143,0.0156,0.0054
cpm,base,holdout,2,0.9586,0.9555,0.9616,0.0362,0.0353,0.0372,0.0257
cpm,base,holdout,3,0.996,0.995,0.9969,0.0596,0.0583,0.0609,0.0467
cpm,base,holdout,5,0.9998,0.9996,1.0,0.0769,0.0753,0.0786,0.0608
cpm,base,holdout,full,1.0,1.0,1.0,0.0794,0.0777,0.0812,0.0614
cpm,base,ood,1,0.5441,0.5377,0.551,0.0126,0.0122,0.0129,0.0061
cpm,base,ood,2,0.8337,0.8292,0.8385,0.0285,0.028,0.029,0.022
cpm,base,ood,3,0.9621,0.9598,0.9644,0.0518,0.051,0.0526,0.0423
cpm,base,ood,5,0.9988,0.9984,0.9991,0.0947,0.0936,0.0958,0.083
cpm,base,ood,full,1.0,1.0,1.0,0.1049,0.1036,0.1062,0.0908
cpm,base,connected_pairs,1,0.9992,0.9982,0.9998,0.0129,0.0121,0.0137,0.0077
cpm,base,connected_pairs,2,1.0,1.0,1.0,0.0132,0.0124,0.0141,0.0077
cpm,base,connected_pairs,3,1.0,1.0,1.0,0.0132,0.0124,0.0141,0.0077
cpm,base,connected_pairs,5,1.0,1.0,1.0,0.0132,0.0124,0.0141,0.0077
cpm,base,connected_pairs,full,1.0,1.0,1.0,0.0132,0.0124,0.0141,0.0077
cpm,base,connected_triples,1,0.9897,0.9868,0.9926,0.0226,0.0215,0.0237,0.0159
cpm,base,connected_triples,2,1.0,1.0,1.0,0.0493,0.0471,0.0515,0.0344
cpm,base,connected_triples,3,1.0,1.0,1.0,0.0537,0.0514,0.0561,0.0365
cpm,base,connected_triples,5,1.0,1.0,1.0,0.0537,0.0514,0.0561,0.0365
cpm,base,connected_triples,full,1.0,1.0,1.0,0.0537,0.0514,0.0561,0.0365
cpm,base,frequent_pairs,1,1.0,0.9998,1.0,0.0369,0.0349,0.0388,0.0206
cpm,base,frequent_pairs,2,1.0,1.0,1.0,0.0801,0.0773,0.083,0.0568
cpm,base,frequent_pairs,3,1.0,1.0,1.0,0.0801,0.0773,0.083,0.0568
cpm,base,frequent_pairs,5,1.0,1.0,1.0,0.0801,0.0773,0.083,0.0568
cpm,base,frequent_pairs,full,1.0,1.0,1.0,0.0801,0.0773,0.083,0.0568
cpm,base,frequent_triples,1,0.9802,0.9765,0.9838,0.037,0.0349,0.039,0.0204
cpm,base,frequent_triples,2,1.0,1.0,1.0,0.0746,0.0718,0.0773,0.0509
cpm,base,frequent_triples,3,1.0,1.0,1.0,0.112,0.109,0.1154,0.0905
cpm,base,frequent_triples,5,1.0,1.0,1.0,0.112,0.109,0.1154,0.0905
cpm,base,frequent_triples,full,1.0,1.0,1.0,0.112,0.109,0.1154,0.0905
cpm,base_r2,train,1,0.7486,0.7428,0.7552,0.0601,0.0581,0.062,0.0198
cpm,base_r2,train,2,0.9735,0.9713,0.9756,0.1331,0.13,0.136,0.0726
cpm,base_r2,train,3,0.9975,0.9969,0.998,0.1887,0.1848,0.1922,0.1132
cpm,base_r2,train,5,1.0,1.0,1.0,0.2177,0.2135,0.2216,0.1308
cpm,base_r2,train,full,1.0,1.0,1.0,0.2198,0.2156,0.2239,0.1317
cpm,base_r2,holdout,1,0.7214,0.7136,0.7295,0.0656,0.0627,0.0685,0.0156
cpm,base_r2,holdout,2,0.9663,0.9634,0.9691,0.1374,0.1331,0.1412,0.073
cpm,base_r2,holdout,3,0.997,0.9962,0.9978,0.1936,0.1885,0.1981,0.1176
cpm,base_r2,holdout,5,0.9999,0.9996,1.0,0.2262,0.2207,0.2316,0.1415
cpm,base_r2,holdout,full,1.0,1.0,1.0,0.2301,0.2243,0.2357,0.1426
cpm,base_r2,ood,1,0.5953,0.5888,0.602,0.0441,0.0427,0.0456,0.0177
cpm,base_r2,ood,2,0.86,0.8557,0.8642,0.1009,0.0987,0.1034,0.0662
cpm,base_r2,ood,3,0.969,0.9669,0.9711,0.1771,0.1739,0.1801,0.1232
cpm,base_r2,ood,5,0.9991,0.9988,0.9994,0.2838,0.2797,0.2877,0.2134
cpm,base_r2,ood,full,1.0,1.0,1.0,0.3024,0.2979,0.3067,0.2295
cpm,base_r2,connected_pairs,1,1.0,1.0,1.0,0.0348,0.032,0.0379,0.015
cpm,base_r2,connected_pairs,2,1.0,1.0,1.0,0.0349,0.032,0.0379,0.015
cpm,base_r2,connected_pairs,3,1.0,1.0,1.0,0.0349,0.032,0.0379,0.015
cpm,base_r2,connected_pairs,5,1.0,1.0,1.0,0.0349,0.032,0.0379,0.015
cpm,base_r2,connected_pairs,full,1.0,1.0,1.0,0.0349,0.032,0.0379,0.015
cpm,base_r2,connected_triples,1,0.9997,0.9993,1.0,0.0723,0.0676,0.0767,0.0367
cpm,base_r2,connected_triples,2,1.0,1.0,1.0,0.1405,0.1338,0.1471,0.0676
cpm,base_r2,connected_triples,3,1.0,1.0,1.0,0.1412,0.1344,0.1478,0.0677
cpm,base_r2,connected_triples,5,1.0,1.0,1.0,0.1412,0.1344,0.1478,0.0677
cpm,base_r2,connected_triples,full,1.0,1.0,1.0,0.1412,0.1344,0.1478,0.0677
cpm,base_r2,frequent_pairs,1,1.0,0.9998,1.0,0.153,0.1461,0.1602,0.0699
cpm,base_r2,frequent_pairs,2,1.0,1.0,1.0,0.2384,0.2301,0.2473,0.1606
cpm,base_r2,frequent_pairs,3,1.0,1.0,1.0,0.2384,0.2301,0.2473,0.1606
cpm,base_r2,frequent_pairs,5,1.0,1.0,1.0,0.2384,0.2301,0.2473,0.1606
cpm,base_r2,frequent_pairs,full,1.0,1.0,1.0,0.2384,0.2301,0.2473,0.1606
cpm,base_r2,frequent_triples,1,0.9894,0.9868,0.9919,0.1438,0.1363,0.1507,0.0673
cpm,base_r2,frequent_triples,2,1.0,1.0,1.0,0.2628,0.2544,0.2711,0.1862
cpm,base_r2,frequent_triples,3,1.0,1.0,1.0,0.3155,0.3066,0.3252,0.2802
cpm,base_r2,frequent_triples,5,1.0,1.0,1.0,0.3155,0.3066,0.3252,0.2802
cpm,base_r2,frequent_triples,full,1.0,1.0,1.0,0.3155,0.3066,0.3252,0.2802
cpm,base_r3,train,1,0.7696,0.7637,0.7758,0.0875,0.0848,0.0902,0.0323
cpm,base_r3,train,2,0.9772,0.975,0.979,0.1882,0.1845,0.192,0.1145
cpm,base_r3,train,3,0.9979,0.9973,0.9984,0.2569,0.2521,0.2614,0.1635
cpm,base_r3,train,5,1.0,1.0,1.0,0.2889,0.2838,0.2941,0.1853
cpm,base_r3,train,full,1.0,1.0,1.0,0.2912,0.2861,0.2964,0.1864
cpm,base_r3,holdout,1,0.7406,0.7326,0.7483,0.095,0.0912,0.0987,0.0269
cpm,base_r3,holdout,2,0.9702,0.9675,0.9728,0.1953,0.19,0.2005,0.1176
cpm,base_r3,holdout,3,0.9972,0.9965,0.998,0.2685,0.262,0.2747,0.1793
cpm,base_r3,holdout,5,0.9999,0.9997,1.0,0.3086,0.3009,0.316,0.2088
cpm,base_r3,holdout,full,1.0,1.0,1.0,0.313,0.3052,0.3207,0.2097
cpm,base_r3,ood,1,0.616,0.6097,0.6226,0.0616,0.0597,0.0636,0.0289
cpm,base_r3,ood,2,0.8702,0.866,0.8743,0.1425,0.1394,0.1458,0.0938
cpm,base_r3,ood,3,0.9718,0.9698,0.9738,0.2496,0.2452,0.2537,0.1802
cpm,base_r3,ood,5,0.9994,0.9991,0.9996,0.3903,0.3853,0.3956,0.3087
cpm,base_r3,ood,full,1.0,1.0,1.0,0.4131,0.4076,0.4187,0.3319
cpm,base_r3,connected_pairs,1,1.0,1.0,1.0,0.0515,0.0478,0.0559,0.0221
cpm,base_r3,connected_pairs,2,1.0,1.0,1.0,0.0515,0.0478,0.0559,0.0221
cpm,base_r3,connected_pairs,3,1.0,1.0,1.0,0.0515,0.0478,0.0559,0.0221
cpm,base_r3,connected_pairs,5,1.0,1.0,1.0,0.0515,0.0478,0.0559,0.0221
cpm,base_r3,connected_pairs,full,1.0,1.0,1.0,0.0515,0.0478,0.0559,0.0221
cpm,base_r3,connected_triples,1,0.9999,0.9997,1.0,0.1102,0.1041,0.1164,0.0595
cpm,base_r3,connected_triples,2,1.0,1.0,1.0,0.18,0.1717,0.1879,0.1036
cpm,base_r3,connected_triples,3,1.0,1.0,1.0,0.18,0.1717,0.1879,0.1036
cpm,base_r3,connected_triples,5,1.0,1.0,1.0,0.18,0.1717,0.1879,0.1036
cpm,base_r3,connected_triples,full,1.0,1.0,1.0,0.18,0.1717,0.1879,0.1036
cpm,base_r3,frequent_pairs,1,1.0,1.0,1.0,0.21,0.2018,0.2188,0.1163
cpm,base_r3,frequent_pairs,2,1.0,1.0,1.0,0.302,0.2919,0.3135,0.212
cpm,base_r3,frequent_pairs,3,1.0,1.0,1.0,0.302,0.2919,0.3135,0.212
cpm,base_r3,frequent_pairs,5,1.0,1.0,1.0,0.302,0.2919,0.3135,0.212
cpm,base_r3,frequent_pairs,full,1.0,1.0,1.0,0.302,0.2919,0.3135,0.212
cpm,base_r3,frequent_triples,1,0.9934,0.991,0.9954,0.198,0.1893,0.2064,0.1058
cpm,base_r3,frequent_triples,2,1.0,1.0,1.0,0.3465,0.3373,0.3566,0.2976
cpm,base_r3,frequent_triples,3,1.0,1.0,1.0,0.3943,0.3839,0.406,0.3642
cpm,base_r3,frequent_triples,5,1.0,1.0,1.0,0.3943,0.3839,0.406,0.3642
cpm,base_r3,frequent_triples,full,1.0,1.0,1.0,0.3943,0.3839,0.406,0.3642
cpm,hash_aff,train,1,0.6413,0.635,0.6478,0.0123,0.0121,0.0125,0.0092
cpm,hash_aff,train,2,0.9508,0.9478,0.9534,0.029,0.0286,0.0293,0.0249
cpm,hash_aff,train,3,0.9945,0.9936,0.9954,0.0482,0.0477,0.0487,0.0445
cpm,hash_aff,train,5,1.0,0.9999,1.0,0.0664,0.0655,0.0671,0.061
cpm,hash_aff,train,full,1.0,1.0,1.0,0.0695,0.0686,0.0703,0.0621
cpm,hash_aff,holdout,1,0.6422,0.6342,0.6505,0.0121,0.0119,0.0124,0.009
cpm,hash_aff,holdout,2,0.9517,0.9481,0.955,0.0289,0.0285,0.0294,0.0247
cpm,hash_aff,holdout,3,0.9954,0.9943,0.9964,0.048,0.0474,0.0488,0.0442
cpm,hash_aff,holdout,5,0.9997,0.9993,1.0,0.0655,0.0644,0.0665,0.0607
cpm,hash_aff,holdout,full,1.0,1.0,1.0,0.0686,0.0675,0.0697,0.0615
cpm,hash_aff,ood,1,0.4607,0.4542,0.4668,0.0117,0.0115,0.0119,0.0087
cpm,hash_aff,ood,2,0.8033,0.7983,0.8085,0.0252,0.0249,0.0255,0.0215
cpm,hash_aff,ood,3,0.9555,0.9529,0.9579,0.0426,0.0422,0.0431,0.0384
cpm,hash_aff,ood,5,0.9987,0.9983,0.999,0.0796,0.0789,0.0803,0.0737
cpm,hash_aff,ood,full,1.0,1.0,1.0,0.0909,0.0899,0.0918,0.0815
cpm,hash_aff,connected_pairs,1,0.8515,0.8422,0.8616,0.012,0.0115,0.0124,0.0086
cpm,hash_aff,connected_pairs,2,1.0,1.0,1.0,0.0245,0.0239,0.0252,0.0206
cpm,hash_aff,connected_pairs,3,1.0,1.0,1.0,0.0245,0.0239,0.0252,0.0206
cpm,hash_aff,connected_pairs,5,1.0,1.0,1.0,0.0245,0.0239,0.0252,0.0206
cpm,hash_aff,connected_pairs,full,1.0,1.0,1.0,0.0245,0.0239,0.0252,0.0206
cpm,hash_aff,connected_triples,1,0.8404,0.8297,0.851,0.0117,0.0113,0.0122,0.0086
cpm,hash_aff,connected_triples,2,0.9977,0.9964,0.9987,0.0256,0.025,0.0263,0.0221
cpm,hash_aff,connected_triples,3,1.0,1.0,1.0,0.051,0.0499,0.0521,0.0473
cpm,hash_aff,connected_triples,5,1.0,1.0,1.0,0.051,0.0499,0.0521,0.0473
cpm,hash_aff,connected_triples,full,1.0,1.0,1.0,0.051,0.0499,0.0521,0.0473
cpm,hash_aff,frequent_pairs,1,0.9996,0.999,1.0,0.0183,0.0177,0.019,0.014
cpm,hash_aff,frequent_pairs,2,1.0,1.0,1.0,0.0525,0.0512,0.0537,0.0481
cpm,hash_aff,frequent_pairs,3,1.0,1.0,1.0,0.0525,0.0512,0.0537,0.0481
cpm,hash_aff,frequent_pairs,5,1.0,1.0,1.0,0.0525,0.0512,0.0537,0.0481
cpm,hash_aff,frequent_pairs,full,1.0,1.0,1.0,0.0525,0.0512,0.0537,0.0481
cpm,hash_aff,frequent_triples,1,0.967,0.9623,0.9718,0.0166,0.016,0.0172,0.0129
cpm,hash_aff,frequent_triples,2,1.0,1.0,1.0,0.041,0.0401,0.042,0.0359
cpm,hash_aff,frequent_triples,3,1.0,1.0,1.0,0.0816,0.08,0.0833,0.074
cpm,hash_aff,frequent_triples,5,1.0,1.0,1.0,0.0816,0.08,0.0833,0.074
cpm,hash_aff,frequent_triples,full,1.0,1.0,1.0,0.0816,0.08,0.0833,0.074
cpm,aff,train,1,0.7463,0.7403,0.7521,0.031,0.0301,0.032,0.0182
cpm,aff,train,2,0.975,0.9729,0.977,0.0696,0.0683,0.071,0.0486
cpm,aff,train,3,0.9977,0.9971,0.9981,0.1094,0.1075,0.1112,0.0803
cpm,aff,train,5,1.0,1.0,1.0,0.1365,0.1341,0.1388,0.0986
cpm,aff,train,full,1.0,1.0,1.0,0.1393,0.1368,0.1416,0.0993
cpm,aff,holdout,1,0.7256,0.7182,0.7332,0.0332,0.0319,0.0345,0.0185
cpm,aff,holdout,2,0.9691,0.9664,0.9717,0.0708,0.069,0.0728,0.0481
cpm,aff,holdout,3,0.9973,0.9965,0.9979,0.1101,0.1075,0.1124,0.0807
cpm,aff,holdout,5,0.9999,0.9996,1.0,0.1392,0.1361,0.142,0.1009
cpm,aff,holdout,full,1.0,1.0,1.0,0.1425,0.1395,0.1457,0.1019
cpm,aff,ood,1,0.5863,0.5799,0.5933,0.0255,0.025,0.0261,0.0158
cpm,aff,ood,2,0.8574,0.853,0.862,0.0539,0.053,0.0548,0.0433
cpm,aff,ood,3,0.9687,0.9667,0.9707,0.0901,0.089,0.0914,0.0759
cpm,aff,ood,5,0.9992,0.9989,0.9995,0.1501,0.1484,0.152,0.1286
cpm,aff,ood,full,1.0,1.0,1.0,0.1631,0.161,0.1652,0.1375
cpm,aff,connected_pairs,1,0.9992,0.9982,0.9998,0.0176,0.0164,0.0189,0.0107
cpm,aff,connected_pairs,2,1.0,1.0,1.0,0.0182,0.017,0.0196,0.0107
cpm,aff,connected_pairs,3,1.0,1.0,1.0,0.0182,0.017,0.0196,0.0107
cpm,aff,connected_pairs,5,1.0,1.0,1.0,0.0182,0.017,0.0196,0.0107
cpm,aff,connected_pairs,full,1.0,1.0,1.0,0.0182,0.017,0.0196,0.0107
cpm,aff,connected_triples,1,0.9897,0.9868,0.9926,0.0312,0.0293,0.0331,0.0199
cpm,aff,connected_triples,2,1.0,1.0,1.0,0.071,0.0677,0.0743,0.0463
cpm,aff,connected_triples,3,1.0,1.0,1.0,0.0777,0.074,0.0813,0.0512
cpm,aff,connected_triples,5,1.0,1.0,1.0,0.0777,0.074,0.0813,0.0512
cpm,aff,connected_triples,full,1.0,1.0,1.0,0.0777,0.074,0.0813,0.0512
cpm,aff,frequent_pairs,1,1.0,0.9998,1.0,0.0523,0.0491,0.0553,0.0266
cpm,aff,frequent_pairs,2,1.0,1.0,1.0,0.1165,0.1122,0.1206,0.0766
cpm,aff,frequent_pairs,3,1.0,1.0,1.0,0.1165,0.1122,0.1206,0.0766
cpm,aff,frequent_pairs,5,1.0,1.0,1.0,0.1165,0.1122,0.1206,0.0766
cpm,aff,frequent_pairs,full,1.0,1.0,1.0,0.1165,0.1122,0.1206,0.0766
cpm,aff,frequent_triples,1,0.9806,0.9769,0.984,0.053,0.0498,0.056,0.026
cpm,aff,frequent_triples,2,1.0,1.0,1.0,0.1083,0.104,0.1124,0.0738
cpm,aff,frequent_triples,3,1.0,1.0,1.0,0.1624,0.1576,0.1672,0.1295
cpm,aff,frequent_triples,5,1.0,1.0,1.0,0.1624,0.1576,0.1672,0.1295
cpm,aff,frequent_triples,full,1.0,1.0,1.0,0.1624,0.1576,0.1672,0.1295
cpm,aff_r2,train,1,0.7908,0.785,0.7966,0.0852,0.0831,0.0877,0.0429
cpm,aff_r2,train,2,0.9818,0.9801,0.9835,0.1819,0.1785,0.1851,0.1131
cpm,aff_r2,train,3,0.9983,0.9979,0.9987,0.2578,0.2533,0.2617,0.1679
cpm,aff_r2,train,5,1.0,1.0,1.0,0.2965,0.2912,0.3014,0.1937
cpm,aff_r2,train,full,1.0,1.0,1.0,0.2994,0.2939,0.3044,0.1949
cpm,aff_r2,holdout,1,0.7699,0.7629,0.7765,0.0949,0.0916,0.0981,0.0448
cpm,aff_r2,holdout,2,0.9766,0.9742,0.9788,0.1896,0.1847,0.194,0.1151
cpm,aff_r2,holdout,3,0.9982,0.9976,0.9987,0.2641,0.2583,0.2697,0.1758
cpm,aff_r2,holdout,5,0.9999,0.9997,1.0,0.3085,0.3017,0.3148,0.212
cpm,aff_r2,holdout,full,1.0,1.0,1.0,0.3128,0.306,0.3194,0.2135
cpm,aff_r2,ood,1,0.6411,0.6348,0.6475,0.0659,0.0642,0.0678,0.0373
cpm,aff_r2,ood,2,0.8846,0.8805,0.8884,0.1461,0.1435,0.1488,0.1047
cpm,aff_r2,ood,3,0.9758,0.974,0.9775,0.2433,0.2396,0.2471,0.1818
cpm,aff_r2,ood,5,0.9995,0.9993,0.9997,0.3711,0.3663,0.3757,0.2965
cpm,aff_r2,ood,full,1.0,1.0,1.0,0.3917,0.3865,0.3968,0.3147
cpm,aff_r2,connected_pairs,1,1.0,1.0,1.0,0.0403,0.037,0.0439,0.0185
cpm,aff_r2,connected_pairs,2,1.0,1.0,1.0,0.0403,0.0371,0.0439,0.0185
cpm,aff_r2,connected_pairs,3,1.0,1.0,1.0,0.0403,0.0371,0.0439,0.0185
cpm,aff_r2,connected_pairs,5,1.0,1.0,1.0,0.0403,0.0371,0.0439,0.0185
cpm,aff_r2,connected_pairs,full,1.0,1.0,1.0,0.0403,0.0371,0.0439,0.0185
cpm,aff_r2,connected_triples,1,0.9997,0.9993,1.0,0.082,0.0766,0.087,0.0421
cpm,aff_r2,connected_triples,2,1.0,1.0,1.0,0.1585,0.1509,0.1659,0.0767
cpm,aff_r2,connected_triples,3,1.0,1.0,1.0,0.1592,0.1515,0.1666,0.0769
cpm,aff_r2,connected_triples,5,1.0,1.0,1.0,0.1592,0.1515,0.1666,0.0769
cpm,aff_r2,connected_triples,full,1.0,1.0,1.0,0.1592,0.1515,0.1666,0.0769
cpm,aff_r2,frequent_pairs,1,1.0,0.9998,1.0,0.1706,0.1631,0.1784,0.0814
cpm,aff_r2,frequent_pairs,2,1.0,1.0,1.0,0.2672,0.258,0.277,0.1791
cpm,aff_r2,frequent_pairs,3,1.0,1.0,1.0,0.2672,0.258,0.277,0.1791
cpm,aff_r2,frequent_pairs,5,1.0,1.0,1.0,0.2672,0.258,0.277,0.1791
cpm,aff_r2,frequent_pairs,full,1.0,1.0,1.0,0.2672,0.258,0.277,0.1791
cpm,aff_r2,frequent_triples,1,0.9898,0.9873,0.9922,0.1604,0.1523,0.1678,0.0741
cpm,aff_r2,frequent_triples,2,1.0,1.0,1.0,0.2945,0.2855,0.3036,0.2095
cpm,aff_r2,frequent_triples,3,1.0,1.0,1.0,0.3546,0.3451,0.365,0.3371
cpm,aff_r2,frequent_triples,5,1.0,1.0,1.0,0.3546,0.3451,0.365,0.3371
cpm,aff_r2,frequent_triples,full,1.0,1.0,1.0,0.3546,0.3451,0.365,0.3371
cpm,aff_r3,train,1,0.8112,0.8051,0.817,0.1165,0.1137,0.1194,0.0626
cpm,aff_r3,train,2,0.985,0.9835,0.9865,0.2464,0.2421,0.2502,0.1599
cpm,aff_r3,train,3,0.9987,0.9983,0.9991,0.3374,0.3316,0.3421,0.2355
cpm,aff_r3,train,5,1.0,1.0,1.0,0.3788,0.3726,0.3849,0.2646
cpm,aff_r3,train,full,1.0,1.0,1.0,0.3818,0.3754,0.388,0.2656
cpm,aff_r3,holdout,1,0.7898,0.783,0.7964,0.1294,0.1254,0.1335,0.0653
cpm,aff_r3,holdout,2,0.9808,0.9787,0.9828,0.2571,0.2515,0.2626,0.1671
cpm,aff_r3,holdout,3,0.9984,0.9978,0.9989,0.3515,0.3444,0.3584,0.2553
cpm,aff_r3,holdout,5,0.9999,0.9998,1.0,0.4033,0.3949,0.4117,0.2977
cpm,aff_r3,holdout,full,1.0,1.0,1.0,0.4078,0.3994,0.4161,0.2981
cpm,aff_r3,ood,1,0.6633,0.6568,0.6698,0.0866,0.0845,0.0888,0.0529
cpm,aff_r3,ood,2,0.8959,0.8921,0.8995,0.1966,0.1932,0.1999,0.1462
cpm,aff_r3,ood,3,0.9787,0.977,0.9803,0.3284,0.3239,0.3329,0.2521
cpm,aff_r3,ood,5,0.9996,0.9995,0.9998,0.4926,0.4871,0.4986,0.4113
cpm,aff_r3,ood,full,1.0,1.0,1.0,0.517,0.5107,0.5236,0.4351
cpm,aff_r3,connected_pairs,1,1.0,1.0,1.0,0.0569,0.0529,0.0618,0.0256
cpm,aff_r3,connected_pairs,2,1.0,1.0,1.0,0.0569,0.0529,0.0618,0.0256
cpm,aff_r3,connected_pairs,3,1.0,1.0,1.0,0.0569,0.0529,0.0618,0.0256
cpm,aff_r3,connected_pairs,5,1.0,1.0,1.0,0.0569,0.0529,0.0618,0.0256
cpm,aff_r3,connected_pairs,full,1.0,1.0,1.0,0.0569,0.0529,0.0618,0.0256
cpm,aff_r3,connected_triples,1,0.9999,0.9997,1.0,0.1205,0.1138,0.1272,0.0636
cpm,aff_r3,connected_triples,2,1.0,1.0,1.0,0.1956,0.1869,0.2039,0.1161
cpm,aff_r3,connected_triples,3,1.0,1.0,1.0,0.1956,0.1869,0.2039,0.1161
cpm,aff_r3,connected_triples,5,1.0,1.0,1.0,0.1956,0.1869,0.2039,0.1161
cpm,aff_r3,connected_triples,full,1.0,1.0,1.0,0.1956,0.1869,0.2039,0.1161
cpm,aff_r3,frequent_pairs,1,1.0,1.0,1.0,0.227,0.2181,0.2363,0.1253
cpm,aff_r3,frequent_pairs,2,1.0,1.0,1.0,0.3279,0.3169,0.3396,0.2386
cpm,aff_r3,frequent_pairs,3,1.0,1.0,1.0,0.3279,0.3169,0.3396,0.2386
cpm,aff_r3,frequent_pairs,5,1.0,1.0,1.0,0.3279,0.3169,0.3396,0.2386
cpm,aff_r3,frequent_pairs,full,1.0,1.0,1.0,0.3279,0.3169,0.3396,0.2386
cpm,aff_r3,frequent_triples,1,0.9935,0.9912,0.9954,0.2134,0.2044,0.2222,0.12
cpm,aff_r3,frequent_triples,2,1.0,1.0,1.0,0.377,0.367,0.3875,0.3229
cpm,aff_r3,frequent_triples,3,1.0,1.0,1.0,0.4298,0.4187,0.4422,0.4341
cpm,aff_r3,frequent_triples,5,1.0,1.0,1.0,0.4298,0.4187,0.4422,0.4341
cpm,aff_r3,frequent_triples,full,1.0,1.0,1.0,0.4298,0.4187,0.4422,0.4341
cpm,hash_bal,train,1,0.6974,0.6921,0.7033,0.1748,0.1741,0.1756,0.1715
cpm,hash_bal,train,2,0.9647,0.9625,0.9667,0.3451,0.3437,0.3465,0.3474
cpm,hash_bal,train,3,0.9969,0.9963,0.9974,0.4799,0.4772,0.4824,0.5027
cpm,hash_bal,train,5,1.0,0.9999,1.0,0.5807,0.5762,0.5846,0.571
cpm,hash_bal,train,full,1.0,1.0,1.0,0.5943,0.5892,0.5989,0.571
cpm,hash_bal,holdout,1,0.6971,0.6896,0.7046,0.1747,0.1738,0.1757,0.1707
cpm,hash_bal,holdout,2,0.9656,0.9628,0.9682,0.3437,0.3418,0.3456,0.346
cpm,hash_bal,holdout,3,0.9971,0.9964,0.9977,0.4759,0.4726,0.4793,0.4979
cpm,hash_bal,holdout,5,0.9999,0.9998,1.0,0.5726,0.567,0.5779,0.5607
cpm,hash_bal,holdout,full,1.0,1.0,1.0,0.5864,0.5801,0.5925,0.5607
cpm,hash_bal,ood,1,0.5551,0.5495,0.5606,0.1754,0.1746,0.1762,0.1724
cpm,hash_bal,ood,2,0.8612,0.8573,0.8652,0.3514,0.3503,0.3525,0.3479
cpm,hash_bal,ood,3,0.9731,0.9714,0.9747,0.5297,0.5283,0.5312,0.5274
cpm,hash_bal,ood,5,0.9995,0.9993,0.9997,0.7813,0.7782,0.7845,0.7957
cpm,hash_bal,ood,full,1.0,1.0,1.0,0.8336,0.8292,0.8384,0.8111
cpm,hash_bal,connected_pairs,1,0.8714,0.863,0.8801,0.1751,0.1732,0.1768,0.1715
cpm,hash_bal,connected_pairs,2,1.0,1.0,1.0,0.3501,0.3476,0.3527,0.3445
cpm,hash_bal,connected_pairs,3,1.0,1.0,1.0,0.3501,0.3476,0.3527,0.3445
cpm,hash_bal,connected_pairs,5,1.0,1.0,1.0,0.3501,0.3476,0.3527,0.3445
cpm,hash_bal,connected_pairs,full,1.0,1.0,1.0,0.3501,0.3476,0.3527,0.3445
cpm,hash_bal,connected_triples,1,0.8648,0.8553,0.8742,0.1754,0.1736,0.1772,0.1695
cpm,hash_bal,connected_triples,2,0.9981,0.997,0.999,0.3525,0.3499,0.3551,0.3482
cpm,hash_bal,connected_triples,3,1.0,1.0,1.0,0.5356,0.5326,0.539,0.5346
cpm,hash_bal,connected_triples,5,1.0,1.0,1.0,0.5356,0.5326,0.539,0.5346
cpm,hash_bal,connected_triples,full,1.0,1.0,1.0,0.5356,0.5326,0.539,0.5346
cpm,hash_bal,frequent_pairs,1,0.9996,0.9991,1.0,0.1811,0.1792,0.1829,0.1786
cpm,hash_bal,frequent_pairs,2,1.0,1.0,1.0,0.3761,0.3733,0.3788,0.3717
cpm,hash_bal,frequent_pairs,3,1.0,1.0,1.0,0.3761,0.3733,0.3788,0.3717
cpm,hash_bal,frequent_pairs,5,1.0,1.0,1.0,0.3761,0.3733,0.3788,0.3717
cpm,hash_bal,frequent_pairs,full,1.0,1.0,1.0,0.3761,0.3733,0.3788,0.3717
cpm,hash_bal,frequent_triples,1,0.9727,0.9686,0.9766,0.1795,0.1777,0.1813,0.1772
cpm,hash_bal,frequent_triples,2,1.0,1.0,1.0,0.3672,0.3648,0.37,0.3656
cpm,hash_bal,frequent_triples,3,1.0,1.0,1.0,0.5665,0.5631,0.5703,0.5654
cpm,hash_bal,frequent_triples,5,1.0,1.0,1.0,0.5665,0.5631,0.5703,0.5654
cpm,hash_bal,frequent_triples,full,1.0,1.0,1.0,0.5665,0.5631,0.5703,0.5654
cpm,bal,train,1,0.7777,0.7722,0.7833,0.1493,0.1493,0.1494,0.15
cpm,bal,train,2,0.9797,0.9779,0.9814,0.2853,0.2844,0.2862,0.3
cpm,bal,train,3,0.9985,0.9981,0.9988,0.3766,0.3744,0.3786,0.45
cpm,bal,train,5,1.0,1.0,1.0,0.4273,0.424,0.4304,0.45
cpm,bal,train,full,1.0,1.0,1.0,0.432,0.4284,0.4354,0.45
cpm,bal,holdout,1,0.7583,0.7513,0.765,0.1494,0.1494,0.1495,0.15
cpm,bal,holdout,2,0.9755,0.9732,0.9777,0.2862,0.2851,0.2872,0.3
cpm,bal,holdout,3,0.9983,0.9978,0.9988,0.3794,0.377,0.3818,0.45
cpm,bal,holdout,5,1.0,0.9999,1.0,0.4341,0.43,0.4381,0.45
cpm,bal,holdout,full,1.0,1.0,1.0,0.4404,0.4358,0.4449,0.45
cpm,bal,ood,1,0.6508,0.645,0.657,0.1494,0.1493,0.1495,0.15
cpm,bal,ood,2,0.8952,0.8916,0.8987,0.2987,0.2985,0.2988,0.3
cpm,bal,ood,3,0.9803,0.9789,0.9817,0.4409,0.4402,0.4416,0.45
cpm,bal,ood,5,0.9997,0.9996,0.9998,0.6038,0.6013,0.6064,0.6
cpm,bal,ood,full,1.0,1.0,1.0,0.6299,0.6265,0.6334,0.6
cpm,bal,connected_pairs,1,0.9992,0.9984,0.9998,0.1488,0.1486,0.149,0.15
cpm,bal,connected_pairs,2,1.0,1.0,1.0,0.1512,0.1503,0.152,0.15
cpm,bal,connected_pairs,3,1.0,1.0,1.0,0.1512,0.1503,0.152,0.15
cpm,bal,connected_pairs,5,1.0,1.0,1.0,0.1512,0.1503,0.152,0.15
cpm,bal,connected_pairs,full,1.0,1.0,1.0,0.1512,0.1503,0.152,0.15
cpm,bal,connected_triples,1,0.9898,0.9872,0.9926,0.1499,0.1498,0.15,0.15
cpm,bal,connected_triples,2,1.0,1.0,1.0,0.2357,0.2325,0.2392,0.3
cpm,bal,connected_triples,3,1.0,1.0,1.0,0.2514,0.247,0.256,0.3
cpm,bal,connected_triples,5,1.0,1.0,1.0,0.2514,0.247,0.256,0.3
cpm,bal,connected_triples,full,1.0,1.0,1.0,0.2514,0.247,0.256,0.3
cpm,bal,frequent_pairs,1,1.0,0.9998,1.0,0.15,0.15,0.15,0.15
cpm,bal,frequent_pairs,2,1.0,1.0,1.0,0.2617,0.2586,0.2646,0.3
cpm,bal,frequent_pairs,3,1.0,1.0,1.0,0.2617,0.2586,0.2646,0.3
cpm,bal,frequent_pairs,5,1.0,1.0,1.0,0.2617,0.2586,0.2646,0.3
cpm,bal,frequent_pairs,full,1.0,1.0,1.0,0.2617,0.2586,0.2646,0.3
cpm,bal,frequent_triples,1,0.9822,0.9787,0.9853,0.15,0.15,0.15,0.15
cpm,bal,frequent_triples,2,1.0,1.0,1.0,0.2848,0.2827,0.2866,0.3
cpm,bal,frequent_triples,3,1.0,1.0,1.0,0.3745,0.3703,0.379,0.45
cpm,bal,frequent_triples,5,1.0,1.0,1.0,0.3745,0.3703,0.379,0.45
cpm,bal,frequent_triples,full,1.0,1.0,1.0,0.3745,0.3703,0.379,0.45
infomap,hash_base,train,1,0.6413,0.6348,0.6478,0.0126,0.0124,0.0128,0.0093
infomap,hash_base,train,2,0.9508,0.9478,0.9533,0.0303,0.0299,0.0306,0.0251
infomap,hash_base,train,3,0.9946,0.9937,0.9955,0.0501,0.0495,0.0506,0.0462
infomap,hash_base,train,5,1.0,0.9999,1.0,0.0695,0.0687,0.0704,0.0629
infomap,hash_base,train,full,1.0,1.0,1.0,0.0727,0.0717,0.0736,0.0639
infomap,hash_base,holdout,1,0.6422,0.6342,0.6505,0.0124,0.0121,0.0127,0.0092
infomap,hash_base,holdout,2,0.9521,0.9486,0.9554,0.03,0.0295,0.0305,0.0248
infomap,hash_base,holdout,3,0.9955,0.9944,0.9965,0.0501,0.0494,0.0508,0.0455
infomap,hash_base,holdout,5,0.9997,0.9994,1.0,0.0686,0.0676,0.0696,0.0627
infomap,hash_base,holdout,full,1.0,1.0,1.0,0.0719,0.0708,0.073,0.0636
infomap,hash_base,ood,1,0.4609,0.4543,0.4672,0.0123,0.0121,0.0125,0.0092
infomap,hash_base,ood,2,0.804,0.7991,0.8091,0.0264,0.0261,0.0267,0.0223
infomap,hash_base,ood,3,0.9554,0.9528,0.9579,0.0447,0.0442,0.0451,0.0396
infomap,hash_base,ood,5,0.9986,0.9982,0.999,0.0831,0.0824,0.0839,0.0762
infomap,hash_base,ood,full,1.0,1.0,1.0,0.0945,0.0936,0.0955,0.0851
infomap,hash_base,connected_pairs,1,0.8516,0.8422,0.8617,0.0121,0.0117,0.0127,0.0087
infomap,hash_base,connected_pairs,2,1.0,1.0,1.0,0.0248,0.0241,0.0255,0.0206
infomap,hash_base,connected_pairs,3,1.0,1.0,1.0,0.0248,0.0241,0.0255,0.0206
infomap,hash_base,connected_pairs,5,1.0,1.0,1.0,0.0248,0.0241,0.0255,0.0206
infomap,hash_base,connected_pairs,full,1.0,1.0,1.0,0.0248,0.0241,0.0255,0.0206
infomap,hash_base,connected_triples,1,0.8397,0.8287,0.8502,0.0124,0.012,0.0129,0.0091
infomap,hash_base,connected_triples,2,0.9978,0.9965,0.9988,0.0265,0.0258,0.0271,0.0224
infomap,hash_base,connected_triples,3,1.0,1.0,1.0,0.0515,0.0505,0.0526,0.0468
infomap,hash_base,connected_triples,5,1.0,1.0,1.0,0.0515,0.0505,0.0526,0.0468
infomap,hash_base,connected_triples,full,1.0,1.0,1.0,0.0515,0.0505,0.0526,0.0468
infomap,hash_base,frequent_pairs,1,0.9996,0.999,1.0,0.018,0.0173,0.0185,0.0143
infomap,hash_base,frequent_pairs,2,1.0,1.0,1.0,0.0502,0.049,0.0513,0.0471
infomap,hash_base,frequent_pairs,3,1.0,1.0,1.0,0.0502,0.049,0.0513,0.0471
infomap,hash_base,frequent_pairs,5,1.0,1.0,1.0,0.0502,0.049,0.0513,0.0471
infomap,hash_base,frequent_pairs,full,1.0,1.0,1.0,0.0502,0.049,0.0513,0.0471
infomap,hash_base,frequent_triples,1,0.967,0.9624,0.9718,0.0166,0.0161,0.0171,0.0127
infomap,hash_base,frequent_triples,2,1.0,1.0,1.0,0.0409,0.04,0.042,0.0363
infomap,hash_base,frequent_triples,3,1.0,1.0,1.0,0.0791,0.0776,0.0806,0.0735
infomap,hash_base,frequent_triples,5,1.0,1.0,1.0,0.0791,0.0776,0.0806,0.0735
infomap,hash_base,frequent_triples,full,1.0,1.0,1.0,0.0791,0.0776,0.0806,0.0735
infomap,base,train,1,0.7243,0.7179,0.7307,0.0335,0.0326,0.0346,0.011
infomap,base,train,2,0.9685,0.9661,0.9707,0.0719,0.0705,0.0734,0.0472
infomap,base,train,3,0.9966,0.9959,0.9973,0.1056,0.1038,0.1075,0.0767
infomap,base,train,5,1.0,1.0,1.0,0.1276,0.1254,0.1298,0.0944
infomap,base,train,full,1.0,1.0,1.0,0.1297,0.1275,0.132,0.0952
infomap,base,holdout,1,0.697,0.6889,0.705,0.0333,0.032,0.0347,0.0101
infomap,base,holdout,2,0.9621,0.9591,0.965,0.0713,0.0696,0.0732,0.0437
infomap,base,holdout,3,0.9964,0.9955,0.9973,0.1065,0.1043,0.1088,0.0774
infomap,base,holdout,5,0.9998,0.9996,1.0,0.1302,0.1274,0.1328,0.0965
infomap,base,holdout,full,1.0,1.0,1.0,0.1332,0.1304,0.136,0.0977
infomap,base,ood,1,0.5535,0.5471,0.5605,0.0264,0.0257,0.0273,0.0093
infomap,base,ood,2,0.8386,0.8341,0.8435,0.0561,0.055,0.0572,0.0326
infomap,base,ood,3,0.9638,0.9616,0.966,0.0936,0.0922,0.0951,0.0722
infomap,base,ood,5,0.9989,0.9986,0.9992,0.1557,0.1537,0.1577,0.1358
infomap,base,ood,full,1.0,1.0,1.0,0.1696,0.1672,0.1719,0.1461
infomap,base,connected_pairs,1,0.9995,0.9985,1.0,0.0226,0.021,0.0243,0.0092
infomap,base,connected_pairs,2,1.0,1.0,1.0,0.023,0.0215,0.0248,0.0092
infomap,base,connected_pairs,3,1.0,1.0,1.0,0.023,0.0215,0.0248,0.0092
infomap,base,connected_pairs,5,1.0,1.0,1.0,0.023,0.0215,0.0248,0.0092
infomap,base,connected_pairs,full,1.0,1.0,1.0,0.023,0.0215,0.0248,0.0092
infomap,base,connected_triples,1,0.9926,0.99,0.9946,0.0459,0.0434,0.0483,0.0235
infomap,base,connected_triples,2,1.0,1.0,1.0,0.0864,0.0828,0.0896,0.0599
infomap,base,connected_triples,3,1.0,1.0,1.0,0.0924,0.0886,0.0959,0.0625
infomap,base,connected_triples,5,1.0,1.0,1.0,0.0924,0.0886,0.0959,0.0625
infomap,base,connected_triples,full,1.0,1.0,1.0,0.0924,0.0886,0.0959,0.0625
infomap,base,frequent_pairs,1,1.0,0.9998,1.0,0.072,0.0689,0.0752,0.0442
infomap,base,frequent_pairs,2,1.0,1.0,1.0,0.1358,0.1314,0.1403,0.1034
infomap,base,frequent_pairs,3,1.0,1.0,1.0,0.1358,0.1314,0.1403,0.1034
infomap,base,frequent_pairs,5,1.0,1.0,1.0,0.1358,0.1314,0.1403,0.1034
infomap,base,frequent_pairs,full,1.0,1.0,1.0,0.1358,0.1314,0.1403,0.1034
infomap,base,frequent_triples,1,0.9836,0.9802,0.9868,0.0738,0.0703,0.077,0.0446
infomap,base,frequent_triples,2,1.0,1.0,1.0,0.1385,0.1341,0.143,0.1121
infomap,base,frequent_triples,3,1.0,1.0,1.0,0.186,0.1811,0.1909,0.1577
infomap,base,frequent_triples,5,1.0,1.0,1.0,0.186,0.1811,0.1909,0.1577
infomap,base,frequent_triples,full,1.0,1.0,1.0,0.186,0.1811,0.1909,0.1577
infomap,base_r2,train,1,0.7678,0.7618,0.7742,0.1065,0.1034,0.1094,0.0238
infomap,base_r2,train,2,0.9773,0.9753,0.9791,0.2238,0.2191,0.2283,0.1136
infomap,base_r2,train,3,0.9979,0.9973,0.9984,0.3041,0.2986,0.3093,0.2138
infomap,base_r2,train,5,1.0,1.0,1.0,0.343,0.3371,0.3491,0.2716
infomap,base_r2,train,full,1.0,1.0,1.0,0.3462,0.3402,0.3523,0.2744
infomap,base_r2,holdout,1,0.7433,0.7354,0.751,0.114,0.1098,0.1182,0.0197
infomap,base_r2,holdout,2,0.971,0.9682,0.9737,0.2324,0.2263,0.2385,0.1259
infomap,base_r2,holdout,3,0.9976,0.9969,0.9983,0.3202,0.3132,0.3274,0.249
infomap,base_r2,holdout,5,0.9999,0.9996,1.0,0.3665,0.3584,0.3751,0.2953
infomap,base_r2,holdout,full,1.0,1.0,1.0,0.3718,0.3636,0.3804,0.2964
infomap,base_r2,ood,1,0.6171,0.6105,0.6235,0.0758,0.0733,0.0781,0.0155
infomap,base_r2,ood,2,0.8696,0.8653,0.8737,0.1597,0.1561,0.1634,0.0793
infomap,base_r2,ood,3,0.9718,0.9698,0.9739,0.2707,0.2659,0.2755,0.1929
infomap,base_r2,ood,5,0.9992,0.9989,0.9995,0.4322,0.4258,0.4387,0.3579
infomap,base_r2,ood,full,1.0,1.0,1.0,0.4601,0.4531,0.4668,0.3834
infomap,base_r2,connected_pairs,1,1.0,1.0,1.0,0.0553,0.051,0.0604,0.016
infomap,base_r2,connected_pairs,2,1.0,1.0,1.0,0.0553,0.051,0.0604,0.016
infomap,base_r2,connected_pairs,3,1.0,1.0,1.0,0.0553,0.051,0.0604,0.016
infomap,base_r2,connected_pairs,5,1.0,1.0,1.0,0.0553,0.051,0.0604,0.016
infomap,base_r2,connected_pairs,full,1.0,1.0,1.0,0.0553,0.051,0.0604,0.016
infomap,base_r2,connected_triples,1,1.0,1.0,1.0,0.1264,0.1191,0.133,0.0531
infomap,base_r2,connected_triples,2,1.0,1.0,1.0,0.2248,0.2158,0.2336,0.1417
infomap,base_r2,connected_triples,3,1.0,1.0,1.0,0.2254,0.2165,0.2342,0.1418
infomap,base_r2,connected_triples,5,1.0,1.0,1.0,0.2254,0.2165,0.2342,0.1418
infomap,base_r2,connected_triples,full,1.0,1.0,1.0,0.2254,0.2165,0.2342,0.1418
infomap,base_r2,frequent_pairs,1,1.0,0.9998,1.0,0.2563,0.2471,0.2656,0.2026
infomap,base_r2,frequent_pairs,2,1.0,1.0,1.0,0.3615,0.351,0.3723,0.3115
infomap,base_r2,frequent_pairs,3,1.0,1.0,1.0,0.3615,0.351,0.3723,0.3115
infomap,base_r2,frequent_pairs,5,1.0,1.0,1.0,0.3615,0.351,0.3723,0.3115
infomap,base_r2,frequent_pairs,full,1.0,1.0,1.0,0.3615,0.351,0.3723,0.3115
infomap,base_r2,frequent_triples,1,0.9925,0.9902,0.9944,0.2551,0.2462,0.2637,0.2028
infomap,base_r2,frequent_triples,2,1.0,1.0,1.0,0.4158,0.4048,0.4271,0.404
infomap,base_r2,frequent_triples,3,1.0,1.0,1.0,0.4637,0.4512,0.4765,0.4272
infomap,base_r2,frequent_triples,5,1.0,1.0,1.0,0.4637,0.4512,0.4765,0.4272
infomap,base_r2,frequent_triples,full,1.0,1.0,1.0,0.4637,0.4512,0.4765,0.4272
infomap,base_r3,train,1,0.7864,0.7809,0.7926,0.1487,0.1447,0.1526,0.0422
infomap,base_r3,train,2,0.9802,0.9783,0.9819,0.2894,0.2839,0.2948,0.1724
infomap,base_r3,train,3,0.9982,0.9976,0.9987,0.3697,0.3632,0.3761,0.2791
infomap,base_r3,train,5,1.0,1.0,1.0,0.4079,0.4004,0.4148,0.3257
infomap,base_r3,train,full,1.0,1.0,1.0,0.4107,0.4031,0.4176,0.3272
infomap,base_r3,holdout,1,0.7615,0.7537,0.7689,0.1553,0.1498,0.1604,0.0328
infomap,base_r3,holdout,2,0.9745,0.9719,0.9772,0.3011,0.2937,0.3079,0.1928
infomap,base_r3,holdout,3,0.998,0.9973,0.9986,0.3941,0.3855,0.4023,0.3282
infomap,base_r3,holdout,5,0.9999,0.9997,1.0,0.4409,0.4313,0.4507,0.3583
infomap,base_r3,holdout,full,1.0,1.0,1.0,0.4452,0.4356,0.4552,0.3613
infomap,base_r3,ood,1,0.6457,0.6392,0.652,0.1142,0.111,0.1174,0.038
infomap,base_r3,ood,2,0.8838,0.8796,0.8877,0.2275,0.2226,0.2321,0.1202
infomap,base_r3,ood,3,0.9756,0.9737,0.9773,0.3749,0.369,0.3804,0.3179
infomap,base_r3,ood,5,0.9994,0.9992,0.9996,0.5654,0.5579,0.5723,0.5129
infomap,base_r3,ood,full,1.0,1.0,1.0,0.5944,0.5865,0.6021,0.5455
infomap,base_r3,connected_pairs,1,1.0,1.0,1.0,0.0789,0.0733,0.0859,0.0237
infomap,base_r3,connected_pairs,2,1.0,1.0,1.0,0.0789,0.0733,0.0859,0.0237
infomap,base_r3,connected_pairs,3,1.0,1.0,1.0,0.0789,0.0733,0.0859,0.0237
infomap,base_r3,connected_pairs,5,1.0,1.0,1.0,0.0789,0.0733,0.0859,0.0237
infomap,base_r3,connected_pairs,full,1.0,1.0,1.0,0.0789,0.0733,0.0859,0.0237
infomap,base_r3,connected_triples,1,1.0,1.0,1.0,0.1823,0.174,0.1909,0.0856
infomap,base_r3,connected_triples,2,1.0,1.0,1.0,0.242,0.2324,0.2511,0.1336
infomap,base_r3,connected_triples,3,1.0,1.0,1.0,0.242,0.2324,0.2511,0.1336
infomap,base_r3,connected_triples,5,1.0,1.0,1.0,0.242,0.2324,0.2511,0.1336
infomap,base_r3,connected_triples,full,1.0,1.0,1.0,0.242,0.2324,0.2511,0.1336
infomap,base_r3,frequent_pairs,1,1.0,1.0,1.0,0.3327,0.3226,0.3429,0.2999
infomap,base_r3,frequent_pairs,2,1.0,1.0,1.0,0.4,0.3882,0.4118,0.3404
infomap,base_r3,frequent_pairs,3,1.0,1.0,1.0,0.4,0.3882,0.4118,0.3404
infomap,base_r3,frequent_pairs,5,1.0,1.0,1.0,0.4,0.3882,0.4118,0.3404
infomap,base_r3,frequent_pairs,full,1.0,1.0,1.0,0.4,0.3882,0.4118,0.3404
infomap,base_r3,frequent_triples,1,0.9976,0.9963,0.9985,0.3271,0.3176,0.3366,0.3321
infomap,base_r3,frequent_triples,2,1.0,1.0,1.0,0.4721,0.4601,0.4852,0.4341
infomap,base_r3,frequent_triples,3,1.0,1.0,1.0,0.4966,0.4836,0.5115,0.4393
infomap,base_r3,frequent_triples,5,1.0,1.0,1.0,0.4966,0.4836,0.5115,0.4393
infomap,base_r3,frequent_triples,full,1.0,1.0,1.0,0.4966,0.4836,0.5115,0.4393
infomap,hash_aff,train,1,0.6449,0.6384,0.6512,0.023,0.0227,0.0233,0.0192
infomap,hash_aff,train,2,0.952,0.9491,0.9545,0.0493,0.0489,0.0497,0.0454
infomap,hash_aff,train,3,0.9948,0.9939,0.9956,0.076,0.0753,0.0766,0.0727
infomap,hash_aff,train,5,1.0,0.9999,1.0,0.0996,0.0985,0.1006,0.0943
infomap,hash_aff,train,full,1.0,1.0,1.0,0.1033,0.102,0.1044,0.0949
infomap,hash_aff,holdout,1,0.6451,0.6371,0.6533,0.0229,0.0226,0.0233,0.019
infomap,hash_aff,holdout,2,0.953,0.9496,0.9564,0.0496,0.0491,0.0502,0.0458
infomap,hash_aff,holdout,3,0.9954,0.9944,0.9964,0.0758,0.075,0.0767,0.0726
infomap,hash_aff,holdout,5,0.9997,0.9993,1.0,0.0984,0.097,0.0997,0.093
infomap,hash_aff,holdout,full,1.0,1.0,1.0,0.1022,0.1007,0.1036,0.0938
infomap,hash_aff,ood,1,0.466,0.4596,0.4721,0.0223,0.022,0.0226,0.0181
infomap,hash_aff,ood,2,0.8081,0.8034,0.8133,0.0467,0.0462,0.0471,0.0425
infomap,hash_aff,ood,3,0.9569,0.9543,0.9593,0.0746,0.0741,0.0751,0.0696
infomap,hash_aff,ood,5,0.9988,0.9984,0.9991,0.1265,0.1256,0.1273,0.1229
infomap,hash_aff,ood,full,1.0,1.0,1.0,0.1403,0.1392,0.1414,0.1327
infomap,hash_aff,connected_pairs,1,0.8534,0.8443,0.8634,0.0228,0.0221,0.0234,0.0188
infomap,hash_aff,connected_pairs,2,1.0,1.0,1.0,0.0462,0.0453,0.0472,0.0416
infomap,hash_aff,connected_pairs,3,1.0,1.0,1.0,0.0462,0.0453,0.0472,0.0416
infomap,hash_aff,connected_pairs,5,1.0,1.0,1.0,0.0462,0.0453,0.0472,0.0416
infomap,hash_aff,connected_pairs,full,1.0,1.0,1.0,0.0462,0.0453,0.0472,0.0416
infomap,hash_aff,connected_triples,1,0.8434,0.8329,0.8542,0.0231,0.0225,0.0238,0.0196
infomap,hash_aff,connected_triples,2,0.998,0.9969,0.999,0.0473,0.0465,0.0483,0.0431
infomap,hash_aff,connected_triples,3,1.0,1.0,1.0,0.0827,0.0815,0.0841,0.0783
infomap,hash_aff,connected_triples,5,1.0,1.0,1.0,0.0827,0.0815,0.0841,0.0783
infomap,hash_aff,connected_triples,full,1.0,1.0,1.0,0.0827,0.0815,0.0841,0.0783
infomap,hash_aff,frequent_pairs,1,0.9996,0.999,1.0,0.0284,0.0277,0.0291,0.0245
infomap,hash_aff,frequent_pairs,2,1.0,1.0,1.0,0.0703,0.069,0.0716,0.0669
infomap,hash_aff,frequent_pairs,3,1.0,1.0,1.0,0.0703,0.069,0.0716,0.0669
infomap,hash_aff,frequent_pairs,5,1.0,1.0,1.0,0.0703,0.069,0.0716,0.0669
infomap,hash_aff,frequent_pairs,full,1.0,1.0,1.0,0.0703,0.069,0.0716,0.0669
infomap,hash_aff,frequent_triples,1,0.9674,0.9627,0.9722,0.0269,0.0262,0.0276,0.0229
infomap,hash_aff,frequent_triples,2,1.0,1.0,1.0,0.0612,0.0601,0.0623,0.0571
infomap,hash_aff,frequent_triples,3,1.0,1.0,1.0,0.1087,0.1071,0.1103,0.1057
infomap,hash_aff,frequent_triples,5,1.0,1.0,1.0,0.1087,0.1071,0.1103,0.1057
infomap,hash_aff,frequent_triples,full,1.0,1.0,1.0,0.1087,0.1071,0.1103,0.1057
infomap,aff,train,1,0.7718,0.7664,0.7772,0.0638,0.0622,0.0654,0.03
infomap,aff,train,2,0.978,0.9761,0.9797,0.1291,0.1267,0.1313,0.0875
infomap,aff,train,3,0.9979,0.9974,0.9984,0.1862,0.1831,0.189,0.1368
infomap,aff,train,5,1.0,1.0,1.0,0.2221,0.2185,0.2254,0.1684
infomap,aff,train,full,1.0,1.0,1.0,0.2254,0.2217,0.2289,0.1698
infomap,aff,holdout,1,0.7518,0.7447,0.7589,0.0662,0.0642,0.0684,0.0302
infomap,aff,holdout,2,0.9738,0.9714,0.9761,0.1309,0.1279,0.1338,0.0859
infomap,aff,holdout,3,0.9976,0.9969,0.9983,0.1887,0.185,0.192,0.1363
infomap,aff,holdout,5,0.9999,0.9997,1.0,0.227,0.2227,0.2312,0.1742
infomap,aff,holdout,full,1.0,1.0,1.0,0.2309,0.2264,0.2356,0.1758
infomap,aff,ood,1,0.6088,0.6022,0.6155,0.0537,0.0525,0.0551,0.026
infomap,aff,ood,2,0.8685,0.8644,0.8728,0.1064,0.1046,0.1084,0.074
infomap,aff,ood,3,0.9721,0.9701,0.9739,0.1637,0.1614,0.1662,0.1338
infomap,aff,ood,5,0.9994,0.9992,0.9996,0.2489,0.2459,0.252,0.2189
infomap,aff,ood,full,1.0,1.0,1.0,0.2661,0.2626,0.2695,0.2325
infomap,aff,connected_pairs,1,0.9995,0.9985,1.0,0.0311,0.0289,0.0337,0.0133
infomap,aff,connected_pairs,2,1.0,1.0,1.0,0.0317,0.0293,0.0343,0.0134
infomap,aff,connected_pairs,3,1.0,1.0,1.0,0.0317,0.0293,0.0343,0.0134
infomap,aff,connected_pairs,5,1.0,1.0,1.0,0.0317,0.0293,0.0343,0.0134
infomap,aff,connected_pairs,full,1.0,1.0,1.0,0.0317,0.0293,0.0343,0.0134
infomap,aff,connected_triples,1,0.9926,0.99,0.9946,0.0632,0.0595,0.0668,0.0287
infomap,aff,connected_triples,2,1.0,1.0,1.0,0.1203,0.1152,0.125,0.0788
infomap,aff,connected_triples,3,1.0,1.0,1.0,0.1283,0.1229,0.1334,0.0859
infomap,aff,connected_triples,5,1.0,1.0,1.0,0.1283,0.1229,0.1334,0.0859
infomap,aff,connected_triples,full,1.0,1.0,1.0,0.1283,0.1229,0.1334,0.0859
infomap,aff,frequent_pairs,1,1.0,0.9998,1.0,0.098,0.0937,0.1026,0.055
infomap,aff,frequent_pairs,2,1.0,1.0,1.0,0.1865,0.1805,0.1926,0.135
infomap,aff,frequent_pairs,3,1.0,1.0,1.0,0.1865,0.1805,0.1926,0.135
infomap,aff,frequent_pairs,5,1.0,1.0,1.0,0.1865,0.1805,0.1926,0.135
infomap,aff,frequent_pairs,full,1.0,1.0,1.0,0.1865,0.1805,0.1926,0.135
infomap,aff,frequent_triples,1,0.984,0.9808,0.987,0.1007,0.0957,0.1052,0.055
infomap,aff,frequent_triples,2,1.0,1.0,1.0,0.1893,0.1833,0.1954,0.1427
infomap,aff,frequent_triples,3,1.0,1.0,1.0,0.2553,0.2486,0.2622,0.229
infomap,aff,frequent_triples,5,1.0,1.0,1.0,0.2553,0.2486,0.2622,0.229
infomap,aff,frequent_triples,full,1.0,1.0,1.0,0.2553,0.2486,0.2622,0.229
infomap,aff_r2,train,1,0.8146,0.8094,0.8202,0.1488,0.1455,0.1522,0.0661
infomap,aff_r2,train,2,0.9855,0.9839,0.9868,0.3047,0.2997,0.3096,0.2102
infomap,aff_r2,train,3,0.9986,0.9981,0.999,0.4117,0.4056,0.4177,0.334
infomap,aff_r2,train,5,1.0,1.0,1.0,0.4607,0.4537,0.4671,0.376
infomap,aff_r2,train,full,1.0,1.0,1.0,0.4644,0.4574,0.471,0.3771
infomap,aff_r2,holdout,1,0.7981,0.7917,0.8048,0.1604,0.1558,0.1651,0.0693
infomap,aff_r2,holdout,2,0.982,0.98,0.984,0.3153,0.3087,0.3221,0.2322
infomap,aff_r2,holdout,3,0.9985,0.998,0.999,0.4258,0.418,0.4338,0.3541
infomap,aff_r2,holdout,5,0.9999,0.9997,1.0,0.486,0.477,0.4957,0.4221
infomap,aff_r2,holdout,full,1.0,1.0,1.0,0.4912,0.482,0.5014,0.4239
infomap,aff_r2,ood,1,0.6745,0.668,0.6807,0.1143,0.1113,0.1174,0.0481
infomap,aff_r2,ood,2,0.8993,0.8957,0.9029,0.2372,0.2329,0.2416,0.1567
infomap,aff_r2,ood,3,0.9799,0.9783,0.9816,0.3785,0.3731,0.3841,0.3063
infomap,aff_r2,ood,5,0.9996,0.9994,0.9998,0.5655,0.5584,0.5727,0.514
infomap,aff_r2,ood,full,1.0,1.0,1.0,0.5938,0.586,0.6019,0.5414
infomap,aff_r2,connected_pairs,1,1.0,1.0,1.0,0.0629,0.058,0.0687,0.0205
infomap,aff_r2,connected_pairs,2,1.0,1.0,1.0,0.0629,0.058,0.0687,0.0205
infomap,aff_r2,connected_pairs,3,1.0,1.0,1.0,0.0629,0.058,0.0687,0.0205
infomap,aff_r2,connected_pairs,5,1.0,1.0,1.0,0.0629,0.058,0.0687,0.0205
infomap,aff_r2,connected_pairs,full,1.0,1.0,1.0,0.0629,0.058,0.0687,0.0205
infomap,aff_r2,connected_triples,1,1.0,1.0,1.0,0.1415,0.1335,0.1486,0.0601
infomap,aff_r2,connected_triples,2,1.0,1.0,1.0,0.2495,0.2397,0.2591,0.1667
infomap,aff_r2,connected_triples,3,1.0,1.0,1.0,0.2503,0.2406,0.26,0.1669
infomap,aff_r2,connected_triples,5,1.0,1.0,1.0,0.2503,0.2406,0.26,0.1669
infomap,aff_r2,connected_triples,full,1.0,1.0,1.0,0.2503,0.2406,0.26,0.1669
infomap,aff_r2,frequent_pairs,1,1.0,0.9998,1.0,0.2817,0.2719,0.2919,0.2108
infomap,aff_r2,frequent_pairs,2,1.0,1.0,1.0,0.3988,0.3873,0.4105,0.3473
infomap,aff_r2,frequent_pairs,3,1.0,1.0,1.0,0.3988,0.3873,0.4105,0.3473
infomap,aff_r2,frequent_pairs,5,1.0,1.0,1.0,0.3988,0.3873,0.4105,0.3473
infomap,aff_r2,frequent_pairs,full,1.0,1.0,1.0,0.3988,0.3873,0.4105,0.3473
infomap,aff_r2,frequent_triples,1,0.9929,0.9907,0.9948,0.2794,0.2699,0.2887,0.2307
infomap,aff_r2,frequent_triples,2,1.0,1.0,1.0,0.4578,0.4458,0.47,0.4708
infomap,aff_r2,frequent_triples,3,1.0,1.0,1.0,0.5119,0.4987,0.5261,0.5077
infomap,aff_r2,frequent_triples,5,1.0,1.0,1.0,0.5119,0.4987,0.5261,0.5077
infomap,aff_r2,frequent_triples,full,1.0,1.0,1.0,0.5119,0.4987,0.5261,0.5077
infomap,aff_r3,train,1,0.8332,0.8281,0.8386,0.1961,0.1919,0.2004,0.0932
infomap,aff_r3,train,2,0.9881,0.9867,0.9893,0.3808,0.3743,0.3865,0.289
infomap,aff_r3,train,3,0.999,0.9986,0.9993,0.4911,0.4835,0.4979,0.4182
infomap,aff_r3,train,5,1.0,1.0,1.0,0.538,0.5295,0.5455,0.457
infomap,aff_r3,train,full,1.0,1.0,1.0,0.5406,0.5322,0.5482,0.4585
infomap,aff_r3,holdout,1,0.8179,0.8117,0.8242,0.2086,0.2031,0.214,0.0955
infomap,aff_r3,holdout,2,0.9854,0.9836,0.9872,0.3959,0.3877,0.4033,0.3208
infomap,aff_r3,holdout,3,0.999,0.9986,0.9994,0.5139,0.5043,0.5231,0.4567
infomap,aff_r3,holdout,5,0.9999,0.9998,1.0,0.5746,0.5635,0.5862,0.522
infomap,aff_r3,holdout,full,1.0,1.0,1.0,0.5786,0.5675,0.5903,0.5221
infomap,aff_r3,ood,1,0.7047,0.6986,0.7106,0.1596,0.1561,0.1632,0.0834
infomap,aff_r3,ood,2,0.9138,0.9103,0.917,0.3208,0.3154,0.3264,0.2352
infomap,aff_r3,ood,3,0.9837,0.9824,0.9852,0.502,0.4951,0.5085,0.4468
infomap,aff_r3,ood,5,0.9998,0.9996,0.9999,0.7153,0.7073,0.7238,0.6772
infomap,aff_r3,ood,full,1.0,1.0,1.0,0.7435,0.7348,0.7526,0.7032
infomap,aff_r3,connected_pairs,1,1.0,1.0,1.0,0.086,0.0801,0.0935,0.0288
infomap,aff_r3,connected_pairs,2,1.0,1.0,1.0,0.086,0.0801,0.0935,0.0288
infomap,aff_r3,connected_pairs,3,1.0,1.0,1.0,0.086,0.0801,0.0935,0.0288
infomap,aff_r3,connected_pairs,5,1.0,1.0,1.0,0.086,0.0801,0.0935,0.0288
infomap,aff_r3,connected_pairs,full,1.0,1.0,1.0,0.086,0.0801,0.0935,0.0288
infomap,aff_r3,connected_triples,1,1.0,1.0,1.0,0.1967,0.1878,0.2056,0.0945
infomap,aff_r3,connected_triples,2,1.0,1.0,1.0,0.2606,0.2502,0.2703,0.1581
infomap,aff_r3,connected_triples,3,1.0,1.0,1.0,0.2606,0.2502,0.2703,0.1581
infomap,aff_r3,connected_triples,5,1.0,1.0,1.0,0.2606,0.2502,0.2703,0.1581
infomap,aff_r3,connected_triples,full,1.0,1.0,1.0,0.2606,0.2502,0.2703,0.1581
infomap,aff_r3,frequent_pairs,1,1.0,1.0,1.0,0.3542,0.3439,0.3648,0.3204
infomap,aff_r3,frequent_pairs,2,1.0,1.0,1.0,0.4273,0.4145,0.44,0.367
infomap,aff_r3,frequent_pairs,3,1.0,1.0,1.0,0.4273,0.4145,0.44,0.367
infomap,aff_r3,frequent_pairs,5,1.0,1.0,1.0,0.4273,0.4145,0.44,0.367
infomap,aff_r3,frequent_pairs,full,1.0,1.0,1.0,0.4273,0.4145,0.44,0.367
infomap,aff_r3,frequent_triples,1,0.9976,0.9963,0.9985,0.3477,0.3376,0.3576,0.3475
infomap,aff_r3,frequent_triples,2,1.0,1.0,1.0,0.5056,0.4929,0.5193,0.4647
infomap,aff_r3,frequent_triples,3,1.0,1.0,1.0,0.5325,0.5183,0.5482,0.5059
infomap,aff_r3,frequent_triples,5,1.0,1.0,1.0,0.5325,0.5183,0.5482,0.5059
infomap,aff_r3,frequent_triples,full,1.0,1.0,1.0,0.5325,0.5183,0.5482,0.5059
infomap,hash_bal,train,1,0.6968,0.6913,0.7025,0.1776,0.1768,0.1784,0.1703
infomap,hash_bal,train,2,0.9647,0.9625,0.9667,0.3502,0.3488,0.3516,0.3525
infomap,hash_bal,train,3,0.9965,0.9958,0.9971,0.4892,0.4863,0.4916,0.5153
infomap,hash_bal,train,5,1.0,0.9999,1.0,0.593,0.5882,0.5973,0.586
infomap,hash_bal,train,full,1.0,1.0,1.0,0.6064,0.6012,0.6112,0.586
infomap,hash_bal,holdout,1,0.6982,0.6913,0.7057,0.1776,0.1767,0.1785,0.1703
infomap,hash_bal,holdout,2,0.9654,0.9628,0.9681,0.3494,0.3476,0.3513,0.3527
infomap,hash_bal,holdout,3,0.9975,0.9968,0.9981,0.4864,0.4833,0.4896,0.5143
infomap,hash_bal,holdout,5,0.9999,0.9998,1.0,0.5855,0.5799,0.5911,0.5815
infomap,hash_bal,holdout,full,1.0,1.0,1.0,0.5994,0.5932,0.6058,0.5815
infomap,hash_bal,ood,1,0.5525,0.5466,0.5584,0.1774,0.1767,0.1781,0.1703
infomap,hash_bal,ood,2,0.86,0.8564,0.8641,0.3556,0.3546,0.3565,0.3524
infomap,hash_bal,ood,3,0.9724,0.9706,0.9742,0.533,0.5317,0.5344,0.5327
infomap,hash_bal,ood,5,0.9994,0.9992,0.9996,0.7854,0.7823,0.7889,0.7993
infomap,hash_bal,ood,full,1.0,1.0,1.0,0.8388,0.834,0.8435,0.8128
infomap,hash_bal,connected_pairs,1,0.8727,0.8643,0.8815,0.1763,0.1746,0.178,0.1703
infomap,hash_bal,connected_pairs,2,1.0,1.0,1.0,0.3505,0.3481,0.353,0.3478
infomap,hash_bal,connected_pairs,3,1.0,1.0,1.0,0.3505,0.3481,0.353,0.3478
infomap,hash_bal,connected_pairs,5,1.0,1.0,1.0,0.3505,0.3481,0.353,0.3478
infomap,hash_bal,connected_pairs,full,1.0,1.0,1.0,0.3505,0.3481,0.353,0.3478
infomap,hash_bal,connected_triples,1,0.8642,0.8543,0.8734,0.1775,0.1759,0.1792,0.1714
infomap,hash_bal,connected_triples,2,0.9982,0.9972,0.999,0.3573,0.355,0.3595,0.3554
infomap,hash_bal,connected_triples,3,1.0,1.0,1.0,0.5472,0.5441,0.5505,0.5483
infomap,hash_bal,connected_triples,5,1.0,1.0,1.0,0.5472,0.5441,0.5505,0.5483
infomap,hash_bal,connected_triples,full,1.0,1.0,1.0,0.5472,0.5441,0.5505,0.5483
infomap,hash_bal,frequent_pairs,1,0.9996,0.999,1.0,0.1852,0.1834,0.1869,0.1851
infomap,hash_bal,frequent_pairs,2,1.0,1.0,1.0,0.3867,0.384,0.3891,0.3857
infomap,hash_bal,frequent_pairs,3,1.0,1.0,1.0,0.3867,0.384,0.3891,0.3857
infomap,hash_bal,frequent_pairs,5,1.0,1.0,1.0,0.3867,0.384,0.3891,0.3857
infomap,hash_bal,frequent_pairs,full,1.0,1.0,1.0,0.3867,0.384,0.3891,0.3857
infomap,hash_bal,frequent_triples,1,0.971,0.9665,0.9753,0.1837,0.182,0.1853,0.1825
infomap,hash_bal,frequent_triples,2,1.0,1.0,1.0,0.373,0.3705,0.3754,0.37
infomap,hash_bal,frequent_triples,3,1.0,1.0,1.0,0.5798,0.5765,0.5829,0.5802
infomap,hash_bal,frequent_triples,5,1.0,1.0,1.0,0.5798,0.5765,0.5829,0.5802
infomap,hash_bal,frequent_triples,full,1.0,1.0,1.0,0.5798,0.5765,0.5829,0.5802
infomap,bal,train,1,0.791,0.7857,0.7961,0.1493,0.1492,0.1494,0.15
infomap,bal,train,2,0.9815,0.9799,0.983,0.2848,0.2838,0.2857,0.3
infomap,bal,train,3,0.9985,0.998,0.9988,0.3721,0.3698,0.374,0.4499
infomap,bal,train,5,1.0,1.0,1.0,0.4199,0.4165,0.4229,0.4499
infomap,bal,train,full,1.0,1.0,1.0,0.4241,0.4206,0.4275,0.4499
infomap,bal,holdout,1,0.7699,0.7631,0.7764,0.1494,0.1493,0.1495,0.15
infomap,bal,holdout,2,0.9776,0.9755,0.9797,0.2857,0.2846,0.2868,0.3
infomap,bal,holdout,3,0.9984,0.9979,0.9988,0.3766,0.3742,0.379,0.4499
infomap,bal,holdout,5,1.0,0.9999,1.0,0.4292,0.4254,0.4333,0.4499
infomap,bal,holdout,full,1.0,1.0,1.0,0.4349,0.4306,0.4395,0.4499
infomap,bal,ood,1,0.6586,0.6528,0.6645,0.1491,0.149,0.1492,0.15
infomap,bal,ood,2,0.8976,0.8944,0.9012,0.2981,0.2978,0.2983,0.3
infomap,bal,ood,3,0.9808,0.9792,0.9821,0.4394,0.4387,0.4402,0.4499
infomap,bal,ood,5,0.9997,0.9995,0.9998,0.6006,0.5981,0.6033,0.5999
infomap,bal,ood,full,1.0,1.0,1.0,0.6263,0.6228,0.63,0.5999
infomap,bal,connected_pairs,1,0.9995,0.9985,1.0,0.1468,0.1463,0.1472,0.15
infomap,bal,connected_pairs,2,1.0,1.0,1.0,0.1484,0.1476,0.1492,0.15
infomap,bal,connected_pairs,3,1.0,1.0,1.0,0.1484,0.1476,0.1492,0.15
infomap,bal,connected_pairs,5,1.0,1.0,1.0,0.1484,0.1476,0.1492,0.15
infomap,bal,connected_pairs,full,1.0,1.0,1.0,0.1484,0.1476,0.1492,0.15
infomap,bal,connected_triples,1,0.9932,0.991,0.995,0.1498,0.1496,0.1499,0.15
infomap,bal,connected_triples,2,1.0,1.0,1.0,0.2293,0.2261,0.2328,0.2999
infomap,bal,connected_triples,3,1.0,1.0,1.0,0.2432,0.2389,0.2476,0.2999
infomap,bal,connected_triples,5,1.0,1.0,1.0,0.2432,0.2389,0.2476,0.2999
infomap,bal,connected_triples,full,1.0,1.0,1.0,0.2432,0.2389,0.2476,0.2999
infomap,bal,frequent_pairs,1,1.0,0.9998,1.0,0.15,0.1499,0.15,0.15
infomap,bal,frequent_pairs,2,1.0,1.0,1.0,0.2591,0.2562,0.2619,0.2999
infomap,bal,frequent_pairs,3,1.0,1.0,1.0,0.2591,0.2562,0.2619,0.2999
infomap,bal,frequent_pairs,5,1.0,1.0,1.0,0.2591,0.2562,0.2619,0.2999
infomap,bal,frequent_pairs,full,1.0,1.0,1.0,0.2591,0.2562,0.2619,0.2999
infomap,bal,frequent_triples,1,0.9844,0.9813,0.9873,0.15,0.15,0.15,0.15
infomap,bal,frequent_triples,2,1.0,1.0,1.0,0.2852,0.2832,0.2871,0.3
infomap,bal,frequent_triples,3,1.0,1.0,1.0,0.3721,0.3679,0.3764,0.4499
infomap,bal,frequent_triples,5,1.0,1.0,1.0,0.3721,0.3679,0.3764,0.4499
infomap,bal,frequent_triples,full,1.0,1.0,1.0,0.3721,0.3679,0.3764,0.4499
metis,hash_base,train,1,0.6497,0.6435,0.6561,0.0391,0.0387,0.0394,0.0347
metis,hash_base,train,2,0.9531,0.9503,0.9556,0.0796,0.079,0.0802,0.0759
metis,hash_base,train,3,0.9949,0.994,0.9957,0.1158,0.115,0.1166,0.1151
metis,hash_base,train,5,1.0,0.9999,1.0,0.1461,0.1448,0.1474,0.1421
metis,hash_base,train,full,1.0,1.0,1.0,0.1507,0.1492,0.1522,0.1423
metis,hash_base,holdout,1,0.6516,0.6439,0.6595,0.0391,0.0386,0.0395,0.0358
metis,hash_base,holdout,2,0.9549,0.9516,0.958,0.0799,0.0792,0.0806,0.0762
metis,hash_base,holdout,3,0.9958,0.9948,0.9967,0.1162,0.1151,0.1172,0.1152
metis,hash_base,holdout,5,0.9998,0.9995,1.0,0.1453,0.1435,0.147,0.141
metis,hash_base,holdout,full,1.0,1.0,1.0,0.1498,0.1479,0.1518,0.1412
metis,hash_base,ood,1,0.4762,0.4702,0.4825,0.0391,0.0387,0.0395,0.0351
metis,hash_base,ood,2,0.8142,0.8097,0.8191,0.0797,0.0792,0.0802,0.0756
metis,hash_base,ood,3,0.9593,0.9568,0.9617,0.1231,0.1225,0.1237,0.1191
metis,hash_base,ood,5,0.9989,0.9986,0.9992,0.1943,0.1932,0.1953,0.1923
metis,hash_base,ood,full,1.0,1.0,1.0,0.212,0.2106,0.2135,0.2036
metis,hash_base,connected_pairs,1,0.8549,0.8458,0.8649,0.039,0.0382,0.0399,0.0342
metis,hash_base,connected_pairs,2,1.0,1.0,1.0,0.079,0.0777,0.0802,0.0739
metis,hash_base,connected_pairs,3,1.0,1.0,1.0,0.079,0.0777,0.0802,0.0739
metis,hash_base,connected_pairs,5,1.0,1.0,1.0,0.079,0.0777,0.0802,0.0739
metis,hash_base,connected_pairs,full,1.0,1.0,1.0,0.079,0.0777,0.0802,0.0739
metis,hash_base,connected_triples,1,0.8454,0.8347,0.8556,0.0388,0.038,0.0397,0.0338
metis,hash_base,connected_triples,2,0.9977,0.9964,0.9987,0.0794,0.0782,0.0805,0.0746
metis,hash_base,connected_triples,3,1.0,1.0,1.0,0.1295,0.1279,0.1311,0.1253
metis,hash_base,connected_triples,5,1.0,1.0,1.0,0.1295,0.1279,0.1311,0.1253
metis,hash_base,connected_triples,full,1.0,1.0,1.0,0.1295,0.1279,0.1311,0.1253
metis,hash_base,frequent_pairs,1,0.9996,0.999,1.0,0.0444,0.0436,0.0453,0.0401
metis,hash_base,frequent_pairs,2,1.0,1.0,1.0,0.1002,0.0988,0.1015,0.0975
metis,hash_base,frequent_pairs,3,1.0,1.0,1.0,0.1002,0.0988,0.1015,0.0975
metis,hash_base,frequent_pairs,5,1.0,1.0,1.0,0.1002,0.0988,0.1015,0.0975
metis,hash_base,frequent_pairs,full,1.0,1.0,1.0,0.1002,0.0988,0.1015,0.0975
metis,hash_base,frequent_triples,1,0.9684,0.9639,0.973,0.0429,0.042,0.0437,0.0389
metis,hash_base,frequent_triples,2,1.0,1.0,1.0,0.092,0.0907,0.0932,0.0884
metis,hash_base,frequent_triples,3,1.0,1.0,1.0,0.1528,0.1512,0.1546,0.1496
metis,hash_base,frequent_triples,5,1.0,1.0,1.0,0.1528,0.1512,0.1546,0.1496
metis,hash_base,frequent_triples,full,1.0,1.0,1.0,0.1528,0.1512,0.1546,0.1496
metis,base,train,1,0.6731,0.6671,0.6798,0.0411,0.0405,0.0416,0.0342
metis,base,train,2,0.9601,0.9574,0.9626,0.0912,0.0903,0.092,0.0864
metis,base,train,3,0.9961,0.9953,0.9967,0.1327,0.1314,0.1339,0.1307
metis,base,train,5,1.0,1.0,1.0,0.1649,0.163,0.1666,0.1533
metis,base,train,full,1.0,1.0,1.0,0.1694,0.1673,0.1712,0.1538
metis,base,holdout,1,0.6604,0.6522,0.6686,0.0392,0.0386,0.0398,0.0322
metis,base,holdout,2,0.9559,0.9526,0.9591,0.0887,0.0876,0.0897,0.0838
metis,base,holdout,3,0.9959,0.9949,0.9969,0.1307,0.1292,0.1323,0.1291
metis,base,holdout,5,0.9997,0.9994,1.0,0.1626,0.1604,0.165,0.1519
metis,base,holdout,full,1.0,1.0,1.0,0.1676,0.1652,0.1702,0.1522
metis,base,ood,1,0.5044,0.4977,0.5108,0.0379,0.0374,0.0384,0.029
metis,base,ood,2,0.8252,0.8208,0.8299,0.0862,0.0854,0.0869,0.0801
metis,base,ood,3,0.9611,0.9588,0.9635,0.1435,0.1425,0.1444,0.1385
metis,base,ood,5,0.9988,0.9985,0.9992,0.2324,0.2309,0.2339,0.2298
metis,base,ood,full,1.0,1.0,1.0,0.252,0.2501,0.254,0.2426
metis,base,connected_pairs,1,0.9571,0.9511,0.9629,0.0462,0.045,0.0476,0.0426
metis,base,connected_pairs,2,1.0,1.0,1.0,0.072,0.0699,0.0743,0.065
metis,base,connected_pairs,3,1.0,1.0,1.0,0.072,0.0699,0.0743,0.065
metis,base,connected_pairs,5,1.0,1.0,1.0,0.072,0.0699,0.0743,0.065
metis,base,connected_pairs,full,1.0,1.0,1.0,0.072,0.0699,0.0743,0.065
metis,base,connected_triples,1,0.9128,0.9058,0.9205,0.0544,0.0531,0.0557,0.0472
metis,base,connected_triples,2,0.9998,0.9994,1.0,0.1108,0.109,0.1127,0.1057
metis,base,connected_triples,3,1.0,1.0,1.0,0.1501,0.1477,0.1527,0.1461
metis,base,connected_triples,5,1.0,1.0,1.0,0.1501,0.1477,0.1527,0.1461
metis,base,connected_triples,full,1.0,1.0,1.0,0.1501,0.1477,0.1527,0.1461
metis,base,frequent_pairs,1,0.9996,0.9991,1.0,0.0599,0.0586,0.061,0.0559
metis,base,frequent_pairs,2,1.0,1.0,1.0,0.1236,0.1216,0.1253,0.1175
metis,base,frequent_pairs,3,1.0,1.0,1.0,0.1236,0.1216,0.1253,0.1175
metis,base,frequent_pairs,5,1.0,1.0,1.0,0.1236,0.1216,0.1253,0.1175
metis,base,frequent_pairs,full,1.0,1.0,1.0,0.1236,0.1216,0.1253,0.1175
metis,base,frequent_triples,1,0.9732,0.9691,0.9774,0.0589,0.0577,0.0602,0.0555
metis,base,frequent_triples,2,1.0,1.0,1.0,0.1216,0.1198,0.1234,0.1151
metis,base,frequent_triples,3,1.0,1.0,1.0,0.1864,0.1841,0.1891,0.1801
metis,base,frequent_triples,5,1.0,1.0,1.0,0.1864,0.1841,0.1891,0.1801
metis,base,frequent_triples,full,1.0,1.0,1.0,0.1864,0.1841,0.1891,0.1801
metis,base_r2,train,1,0.7318,0.7256,0.7383,0.0719,0.071,0.073,0.069
metis,base_r2,train,2,0.9711,0.9689,0.9731,0.1535,0.152,0.155,0.1498
metis,base_r2,train,3,0.9973,0.9967,0.9978,0.21,0.2078,0.2121,0.2075
metis,base_r2,train,5,1.0,1.0,1.0,0.2429,0.2399,0.2455,0.2277
metis,base_r2,train,full,1.0,1.0,1.0,0.2462,0.243,0.2489,0.2277
metis,base_r2,holdout,1,0.7004,0.6927,0.7077,0.0668,0.0656,0.068,0.0576
metis,base_r2,holdout,2,0.9634,0.9604,0.9661,0.1484,0.1466,0.1504,0.1443
metis,base_r2,holdout,3,0.9968,0.9959,0.9976,0.2088,0.2062,0.2116,0.2066
metis,base_r2,holdout,5,0.9999,0.9996,1.0,0.2455,0.2422,0.2491,0.2311
metis,base_r2,holdout,full,1.0,1.0,1.0,0.2506,0.2469,0.2545,0.2315
metis,base_r2,ood,1,0.5857,0.5793,0.5921,0.068,0.067,0.069,0.0539
metis,base_r2,ood,2,0.8585,0.8544,0.8627,0.1463,0.1449,0.1477,0.14
metis,base_r2,ood,3,0.9689,0.9668,0.9709,0.2398,0.2381,0.2416,0.2375
metis,base_r2,ood,5,0.9991,0.9988,0.9994,0.3619,0.3592,0.3645,0.3536
metis,base_r2,ood,full,1.0,1.0,1.0,0.3847,0.3813,0.3878,0.3661
metis,base_r2,connected_pairs,1,0.9994,0.9987,1.0,0.0857,0.0836,0.0879,0.0869
metis,base_r2,connected_pairs,2,1.0,1.0,1.0,0.0871,0.085,0.0894,0.0872
metis,base_r2,connected_pairs,3,1.0,1.0,1.0,0.0871,0.085,0.0894,0.0872
metis,base_r2,connected_pairs,5,1.0,1.0,1.0,0.0871,0.085,0.0894,0.0872
metis,base_r2,connected_pairs,full,1.0,1.0,1.0,0.0871,0.085,0.0894,0.0872
metis,base_r2,connected_triples,1,0.9956,0.9937,0.9972,0.103,0.1012,0.1047,0.099
metis,base_r2,connected_triples,2,1.0,1.0,1.0,0.1655,0.1626,0.1687,0.1597
metis,base_r2,connected_triples,3,1.0,1.0,1.0,0.1703,0.1671,0.1738,0.1614
metis,base_r2,connected_triples,5,1.0,1.0,1.0,0.1703,0.1671,0.1738,0.1614
metis,base_r2,connected_triples,full,1.0,1.0,1.0,0.1703,0.1671,0.1738,0.1614
metis,base_r2,frequent_pairs,1,1.0,0.9998,1.0,0.1047,0.103,0.1064,0.0991
metis,base_r2,frequent_pairs,2,1.0,1.0,1.0,0.1811,0.178,0.1841,0.1772
metis,base_r2,frequent_pairs,3,1.0,1.0,1.0,0.1811,0.178,0.1841,0.1772
metis,base_r2,frequent_pairs,5,1.0,1.0,1.0,0.1811,0.178,0.1841,0.1772
metis,base_r2,frequent_pairs,full,1.0,1.0,1.0,0.1811,0.178,0.1841,0.1772
metis,base_r2,frequent_triples,1,0.9822,0.9786,0.9854,0.1052,0.1034,0.107,0.1008
metis,base_r2,frequent_triples,2,1.0,1.0,1.0,0.1998,0.1968,0.2026,0.1988
metis,base_r2,frequent_triples,3,1.0,1.0,1.0,0.2659,0.2617,0.2704,0.2628
metis,base_r2,frequent_triples,5,1.0,1.0,1.0,0.2659,0.2617,0.2704,0.2628
metis,base_r2,frequent_triples,full,1.0,1.0,1.0,0.2659,0.2617,0.2704,0.2628
metis,base_r3,train,1,0.7585,0.7521,0.7648,0.1012,0.0998,0.1026,0.1077
metis,base_r3,train,2,0.9762,0.9741,0.978,0.2121,0.2098,0.2143,0.2079
metis,base_r3,train,3,0.9979,0.9973,0.9984,0.2815,0.2785,0.2846,0.2787
metis,base_r3,train,5,1.0,1.0,1.0,0.3168,0.3129,0.3204,0.2988
metis,base_r3,train,full,1.0,1.0,1.0,0.3198,0.3157,0.3237,0.2991
metis,base_r3,holdout,1,0.726,0.7181,0.7335,0.0937,0.0919,0.0957,0.085
metis,base_r3,holdout,2,0.9689,0.9661,0.9715,0.2072,0.2043,0.2102,0.2016
metis,base_r3,holdout,3,0.9974,0.9966,0.9981,0.2842,0.2804,0.2883,0.2821
metis,base_r3,holdout,5,1.0,0.9999,1.0,0.3252,0.3202,0.33,0.3079
metis,base_r3,holdout,full,1.0,1.0,1.0,0.3301,0.3249,0.335,0.308
metis,base_r3,ood,1,0.6283,0.6223,0.6349,0.0976,0.0962,0.0991,0.1001
metis,base_r3,ood,2,0.8761,0.8722,0.8802,0.2017,0.1996,0.2037,0.1958
metis,base_r3,ood,3,0.9736,0.9717,0.9754,0.3261,0.3236,0.3286,0.3244
metis,base_r3,ood,5,0.9993,0.9991,0.9995,0.4774,0.474,0.4807,0.4714
metis,base_r3,ood,full,1.0,1.0,1.0,0.5022,0.4983,0.506,0.4846
metis,base_r3,connected_pairs,1,1.0,1.0,1.0,0.1208,0.1179,0.1239,0.1232
metis,base_r3,connected_pairs,2,1.0,1.0,1.0,0.1208,0.1179,0.1239,0.1232
metis,base_r3,connected_pairs,3,1.0,1.0,1.0,0.1208,0.1179,0.1239,0.1232
metis,base_r3,connected_pairs,5,1.0,1.0,1.0,0.1208,0.1179,0.1239,0.1232
metis,base_r3,connected_pairs,full,1.0,1.0,1.0,0.1208,0.1179,0.1239,0.1232
metis,base_r3,connected_triples,1,0.9996,0.999,1.0,0.147,0.1447,0.1493,0.1431
metis,base_r3,connected_triples,2,1.0,1.0,1.0,0.2131,0.2085,0.2173,0.1924
metis,base_r3,connected_triples,3,1.0,1.0,1.0,0.214,0.2094,0.2182,0.1924
metis,base_r3,connected_triples,5,1.0,1.0,1.0,0.214,0.2094,0.2182,0.1924
metis,base_r3,connected_triples,full,1.0,1.0,1.0,0.214,0.2094,0.2182,0.1924
metis,base_r3,frequent_pairs,1,1.0,0.9998,1.0,0.1546,0.1522,0.1569,0.1492
metis,base_r3,frequent_pairs,2,1.0,1.0,1.0,0.2433,0.2387,0.2475,0.2342
metis,base_r3,frequent_pairs,3,1.0,1.0,1.0,0.2433,0.2387,0.2475,0.2342
metis,base_r3,frequent_pairs,5,1.0,1.0,1.0,0.2433,0.2387,0.2475,0.2342
metis,base_r3,frequent_pairs,full,1.0,1.0,1.0,0.2433,0.2387,0.2475,0.2342
metis,base_r3,frequent_triples,1,0.9876,0.9847,0.9902,0.1547,0.1524,0.1571,0.1492
metis,base_r3,frequent_triples,2,1.0,1.0,1.0,0.2821,0.2783,0.286,0.2806
metis,base_r3,frequent_triples,3,1.0,1.0,1.0,0.3454,0.3398,0.3512,0.3403
metis,base_r3,frequent_triples,5,1.0,1.0,1.0,0.3454,0.3398,0.3512,0.3403
metis,base_r3,frequent_triples,full,1.0,1.0,1.0,0.3454,0.3398,0.3512,0.3403
metis,hash_aff,train,1,0.6591,0.6527,0.6655,0.0645,0.0641,0.065,0.0604
metis,hash_aff,train,2,0.9555,0.9528,0.958,0.1299,0.1291,0.1306,0.1275
metis,hash_aff,train,3,0.9953,0.9945,0.996,0.1877,0.1865,0.1889,0.1913
metis,hash_aff,train,5,1.0,0.9999,1.0,0.2336,0.2316,0.2354,0.2314
metis,hash_aff,train,full,1.0,1.0,1.0,0.2402,0.238,0.2422,0.2317
metis,hash_aff,holdout,1,0.6587,0.6507,0.6667,0.0642,0.0636,0.0648,0.06
metis,hash_aff,holdout,2,0.9564,0.9532,0.9594,0.1293,0.1283,0.1302,0.1267
metis,hash_aff,holdout,3,0.9961,0.9952,0.9969,0.186,0.1845,0.1876,0.1896
metis,hash_aff,holdout,5,0.9998,0.9994,1.0,0.23,0.2277,0.2325,0.2252
metis,hash_aff,holdout,full,1.0,1.0,1.0,0.2367,0.234,0.2396,0.2252
metis,hash_aff,ood,1,0.4925,0.4863,0.4987,0.0654,0.0649,0.0658,0.0612
metis,hash_aff,ood,2,0.8234,0.8189,0.8281,0.1321,0.1314,0.1327,0.1276
metis,hash_aff,ood,3,0.9618,0.9596,0.9641,0.2025,0.2016,0.2033,0.1999
metis,hash_aff,ood,5,0.999,0.9987,0.9993,0.3117,0.31,0.3132,0.3132
metis,hash_aff,ood,full,1.0,1.0,1.0,0.3368,0.3346,0.3388,0.3261
metis,hash_aff,connected_pairs,1,0.8581,0.849,0.8676,0.0627,0.0617,0.0637,0.0573
metis,hash_aff,connected_pairs,2,1.0,1.0,1.0,0.1271,0.1256,0.1287,0.1232
metis,hash_aff,connected_pairs,3,1.0,1.0,1.0,0.1271,0.1256,0.1287,0.1232
metis,hash_aff,connected_pairs,5,1.0,1.0,1.0,0.1271,0.1256,0.1287,0.1232
metis,hash_aff,connected_pairs,full,1.0,1.0,1.0,0.1271,0.1256,0.1287,0.1232
metis,hash_aff,connected_triples,1,0.8484,0.8383,0.8585,0.0638,0.0628,0.0648,0.0605
metis,hash_aff,connected_triples,2,0.9981,0.997,0.9989,0.1308,0.1292,0.1323,0.1267
metis,hash_aff,connected_triples,3,1.0,1.0,1.0,0.2101,0.2081,0.212,0.2075
metis,hash_aff,connected_triples,5,1.0,1.0,1.0,0.2101,0.2081,0.212,0.2075
metis,hash_aff,connected_triples,full,1.0,1.0,1.0,0.2101,0.2081,0.212,0.2075
metis,hash_aff,frequent_pairs,1,0.9996,0.999,1.0,0.0708,0.0696,0.0719,0.0659
metis,hash_aff,frequent_pairs,2,1.0,1.0,1.0,0.1573,0.1557,0.159,0.1565
metis,hash_aff,frequent_pairs,3,1.0,1.0,1.0,0.1573,0.1557,0.159,0.1565
metis,hash_aff,frequent_pairs,5,1.0,1.0,1.0,0.1573,0.1557,0.159,0.1565
metis,hash_aff,frequent_pairs,full,1.0,1.0,1.0,0.1573,0.1557,0.159,0.1565
metis,hash_aff,frequent_triples,1,0.969,0.9644,0.9734,0.0694,0.0684,0.0705,0.0654
metis,hash_aff,frequent_triples,2,1.0,1.0,1.0,0.1474,0.1458,0.1491,0.1456
metis,hash_aff,frequent_triples,3,1.0,1.0,1.0,0.2392,0.2371,0.2413,0.2377
metis,hash_aff,frequent_triples,5,1.0,1.0,1.0,0.2392,0.2371,0.2413,0.2377
metis,hash_aff,frequent_triples,full,1.0,1.0,1.0,0.2392,0.2371,0.2413,0.2377
metis,aff,train,1,0.7178,0.7119,0.7238,0.0679,0.0672,0.0686,0.0612
metis,aff,train,2,0.9703,0.9681,0.9724,0.1401,0.139,0.1412,0.1342
metis,aff,train,3,0.9972,0.9967,0.9977,0.2015,0.1999,0.2031,0.197
metis,aff,train,5,1.0,1.0,1.0,0.2482,0.2457,0.2505,0.2328
metis,aff,train,full,1.0,1.0,1.0,0.2543,0.2516,0.2569,0.233
metis,aff,holdout,1,0.7128,0.7053,0.7198,0.068,0.0672,0.0689,0.0612
metis,aff,holdout,2,0.9672,0.9644,0.9698,0.1395,0.1381,0.1409,0.1329
metis,aff,holdout,3,0.9972,0.9964,0.9979,0.1997,0.1976,0.2018,0.1966
metis,aff,holdout,5,0.9998,0.9994,1.0,0.2462,0.243,0.2495,0.231
metis,aff,holdout,full,1.0,1.0,1.0,0.2528,0.2494,0.2564,0.2312
metis,aff,ood,1,0.5595,0.553,0.5659,0.0663,0.0656,0.067,0.0608
metis,aff,ood,2,0.8539,0.8497,0.8584,0.1392,0.1383,0.1402,0.1332
metis,aff,ood,3,0.9692,0.9672,0.971,0.219,0.2178,0.2204,0.2133
metis,aff,ood,5,0.9993,0.999,0.9995,0.3349,0.3329,0.3372,0.3309
metis,aff,ood,full,1.0,1.0,1.0,0.3585,0.3558,0.3612,0.3435
metis,aff,connected_pairs,1,0.9575,0.9516,0.9633,0.0606,0.0592,0.0625,0.0532
metis,aff,connected_pairs,2,1.0,1.0,1.0,0.0931,0.0905,0.0959,0.0839
metis,aff,connected_pairs,3,1.0,1.0,1.0,0.0931,0.0905,0.0959,0.0839
metis,aff,connected_pairs,5,1.0,1.0,1.0,0.0931,0.0905,0.0959,0.0839
metis,aff,connected_pairs,full,1.0,1.0,1.0,0.0931,0.0905,0.0959,0.0839
metis,aff,connected_triples,1,0.9147,0.9076,0.9224,0.07,0.0684,0.0716,0.0609
metis,aff,connected_triples,2,0.9998,0.9994,1.0,0.1428,0.1405,0.1452,0.1354
metis,aff,connected_triples,3,1.0,1.0,1.0,0.1989,0.1958,0.2023,0.1925
metis,aff,connected_triples,5,1.0,1.0,1.0,0.1989,0.1958,0.2023,0.1925
metis,aff,connected_triples,full,1.0,1.0,1.0,0.1989,0.1958,0.2023,0.1925
metis,aff,frequent_pairs,1,0.9996,0.9991,1.0,0.0765,0.0749,0.078,0.069
metis,aff,frequent_pairs,2,1.0,1.0,1.0,0.1682,0.1657,0.1707,0.1595
metis,aff,frequent_pairs,3,1.0,1.0,1.0,0.1682,0.1657,0.1707,0.1595
metis,aff,frequent_pairs,5,1.0,1.0,1.0,0.1682,0.1657,0.1707,0.1595
metis,aff,frequent_pairs,full,1.0,1.0,1.0,0.1682,0.1657,0.1707,0.1595
metis,aff,frequent_triples,1,0.9736,0.9695,0.9777,0.0748,0.0734,0.0763,0.0671
metis,aff,frequent_triples,2,1.0,1.0,1.0,0.1608,0.1586,0.1633,0.1508
metis,aff,frequent_triples,3,1.0,1.0,1.0,0.2562,0.253,0.2596,0.2483
metis,aff,frequent_triples,5,1.0,1.0,1.0,0.2562,0.253,0.2596,0.2483
metis,aff,frequent_triples,full,1.0,1.0,1.0,0.2562,0.253,0.2596,0.2483
metis,aff_r2,train,1,0.7797,0.7741,0.7853,0.1149,0.1139,0.1158,0.1107
metis,aff_r2,train,2,0.9805,0.9788,0.982,0.2263,0.2247,0.2277,0.224
metis,aff_r2,train,3,0.9984,0.9981,0.9988,0.3046,0.3021,0.3067,0.3067
metis,aff_r2,train,5,1.0,1.0,1.0,0.3506,0.3473,0.3537,0.33
metis,aff_r2,train,full,1.0,1.0,1.0,0.3548,0.3511,0.358,0.33
metis,aff_r2,holdout,1,0.7581,0.7509,0.7648,0.1135,0.1123,0.1147,0.1102
metis,aff_r2,holdout,2,0.9751,0.9728,0.9773,0.2244,0.2225,0.2263,0.2229
metis,aff_r2,holdout,3,0.998,0.9974,0.9986,0.3054,0.3026,0.3082,0.3081
metis,aff_r2,holdout,5,0.9999,0.9997,1.0,0.3553,0.3514,0.3595,0.34
metis,aff_r2,holdout,full,1.0,1.0,1.0,0.3615,0.3571,0.3659,0.34
metis,aff_r2,ood,1,0.6448,0.6385,0.6508,0.1109,0.1099,0.1119,0.1102
metis,aff_r2,ood,2,0.8899,0.8863,0.8935,0.2269,0.2254,0.2284,0.2228
metis,aff_r2,ood,3,0.9779,0.9762,0.9795,0.3486,0.3466,0.3505,0.3456
metis,aff_r2,ood,5,0.9996,0.9994,0.9998,0.4966,0.4933,0.4997,0.491
metis,aff_r2,ood,full,1.0,1.0,1.0,0.5215,0.5175,0.5253,0.4993
metis,aff_r2,connected_pairs,1,0.9994,0.9987,1.0,0.0991,0.0968,0.1014,0.0991
metis,aff_r2,connected_pairs,2,1.0,1.0,1.0,0.1007,0.0983,0.1031,0.0998
metis,aff_r2,connected_pairs,3,1.0,1.0,1.0,0.1007,0.0983,0.1031,0.0998
metis,aff_r2,connected_pairs,5,1.0,1.0,1.0,0.1007,0.0983,0.1031,0.0998
metis,aff_r2,connected_pairs,full,1.0,1.0,1.0,0.1007,0.0983,0.1031,0.0998
metis,aff_r2,connected_triples,1,0.9956,0.9937,0.9972,0.1172,0.1153,0.1192,0.1115
metis,aff_r2,connected_triples,2,1.0,1.0,1.0,0.1924,0.1891,0.1961,0.1895
metis,aff_r2,connected_triples,3,1.0,1.0,1.0,0.1983,0.1944,0.2023,0.191
metis,aff_r2,connected_triples,5,1.0,1.0,1.0,0.1983,0.1944,0.2023,0.191
metis,aff_r2,connected_triples,full,1.0,1.0,1.0,0.1983,0.1944,0.2023,0.191
metis,aff_r2,frequent_pairs,1,1.0,0.9998,1.0,0.1194,0.1174,0.1214,0.1124
metis,aff_r2,frequent_pairs,2,1.0,1.0,1.0,0.2106,0.2073,0.214,0.2088
metis,aff_r2,frequent_pairs,3,1.0,1.0,1.0,0.2106,0.2073,0.214,0.2088
metis,aff_r2,frequent_pairs,5,1.0,1.0,1.0,0.2106,0.2073,0.214,0.2088
metis,aff_r2,frequent_pairs,full,1.0,1.0,1.0,0.2106,0.2073,0.214,0.2088
metis,aff_r2,frequent_triples,1,0.9823,0.9788,0.9856,0.1198,0.1177,0.1217,0.1129
metis,aff_r2,frequent_triples,2,1.0,1.0,1.0,0.2325,0.2294,0.236,0.2303
metis,aff_r2,frequent_triples,3,1.0,1.0,1.0,0.3115,0.3068,0.3165,0.3108
metis,aff_r2,frequent_triples,5,1.0,1.0,1.0,0.3115,0.3068,0.3165,0.3108
metis,aff_r2,frequent_triples,full,1.0,1.0,1.0,0.3115,0.3068,0.3165,0.3108
metis,aff_r3,train,1,0.81,0.8044,0.8154,0.1558,0.1546,0.157,0.1551
metis,aff_r3,train,2,0.9853,0.9839,0.9867,0.304,0.3019,0.3058,0.3061
metis,aff_r3,train,3,0.999,0.9986,0.9992,0.3986,0.3951,0.4016,0.4027
metis,aff_r3,train,5,1.0,1.0,1.0,0.4467,0.4421,0.4509,0.4202
metis,aff_r3,train,full,1.0,1.0,1.0,0.4503,0.4455,0.4545,0.4202
metis,aff_r3,holdout,1,0.7871,0.7803,0.7939,0.1537,0.1523,0.1553,0.1538
metis,aff_r3,holdout,2,0.9804,0.9783,0.9823,0.3034,0.3011,0.3057,0.3049
metis,aff_r3,holdout,3,0.9985,0.9981,0.999,0.4045,0.4007,0.4082,0.4114
metis,aff_r3,holdout,5,1.0,1.0,1.0,0.4589,0.4536,0.4641,0.4373
metis,aff_r3,holdout,full,1.0,1.0,1.0,0.4641,0.4586,0.4699,0.4373
metis,aff_r3,ood,1,0.6888,0.683,0.6946,0.1489,0.1476,0.1502,0.1518
metis,aff_r3,ood,2,0.9079,0.9047,0.9114,0.3023,0.3005,0.3041,0.3
metis,aff_r3,ood,3,0.9823,0.9809,0.9836,0.4589,0.4566,0.461,0.4613
metis,aff_r3,ood,5,0.9997,0.9996,0.9998,0.6346,0.6305,0.6385,0.6327
metis,aff_r3,ood,full,1.0,1.0,1.0,0.6604,0.6557,0.665,0.6386
metis,aff_r3,connected_pairs,1,1.0,1.0,1.0,0.1334,0.1304,0.1366,0.1364
metis,aff_r3,connected_pairs,2,1.0,1.0,1.0,0.1334,0.1304,0.1366,0.1364
metis,aff_r3,connected_pairs,3,1.0,1.0,1.0,0.1334,0.1304,0.1366,0.1364
metis,aff_r3,connected_pairs,5,1.0,1.0,1.0,0.1334,0.1304,0.1366,0.1364
metis,aff_r3,connected_pairs,full,1.0,1.0,1.0,0.1334,0.1304,0.1366,0.1364
metis,aff_r3,connected_triples,1,0.9996,0.999,1.0,0.1606,0.158,0.1631,0.1553
metis,aff_r3,connected_triples,2,1.0,1.0,1.0,0.2344,0.2296,0.239,0.2131
metis,aff_r3,connected_triples,3,1.0,1.0,1.0,0.2354,0.2306,0.2399,0.2131
metis,aff_r3,connected_triples,5,1.0,1.0,1.0,0.2354,0.2306,0.2399,0.2131
metis,aff_r3,connected_triples,full,1.0,1.0,1.0,0.2354,0.2306,0.2399,0.2131
metis,aff_r3,frequent_pairs,1,1.0,0.9998,1.0,0.1679,0.1653,0.1701,0.1639
metis,aff_r3,frequent_pairs,2,1.0,1.0,1.0,0.2662,0.2616,0.2708,0.2611
metis,aff_r3,frequent_pairs,3,1.0,1.0,1.0,0.2662,0.2616,0.2708,0.2611
metis,aff_r3,frequent_pairs,5,1.0,1.0,1.0,0.2662,0.2616,0.2708,0.2611
metis,aff_r3,frequent_pairs,full,1.0,1.0,1.0,0.2662,0.2616,0.2708,0.2611
metis,aff_r3,frequent_triples,1,0.9876,0.9848,0.9902,0.1684,0.1658,0.1708,0.1639
metis,aff_r3,frequent_triples,2,1.0,1.0,1.0,0.3093,0.3054,0.3134,0.3084
metis,aff_r3,frequent_triples,3,1.0,1.0,1.0,0.3802,0.3743,0.3865,0.3782
metis,aff_r3,frequent_triples,5,1.0,1.0,1.0,0.3802,0.3743,0.3865,0.3782
metis,aff_r3,frequent_triples,full,1.0,1.0,1.0,0.3802,0.3743,0.3865,0.3782
metis,hash_bal,train,1,0.6931,0.6876,0.6992,0.1706,0.17,0.1713,0.1654
metis,hash_bal,train,2,0.9638,0.9615,0.9661,0.334,0.3326,0.3352,0.3378
metis,hash_bal,train,3,0.9966,0.996,0.9972,0.4638,0.4614,0.4662,0.4933
metis,hash_bal,train,5,1.0,1.0,1.0,0.5613,0.557,0.5652,0.5484
metis,hash_bal,train,full,1.0,1.0,1.0,0.5745,0.5697,0.5789,0.5484
metis,hash_bal,holdout,1,0.6982,0.6909,0.7058,0.1704,0.1695,0.1712,0.1654
metis,hash_bal,holdout,2,0.9651,0.9625,0.9676,0.3338,0.3322,0.3353,0.3385
metis,hash_bal,holdout,3,0.9971,0.9963,0.9978,0.4616,0.4587,0.4646,0.492
metis,hash_bal,holdout,5,0.9998,0.9997,1.0,0.5548,0.5497,0.5602,0.5433
metis,hash_bal,holdout,full,1.0,1.0,1.0,0.5677,0.5616,0.574,0.5433
metis,hash_bal,ood,1,0.5491,0.5431,0.5547,0.1707,0.17,0.1712,0.1655
metis,hash_bal,ood,2,0.86,0.8561,0.8636,0.3418,0.3408,0.3427,0.3384
metis,hash_bal,ood,3,0.9729,0.9711,0.9745,0.5123,0.5111,0.5135,0.5112
metis,hash_bal,ood,5,0.9994,0.9992,0.9996,0.7523,0.7494,0.7553,0.7691
metis,hash_bal,ood,full,1.0,1.0,1.0,0.8029,0.7985,0.8074,0.7797
metis,hash_bal,connected_pairs,1,0.8728,0.8645,0.8821,0.1693,0.1678,0.1707,0.1635
metis,hash_bal,connected_pairs,2,1.0,1.0,1.0,0.3376,0.3355,0.3397,0.3337
metis,hash_bal,connected_pairs,3,1.0,1.0,1.0,0.3376,0.3355,0.3397,0.3337
metis,hash_bal,connected_pairs,5,1.0,1.0,1.0,0.3376,0.3355,0.3397,0.3337
metis,hash_bal,connected_pairs,full,1.0,1.0,1.0,0.3376,0.3355,0.3397,0.3337
metis,hash_bal,connected_triples,1,0.8654,0.8566,0.8747,0.1713,0.1698,0.1728,0.1655
metis,hash_bal,connected_triples,2,0.9987,0.9979,0.9993,0.3417,0.3396,0.3437,0.3369
metis,hash_bal,connected_triples,3,1.0,1.0,1.0,0.5183,0.5154,0.521,0.5169
metis,hash_bal,connected_triples,5,1.0,1.0,1.0,0.5183,0.5154,0.521,0.5169
metis,hash_bal,connected_triples,full,1.0,1.0,1.0,0.5183,0.5154,0.521,0.5169
metis,hash_bal,frequent_pairs,1,0.9996,0.9992,1.0,0.1753,0.1738,0.1768,0.1747
metis,hash_bal,frequent_pairs,2,1.0,1.0,1.0,0.3614,0.3591,0.3636,0.3608
metis,hash_bal,frequent_pairs,3,1.0,1.0,1.0,0.3614,0.3591,0.3636,0.3608
metis,hash_bal,frequent_pairs,5,1.0,1.0,1.0,0.3614,0.3591,0.3636,0.3608
metis,hash_bal,frequent_pairs,full,1.0,1.0,1.0,0.3614,0.3591,0.3636,0.3608
metis,hash_bal,frequent_triples,1,0.9722,0.968,0.9763,0.1739,0.1724,0.1754,0.1685
metis,hash_bal,frequent_triples,2,1.0,1.0,1.0,0.3569,0.3545,0.3593,0.354
metis,hash_bal,frequent_triples,3,1.0,1.0,1.0,0.5454,0.5422,0.5486,0.547
metis,hash_bal,frequent_triples,5,1.0,1.0,1.0,0.5454,0.5422,0.5486,0.547
metis,hash_bal,frequent_triples,full,1.0,1.0,1.0,0.5454,0.5422,0.5486,0.547
metis,bal,train,1,0.7478,0.7423,0.7537,0.1492,0.1492,0.1493,0.1497
metis,bal,train,2,0.9759,0.974,0.9776,0.2869,0.286,0.2876,0.299
metis,bal,train,3,0.998,0.9976,0.9984,0.3852,0.3831,0.3872,0.4479
metis,bal,train,5,1.0,1.0,1.0,0.4501,0.4467,0.4533,0.4485
metis,bal,train,full,1.0,1.0,1.0,0.457,0.4531,0.4606,0.4485
metis,bal,holdout,1,0.7431,0.736,0.7498,0.1493,0.1492,0.1493,0.1497
metis,bal,holdout,2,0.9732,0.9708,0.9755,0.2865,0.2855,0.2876,0.299
metis,bal,holdout,3,0.9978,0.9971,0.9984,0.3838,0.3813,0.3862,0.448
metis,bal,holdout,5,0.9998,0.9996,1.0,0.4484,0.4441,0.4527,0.4485
metis,bal,holdout,full,1.0,1.0,1.0,0.4561,0.4514,0.4607,0.4485
metis,bal,ood,1,0.609,0.603,0.6149,0.1491,0.1491,0.1492,0.1497
metis,bal,ood,2,0.8812,0.8778,0.8847,0.2981,0.298,0.2983,0.2992
metis,bal,ood,3,0.9769,0.9754,0.9784,0.4424,0.4418,0.4429,0.4487
metis,bal,ood,5,0.9995,0.9993,0.9997,0.6232,0.6208,0.6258,0.5989
metis,bal,ood,full,1.0,1.0,1.0,0.6551,0.6517,0.6587,0.5989
metis,bal,connected_pairs,1,0.9618,0.9563,0.9672,0.1489,0.1488,0.1491,0.1497
metis,bal,connected_pairs,2,1.0,1.0,1.0,0.2139,0.2108,0.217,0.15
metis,bal,connected_pairs,3,1.0,1.0,1.0,0.2139,0.2108,0.217,0.15
metis,bal,connected_pairs,5,1.0,1.0,1.0,0.2139,0.2108,0.217,0.15
metis,bal,connected_pairs,full,1.0,1.0,1.0,0.2139,0.2108,0.217,0.15
metis,bal,connected_triples,1,0.9238,0.9173,0.9309,0.1494,0.1494,0.1495,0.1497
metis,bal,connected_triples,2,0.9998,0.9994,1.0,0.2948,0.2937,0.2959,0.2992
metis,bal,connected_triples,3,1.0,1.0,1.0,0.3876,0.3841,0.391,0.4479
metis,bal,connected_triples,5,1.0,1.0,1.0,0.3876,0.3841,0.391,0.4479
metis,bal,connected_triples,full,1.0,1.0,1.0,0.3876,0.3841,0.391,0.4479
metis,bal,frequent_pairs,1,0.9996,0.9991,1.0,0.1495,0.1494,0.1495,0.1497
metis,bal,frequent_pairs,2,1.0,1.0,1.0,0.2926,0.2913,0.2939,0.2992
metis,bal,frequent_pairs,3,1.0,1.0,1.0,0.2926,0.2913,0.2939,0.2992
metis,bal,frequent_pairs,5,1.0,1.0,1.0,0.2926,0.2913,0.2939,0.2992
metis,bal,frequent_pairs,full,1.0,1.0,1.0,0.2926,0.2913,0.2939,0.2992
metis,bal,frequent_triples,1,0.9763,0.9727,0.9802,0.1495,0.1494,0.1495,0.1497
metis,bal,frequent_triples,2,1.0,1.0,1.0,0.2984,0.298,0.2988,0.2992
metis,bal,frequent_triples,3,1.0,1.0,1.0,0.4296,0.4275,0.4317,0.4488
metis,bal,frequent_triples,5,1.0,1.0,1.0,0.4296,0.4275,0.4317,0.4488
metis,bal,frequent_triples,full,1.0,1.0,1.0,0.4296,0.4275,0.4317,0.4488
