method,strategy,sample,queries,evaluated,terms_mean,known_terms_mean,fanout_mean,fanout_ci_low,fanout_ci_high,fanout_median,fanout_p95,single_shard_share,single_shard_ci_low,single_shard_ci_high,hash_probe_share,mixed_query_share,top_shard_traffic
leiden,hash_base,train,10000,9980,3.284,3.2703,3.2623,3.235,3.2869,3.0,5.0,0.0624,0.0579,0.0673,,,0.0039
leiden,hash_base,holdout,6104,6093,3.247,3.2334,3.2258,3.1928,3.2583,3.0,5.0,0.0656,0.0596,0.0724,,,0.0034
leiden,hash_base,ood,10000,10000,4.7072,4.6317,4.617,4.5928,4.6409,5.0,7.0,0.0011,0.0005,0.0018,,,0.0162
leiden,hash_base,connected_pairs,2000,2000,2.0,2.0,1.9995,1.9985,2.0,2.0,2.0,0.0005,0.0,0.0015,,,0.005
leiden,hash_base,connected_triples,2000,2000,3.0,3.0,2.996,2.993,2.9985,3.0,3.0,0.0,0.0,0.0,,,0.0055
leiden,hash_base,frequent_pairs,2000,2000,2.0,2.0,1.999,1.9975,2.0,2.0,2.0,0.001,0.0,0.0025,,,0.008
leiden,hash_base,frequent_triples,2000,2000,3.0,3.0,2.9915,2.9875,2.995,3.0,3.0,0.0,0.0,0.0,,,0.0075
leiden,base,train,10000,9980,3.284,3.2703,2.503,2.482,2.5225,2.0,4.0,0.1597,0.1529,0.1674,0.3683,0.5158,0.1018
leiden,base,holdout,6104,6093,3.247,3.2334,2.61,2.5848,2.6373,3.0,4.0,0.1379,0.1299,0.1465,0.38,0.5534,0.0975
leiden,base,ood,10000,10000,4.7072,4.6317,3.8316,3.8093,3.8541,4.0,6.0,0.0111,0.0088,0.0133,0.2799,0.6741,0.1326
leiden,base,connected_pairs,2000,2000,2.0,2.0,1.008,1.0045,1.0125,1.0,1.0,0.992,0.9875,0.9955,0.0,0.0,0.101
leiden,base,connected_triples,2000,2000,3.0,3.0,1.276,1.255,1.3,1.0,2.0,0.7535,0.733,0.772,0.0,0.0,0.164
leiden,base,frequent_pairs,2000,2000,2.0,2.0,1.3185,1.298,1.338,1.0,2.0,0.6815,0.662,0.702,0.0,0.0,0.216
leiden,base,frequent_triples,2000,2000,3.0,3.0,1.6015,1.5705,1.633,1.0,3.0,0.5285,0.5065,0.55,0.0,0.0,0.207
leiden,base_r2,train,10000,9980,3.284,3.2703,2.2103,2.1922,2.2289,2.0,4.0,0.2287,0.2209,0.2365,0.4171,0.5158,0.136
leiden,base_r2,holdout,6104,6093,3.247,3.2334,2.3084,2.2859,2.3314,2.0,4.0,0.1963,0.1862,0.2063,0.4296,0.5534,0.1354
leiden,base_r2,ood,10000,10000,4.7072,4.6317,3.3296,3.3099,3.3506,3.0,5.0,0.0317,0.0284,0.0349,0.3221,0.6741,0.1576
leiden,base_r2,connected_pairs,2000,2000,2.0,2.0,1.0,1.0,1.0,1.0,1.0,1.0,1.0,1.0,0.0,0.0,0.114
leiden,base_r2,connected_triples,2000,2000,3.0,3.0,1.076,1.0655,1.0875,1.0,2.0,0.924,0.9125,0.9345,0.0,0.0,0.179
leiden,base_r2,frequent_pairs,2000,2000,2.0,2.0,1.0825,1.071,1.095,1.0,2.0,0.9175,0.905,0.929,0.0,0.0,0.304
leiden,base_r2,frequent_triples,2000,2000,3.0,3.0,1.2105,1.192,1.2305,1.0,2.0,0.804,0.787,0.8215,0.0,0.0,0.2705
leiden,base_r3,train,10000,9980,3.284,3.2703,2.0974,2.0798,2.115,2.0,4.0,0.2629,0.2549,0.271,0.4395,0.5158,0.145
leiden,base_r3,holdout,6104,6093,3.247,3.2334,2.1837,2.1621,2.2077,2.0,4.0,0.2324,0.2221,0.243,0.4542,0.5534,0.1503
leiden,base_r3,ood,10000,10000,4.7072,4.6317,3.0661,3.0461,3.0863,3.0,5.0,0.0475,0.0436,0.0515,0.3498,0.6741,0.1951
leiden,base_r3,connected_pairs,2000,2000,2.0,2.0,1.0,1.0,1.0,1.0,1.0,1.0,1.0,1.0,0.0,0.0,0.117
leiden,base_r3,connected_triples,2000,2000,3.0,3.0,1.028,1.0215,1.0355,1.0,1.0,0.972,0.9645,0.9785,0.0,0.0,0.192
leiden,base_r3,frequent_pairs,2000,2000,2.0,2.0,1.023,1.0165,1.03,1.0,1.0,0.977,0.97,0.9835,0.0,0.0,0.3455
leiden,base_r3,frequent_triples,2000,2000,3.0,3.0,1.088,1.075,1.101,1.0,2.0,0.9125,0.9,0.925,0.0,0.0,0.305
leiden,hash_aff,train,10000,9980,3.284,3.2703,3.2608,3.2337,3.2855,3.0,5.0,0.0628,0.0583,0.0678,,,0.0045
leiden,hash_aff,holdout,6104,6093,3.247,3.2334,3.2212,3.1883,3.253,3.0,5.0,0.066,0.0599,0.0725,,,0.0049
leiden,hash_aff,ood,10000,10000,4.7072,4.6317,4.6116,4.5877,4.6354,4.0,7.0,0.0012,0.0006,0.0019,,,0.0177
leiden,hash_aff,connected_pairs,2000,2000,2.0,2.0,1.998,1.996,1.9995,2.0,2.0,0.002,0.0005,0.004,,,0.007
leiden,hash_aff,connected_triples,2000,2000,3.0,3.0,2.9955,2.992,2.998,3.0,3.0,0.0,0.0,0.0,,,0.0075
leiden,hash_aff,frequent_pairs,2000,2000,2.0,2.0,1.998,1.996,1.9995,2.0,2.0,0.002,0.0005,0.004,,,0.011
leiden,hash_aff,frequent_triples,2000,2000,3.0,3.0,2.9945,2.991,2.9975,3.0,3.0,0.0,0.0,0.0,,,0.0115
leiden,aff,train,10000,9980,3.284,3.2703,2.2318,2.2126,2.2511,2.0,4.0,0.2424,0.2338,0.2508,0.0,0.0,0.1408
leiden,aff,holdout,6104,6093,3.247,3.2334,2.3064,2.2817,2.3315,2.0,4.0,0.2265,0.2163,0.2372,0.0001,0.0002,0.1397
leiden,aff,ood,10000,10000,4.7072,4.6317,3.4545,3.4336,3.4748,3.0,5.0,0.0251,0.0219,0.0281,0.0,0.0,0.1953
leiden,aff,connected_pairs,2000,2000,2.0,2.0,1.008,1.0045,1.0125,1.0,1.0,0.992,0.9875,0.9955,0.0,0.0,0.101
leiden,aff,connected_triples,2000,2000,3.0,3.0,1.276,1.255,1.3,1.0,2.0,0.7535,0.733,0.772,0.0,0.0,0.164
leiden,aff,frequent_pairs,2000,2000,2.0,2.0,1.3185,1.298,1.338,1.0,2.0,0.6815,0.662,0.702,0.0,0.0,0.216
leiden,aff,frequent_triples,2000,2000,3.0,3.0,1.6015,1.5705,1.633,1.0,3.0,0.5285,0.5065,0.55,0.0,0.0,0.207
leiden,aff_r2,train,10000,9980,3.284,3.2703,1.9264,1.9101,1.9425,2.0,3.0,0.3361,0.3266,0.3454,0.0,0.0,0.1676
leiden,aff_r2,holdout,6104,6093,3.247,3.2334,1.9821,1.9619,2.0031,2.0,3.0,0.3125,0.3007,0.3236,0.0001,0.0002,0.169
leiden,aff_r2,ood,10000,10000,4.7072,4.6317,2.9267,2.9088,2.945,3.0,4.0,0.0543,0.0498,0.0586,0.0,0.0,0.173
leiden,aff_r2,connected_pairs,2000,2000,2.0,2.0,1.0,1.0,1.0,1.0,1.0,1.0,1.0,1.0,0.0,0.0,0.114
leiden,aff_r2,connected_triples,2000,2000,3.0,3.0,1.076,1.0655,1.0875,1.0,2.0,0.924,0.9125,0.9345,0.0,0.0,0.179
leiden,aff_r2,frequent_pairs,2000,2000,2.0,2.0,1.0825,1.071,1.095,1.0,2.0,0.9175,0.905,0.929,0.0,0.0,0.304
leiden,aff_r2,frequent_triples,2000,2000,3.0,3.0,1.2105,1.192,1.2305,1.0,2.0,0.804,0.787,0.8215,0.0,0.0,0.2705
leiden,aff_r3,train,10000,9980,3.284,3.2703,1.8026,1.7878,1.8185,2.0,3.0,0.3885,0.3788,0.398,0.0,0.0,0.173
leiden,aff_r3,holdout,6104,6093,3.247,3.2334,1.851,1.8325,1.8701,2.0,3.0,0.365,0.3529,0.3768,0.0001,0.0002,0.1769
leiden,aff_r3,ood,10000,10000,4.7072,4.6317,2.6694,2.653,2.6865,3.0,4.0,0.0774,0.0722,0.0828,0.0,0.0,0.1794
leiden,aff_r3,connected_pairs,2000,2000,2.0,2.0,1.0,1.0,1.0,1.0,1.0,1.0,1.0,1.0,0.0,0.0,0.117
leiden,aff_r3,connected_triples,2000,2000,3.0,3.0,1.028,1.0215,1.0355,1.0,1.0,0.972,0.9645,0.9785,0.0,0.0,0.192
leiden,aff_r3,frequent_pairs,2000,2000,2.0,2.0,1.023,1.0165,1.03,1.0,1.0,0.977,0.97,0.9835,0.0,0.0,0.3455
leiden,aff_r3,frequent_triples,2000,2000,3.0,3.0,1.088,1.075,1.101,1.0,2.0,0.9125,0.9,0.925,0.0,0.0,0.305
leiden,hash_bal,train,10000,9980,3.284,3.2703,3.2422,3.2145,3.2661,3.0,5.0,0.0631,0.0586,0.0682,,,0.0098
leiden,hash_bal,holdout,6104,6093,3.247,3.2334,3.2038,3.1714,3.2361,3.0,5.0,0.0665,0.0604,0.0732,,,0.0108
leiden,hash_bal,ood,10000,10000,4.7072,4.6317,4.5663,4.5424,4.5906,4.0,7.0,0.0011,0.0005,0.0018,,,0.0207
leiden,hash_bal,connected_pairs,2000,2000,2.0,2.0,1.992,1.988,1.9955,2.0,2.0,0.008,0.0045,0.012,,,0.013
leiden,hash_bal,connected_triples,2000,2000,3.0,3.0,2.9805,2.9745,2.9865,3.0,3.0,0.0,0.0,0.0,,,0.0145
leiden,hash_bal,frequent_pairs,2000,2000,2.0,2.0,1.993,1.989,1.9965,2.0,2.0,0.007,0.0035,0.011,,,0.017
leiden,hash_bal,frequent_triples,2000,2000,3.0,3.0,2.977,2.9705,2.9835,3.0,3.0,0.0,0.0,0.0,,,0.021
leiden,bal,train,10000,9980,3.284,3.2703,2.8134,2.7904,2.8355,3.0,5.0,0.0974,0.0918,0.1035,0.0,0.0,0.0231
leiden,bal,holdout,6104,6093,3.247,3.2334,2.895,2.8657,2.9263,3.0,5.0,0.0935,0.0861,0.1011,0.0,0.0,0.0222
leiden,bal,ood,10000,10000,4.7072,4.6317,4.1998,4.1776,4.2231,4.0,6.0,0.0037,0.0027,0.0049,0.0,0.0,0.0599
leiden,bal,connected_pairs,2000,2000,2.0,2.0,1.012,1.0075,1.0175,1.0,1.0,0.988,0.9825,0.9925,0.0,0.0,0.08
leiden,bal,connected_triples,2000,2000,3.0,3.0,1.5975,1.571,1.6265,2.0,3.0,0.493,0.47,0.513,0.0,0.0,0.023
leiden,bal,frequent_pairs,2000,2000,2.0,2.0,1.72,1.7,1.739,2.0,2.0,0.28,0.261,0.3,0.0,0.0,0.024
leiden,bal,frequent_triples,2000,2000,3.0,3.0,2.43,2.4015,2.4605,3.0,3.0,0.1105,0.0975,0.1245,0.0,0.0,0.026
cpm,hash_base,train,10000,9980,3.284,3.2703,3.2694,3.2421,3.2939,3.0,5.0,0.0622,0.0577,0.0672,,,0.0016
cpm,hash_base,holdout,6104,6093,3.247,3.2334,3.2326,3.1996,3.2648,3.0,5.0,0.0655,0.0594,0.0721,,,0.002
cpm,hash_base,ood,10000,10000,4.7072,4.6317,4.6292,4.6053,4.6535,5.0,7.0,0.0011,0.0005,0.0018,,,0.0148
cpm,hash_base,connected_pairs,2000,2000,2.0,2.0,1.9995,1.9985,2.0,2.0,2.0,0.0005,0.0,0.0015,,,0.0025
cpm,hash_base,connected_triples,2000,2000,3.0,3.0,2.999,2.9975,3.0,3.0,3.0,0.0,0.0,0.0,,,0.004
cpm,hash_base,frequent_pairs,2000,2000,2.0,2.0,1.9995,1.9985,2.0,2.0,2.0,0.0005,0.0,0.0015,,,0.0075
cpm,hash_base,frequent_triples,2000,2000,3.0,3.0,2.9995,2.9985,3.0,3.0,3.0,0.0,0.0,0.0,,,0.009
cpm,base,train,10000,9980,3.284,3.2703,2.9866,2.9618,3.0087,3.0,5.0,0.0781,0.073,0.0837,0.3088,0.5158,0.0078
cpm,base,holdout,6104,6093,3.247,3.2334,3.0665,3.0356,3.098,3.0,5.0,0.0719,0.0655,0.0789,0.3236,0.5534,0.0094
cpm,base,ood,10000,10000,4.7072,4.6317,4.3696,4.3467,4.3935,4.0,6.0,0.0021,0.0013,0.003,0.2456,0.6741,0.0482
cpm,base,connected_pairs,2000,2000,2.0,2.0,1.012,1.0075,1.017,1.0,1.0,0.988,0.983,0.9925,0.0,0.0,0.0055
cpm,base,connected_triples,2000,2000,3.0,3.0,1.6685,1.639,1.6975,2.0,3.0,0.4315,0.409,0.454,0.0,0.0,0.0175
cpm,base,frequent_pairs,2000,2000,2.0,2.0,1.731,1.7105,1.7505,2.0,2.0,0.269,0.2495,0.2895,0.0,0.0,0.045
cpm,base,frequent_triples,2000,2000,3.0,3.0,2.4905,2.461,2.521,3.0,3.0,0.118,0.1045,0.133,0.0,0.0,0.0485
cpm,base_r2,train,10000,9980,3.284,3.2703,2.7916,2.7679,2.8134,3.0,5.0,0.0967,0.0911,0.1028,0.3303,0.5158,0.0349
cpm,base_r2,holdout,6104,6093,3.247,3.2334,2.9025,2.8741,2.9316,3.0,5.0,0.0865,0.0796,0.0939,0.3419,0.5534,0.0437
cpm,base_r2,ood,10000,10000,4.7072,4.6317,4.2051,4.1825,4.2295,4.0,6.0,0.0037,0.0026,0.005,0.2552,0.6741,0.0388
cpm,base_r2,connected_pairs,2000,2000,2.0,2.0,1.0005,1.0,1.0015,1.0,1.0,0.9995,0.9985,1.0,0.0,0.0,0.01
cpm,base_r2,connected_triples,2000,2000,3.0,3.0,1.3885,1.366,1.4105,1.0,2.0,0.6145,0.5935,0.6365,0.0,0.0,0.034
cpm,base_r2,frequent_pairs,2000,2000,2.0,2.0,1.5005,1.478,1.5225,2.0,2.0,0.4995,0.4775,0.522,0.0,0.0,0.113
cpm,base_r2,frequent_triples,2000,2000,3.0,3.0,2.0935,2.0605,2.128,2.0,3.0,0.255,0.2365,0.276,0.0,0.0,0.1045
cpm,base_r3,train,10000,9980,3.284,3.2703,2.6842,2.6611,2.7056,3.0,4.0,0.1088,0.103,0.1153,0.3435,0.5158,0.0445
cpm,base_r3,holdout,6104,6093,3.247,3.2334,2.8118,2.7825,2.8399,3.0,5.0,0.0958,0.0888,0.1035,0.353,0.5534,0.054
cpm,base_r3,ood,10000,10000,4.7072,4.6317,4.1367,4.1147,4.1618,4.0,6.0,0.0044,0.0032,0.0057,0.2595,0.6741,0.0392
cpm,base_r3,connected_pairs,2000,2000,2.0,2.0,1.0,1.0,1.0,1.0,1.0,1.0,1.0,1.0,0.0,0.0,0.0145
cpm,base_r3,connected_triples,2000,2000,3.0,3.0,1.2765,1.2575,1.297,1.0,2.0,0.7235,0.703,0.7425,0.0,0.0,0.0435
cpm,base_r3,frequent_pairs,2000,2000,2.0,2.0,1.3795,1.358,1.4015,1.0,2.0,0.6205,0.5985,0.642,0.0,0.0,0.13
cpm,base_r3,frequent_triples,2000,2000,3.0,3.0,1.864,1.8335,1.898,2.0,3.0,0.3385,0.317,0.358,0.0,0.0,0.1275
cpm,hash_aff,train,10000,9980,3.284,3.2703,3.2684,3.2414,3.2929,3.0,5.0,0.0622,0.0577,0.0672,,,0.002
cpm,hash_aff,holdout,6104,6093,3.247,3.2334,3.2317,3.1985,3.264,3.0,5.0,0.0656,0.0596,0.0723,,,0.0025
cpm,hash_aff,ood,10000,10000,4.7072,4.6317,4.6286,4.6043,4.6528,5.0,7.0,0.0011,0.0005,0.0018,,,0.0156
cpm,hash_aff,connected_pairs,2000,2000,2.0,2.0,2.0,2.0,2.0,2.0,2.0,0.0,0.0,0.0,,,0.003
cpm,hash_aff,connected_triples,2000,2000,3.0,3.0,2.9985,2.9965,3.0,3.0,3.0,0.0,0.0,0.0,,,0.0045
cpm,hash_aff,frequent_pairs,2000,2000,2.0,2.0,2.0,2.0,2.0,2.0,2.0,0.0,0.0,0.0,,,0.0065
cpm,hash_aff,frequent_triples,2000,2000,3.0,3.0,2.999,2.9975,3.0,3.0,3.0,0.0,0.0,0.0,,,0.005
cpm,aff,train,10000,9980,3.284,3.2703,2.8866,2.8631,2.9091,3.0,5.0,0.0914,0.0858,0.0973,0.0,0.0,0.0113
cpm,aff,holdout,6104,6093,3.247,3.2334,2.9449,2.9159,2.9742,3.0,5.0,0.0857,0.0786,0.0931,0.0001,0.0002,0.013
cpm,aff,ood,10000,10000,4.7072,4.6317,4.2718,4.249,4.2958,4.0,6.0,0.0028,0.0019,0.0039,0.0,0.0,0.0494
cpm,aff,connected_pairs,2000,2000,2.0,2.0,1.012,1.0075,1.017,1.0,1.0,0.988,0.983,0.9925,0.0,0.0,0.0055
cpm,aff,connected_triples,2000,2000,3.0,3.0,1.6685,1.639,1.6975,2.0,3.0,0.4315,0.409,0.454,0.0,0.0,0.0175
cpm,aff,frequent_pairs,2000,2000,2.0,2.0,1.731,1.7105,1.7505,2.0,2.0,0.269,0.2495,0.2895,0.0,0.0,0.045
cpm,aff,frequent_triples,2000,2000,3.0,3.0,2.4905,2.461,2.521,3.0,3.0,0.118,0.1045,0.133,0.0,0.0,0.0485
cpm,aff_r2,train,10000,9980,3.284,3.2703,2.6837,2.6608,2.7053,3.0,5.0,0.1143,0.108,0.1212,0.0,0.0,0.0379
cpm,aff_r2,holdout,6104,6093,3.247,3.2334,2.7733,2.7455,2.802,3.0,5.0,0.1029,0.0955,0.1108,0.0001,0.0002,0.0463
cpm,aff_r2,ood,10000,10000,4.7072,4.6317,4.0899,4.068,4.1138,4.0,6.0,0.0056,0.0042,0.0071,0.0,0.0,0.065
cpm,aff_r2,connected_pairs,2000,2000,2.0,2.0,1.0005,1.0,1.0015,1.0,1.0,0.9995,0.9985,1.0,0.0,0.0,0.01
cpm,aff_r2,connected_triples,2000,2000,3.0,3.0,1.3885,1.366,1.4105,1.0,2.0,0.6145,0.5935,0.6365,0.0,0.0,0.034
cpm,aff_r2,frequent_pairs,2000,2000,2.0,2.0,1.5005,1.478,1.5225,2.0,2.0,0.4995,0.4775,0.522,0.0,0.0,0.113
cpm,aff_r2,frequent_triples,2000,2000,3.0,3.0,2.0935,2.0605,2.128,2.0,3.0,0.255,0.2365,0.276,0.0,0.0,0.1045
cpm,aff_r3,train,10000,9980,3.284,3.2703,2.5745,2.5532,2.5958,2.0,4.0,0.128,0.1213,0.1351,0.0,0.0,0.0469
cpm,aff_r3,holdout,6104,6093,3.247,3.2334,2.6793,2.6518,2.7057,3.0,5.0,0.1141,0.1064,0.1225,0.0001,0.0002,0.0568
cpm,aff_r3,ood,10000,10000,4.7072,4.6317,4.0166,3.9952,4.0407,4.0,6.0,0.0063,0.0049,0.0079,0.0,0.0,0.064
cpm,aff_r3,connected_pairs,2000,2000,2.0,2.0,1.0,1.0,1.0,1.0,1.0,1.0,1.0,1.0,0.0,0.0,0.0145
cpm,aff_r3,connected_triples,2000,2000,3.0,3.0,1.2765,1.2575,1.297,1.0,2.0,0.7235,0.703,0.7425,0.0,0.0,0.0435
cpm,aff_r3,frequent_pairs,2000,2000,2.0,2.0,1.3795,1.358,1.4015,1.0,2.0,0.6205,0.5985,0.642,0.0,0.0,0.13
cpm,aff_r3,frequent_triples,2000,2000,3.0,3.0,1.864,1.8335,1.898,2.0,3.0,0.3385,0.317,0.358,0.0,0.0,0.1275
cpm,hash_bal,train,10000,9980,3.284,3.2703,3.2368,3.2096,3.2609,3.0,5.0,0.0635,0.059,0.0686,,,0.0111
cpm,hash_bal,holdout,6104,6093,3.247,3.2334,3.1999,3.1671,3.233,3.0,5.0,0.0675,0.0612,0.0742,,,0.0103
cpm,hash_bal,ood,10000,10000,4.7072,4.6317,4.5611,4.5375,4.5852,4.0,7.0,0.0012,0.0006,0.0019,,,0.0224
cpm,hash_bal,connected_pairs,2000,2000,2.0,2.0,1.9975,1.995,1.9995,2.0,2.0,0.0025,0.0005,0.005,,,0.0135
cpm,hash_bal,connected_triples,2000,2000,3.0,3.0,2.9785,2.972,2.9845,3.0,3.0,0.0,0.0,0.0,,,0.0145
cpm,hash_bal,frequent_pairs,2000,2000,2.0,2.0,1.9925,1.9885,1.996,2.0,2.0,0.0075,0.004,0.0115,,,0.02
cpm,hash_bal,frequent_triples,2000,2000,3.0,3.0,2.97,2.962,2.9775,3.0,3.0,0.0005,0.0,0.0015,,,0.0165
cpm,bal,train,10000,9980,3.284,3.2703,2.885,2.8616,2.908,3.0,5.0,0.0928,0.0871,0.0988,0.0,0.0,0.0329
cpm,bal,holdout,6104,6093,3.247,3.2334,2.9408,2.9097,2.9703,3.0,5.0,0.0876,0.0806,0.0951,0.0,0.0,0.0281
cpm,bal,ood,10000,10000,4.7072,4.6317,4.2056,4.183,4.2291,4.0,6.0,0.003,0.002,0.0041,0.0,0.0,0.0543
cpm,bal,connected_pairs,2000,2000,2.0,2.0,1.0155,1.0105,1.021,1.0,1.0,0.9845,0.979,0.9895,0.0,0.0,0.066
cpm,bal,connected_triples,2000,2000,3.0,3.0,1.677,1.6475,1.7075,2.0,3.0,0.4275,0.4045,0.4495,0.0,0.0,0.028
cpm,bal,frequent_pairs,2000,2000,2.0,2.0,1.745,1.724,1.764,2.0,2.0,0.255,0.236,0.276,0.0,0.0,0.037
cpm,bal,frequent_triples,2000,2000,3.0,3.0,2.497,2.469,2.5265,3.0,3.0,0.1015,0.089,0.1155,0.0,0.0,0.0385
infomap,hash_base,train,10000,9980,3.284,3.2703,3.269,3.2417,3.2936,3.0,5.0,0.0622,0.0577,0.0672,,,0.0019
infomap,hash_base,holdout,6104,6093,3.247,3.2334,3.2312,3.198,3.2637,3.0,5.0,0.0655,0.0594,0.0721,,,0.002
infomap,hash_base,ood,10000,10000,4.7072,4.6317,4.6279,4.6037,4.6523,5.0,7.0,0.0011,0.0005,0.0018,,,0.0156
infomap,hash_base,connected_pairs,2000,2000,2.0,2.0,1.999,1.9975,2.0,2.0,2.0,0.001,0.0,0.0025,,,0.003
infomap,hash_base,connected_triples,2000,2000,3.0,3.0,2.9985,2.9965,3.0,3.0,3.0,0.0,0.0,0.0,,,0.0055
infomap,hash_base,frequent_pairs,2000,2000,2.0,2.0,1.9995,1.9985,2.0,2.0,2.0,0.0005,0.0,0.0015,,,0.0065
infomap,hash_base,frequent_triples,2000,2000,3.0,3.0,2.9995,2.9985,3.0,3.0,3.0,0.0,0.0,0.0,,,0.006
infomap,base,train,10000,9980,3.284,3.2703,2.9166,2.8922,2.9395,3.0,5.0,0.0839,0.0788,0.0894,0.3162,0.5158,0.018
infomap,base,holdout,6104,6093,3.247,3.2334,3.0049,2.9745,3.0365,3.0,5.0,0.0762,0.0696,0.0836,0.3302,0.5534,0.0194
infomap,base,ood,10000,10000,4.7072,4.6317,4.3439,4.3193,4.3685,4.0,6.0,0.0024,0.0015,0.0035,0.2472,0.6741,0.0481
infomap,base,connected_pairs,2000,2000,2.0,2.0,1.0095,1.0055,1.014,1.0,1.0,0.9905,0.986,0.9945,0.0,0.0,0.0085
infomap,base,connected_triples,2000,2000,3.0,3.0,1.5785,1.548,1.607,1.0,3.0,0.5045,0.4815,0.527,0.0,0.0,0.0265
infomap,base,frequent_pairs,2000,2000,2.0,2.0,1.66,1.6385,1.68,2.0,2.0,0.34,0.32,0.3615,0.0,0.0,0.062
infomap,base,frequent_triples,2000,2000,3.0,3.0,2.334,2.3015,2.3665,2.0,3.0,0.165,0.1495,0.1805,0.0,0.0,0.066
infomap,base_r2,train,10000,9980,3.284,3.2703,2.6861,2.6646,2.7074,3.0,5.0,0.109,0.1034,0.1154,0.3433,0.5158,0.0444
infomap,base_r2,holdout,6104,6093,3.247,3.2334,2.8019,2.774,2.8294,3.0,5.0,0.0967,0.0892,0.1043,0.3541,0.5534,0.0533
infomap,base_r2,ood,10000,10000,4.7072,4.6317,4.1373,4.1156,4.1613,4.0,6.0,0.0046,0.0033,0.0061,0.2596,0.6741,0.0607
infomap,base_r2,connected_pairs,2000,2000,2.0,2.0,1.0,1.0,1.0,1.0,1.0,1.0,1.0,1.0,0.0,0.0,0.012
infomap,base_r2,connected_triples,2000,2000,3.0,3.0,1.325,1.304,1.348,1.0,2.0,0.678,0.6555,0.698,0.0,0.0,0.0395
infomap,base_r2,frequent_pairs,2000,2000,2.0,2.0,1.358,1.337,1.3785,1.0,2.0,0.642,0.6215,0.663,0.0,0.0,0.143
infomap,base_r2,frequent_triples,2000,2000,3.0,3.0,1.7675,1.7365,1.798,2.0,3.0,0.3925,0.372,0.413,0.0,0.0,0.135
infomap,base_r3,train,10000,9980,3.284,3.2703,2.5738,2.5522,2.5937,2.0,4.0,0.1268,0.1208,0.1339,0.3583,0.5158,0.0568
infomap,base_r3,holdout,6104,6093,3.247,3.2334,2.7049,2.6773,2.7314,3.0,5.0,0.1106,0.1031,0.119,0.3668,0.5534,0.0643
infomap,base_r3,ood,10000,10000,4.7072,4.6317,4.0269,4.0045,4.0501,4.0,6.0,0.0057,0.0043,0.0074,0.2667,0.6741,0.0625
infomap,base_r3,connected_pairs,2000,2000,2.0,2.0,1.0,1.0,1.0,1.0,1.0,1.0,1.0,1.0,0.0,0.0,0.0165
infomap,base_r3,connected_triples,2000,2000,3.0,3.0,1.2285,1.2105,1.2475,1.0,2.0,0.7715,0.7525,0.7895,0.0,0.0,0.0575
infomap,base_r3,frequent_pairs,2000,2000,2.0,2.0,1.2295,1.2105,1.249,1.0,2.0,0.7705,0.751,0.7895,0.0,0.0,0.164
infomap,base_r3,frequent_triples,2000,2000,3.0,3.0,1.543,1.517,1.5695,1.0,3.0,0.5225,0.5005,0.543,0.0,0.0,0.1605
infomap,hash_aff,train,10000,9980,3.284,3.2703,3.2663,3.2389,3.2907,3.0,5.0,0.0626,0.0581,0.0676,,,0.0025
infomap,hash_aff,holdout,6104,6093,3.247,3.2334,3.2304,3.1973,3.2629,3.0,5.0,0.0655,0.0594,0.0721,,,0.0025
infomap,hash_aff,ood,10000,10000,4.7072,4.6317,4.6259,4.6015,4.6504,5.0,7.0,0.0011,0.0005,0.0018,,,0.0156
infomap,hash_aff,connected_pairs,2000,2000,2.0,2.0,1.9985,1.9965,2.0,2.0,2.0,0.0015,0.0,0.0035,,,0.0055
infomap,hash_aff,connected_triples,2000,2000,3.0,3.0,2.997,2.994,2.999,3.0,3.0,0.0,0.0,0.0,,,0.005
infomap,hash_aff,frequent_pairs,2000,2000,2.0,2.0,1.9985,1.997,2.0,2.0,2.0,0.0015,0.0,0.003,,,0.009
infomap,hash_aff,frequent_triples,2000,2000,3.0,3.0,2.997,2.9945,2.999,3.0,3.0,0.0,0.0,0.0,,,0.009
infomap,aff,train,10000,9980,3.284,3.2703,2.8089,2.7852,2.8315,3.0,5.0,0.1,0.0941,0.1062,0.0,0.0,0.0228
infomap,aff,holdout,6104,6093,3.247,3.2334,2.8715,2.8436,2.9006,3.0,5.0,0.0935,0.0861,0.1014,0.0001,0.0002,0.0238
infomap,aff,ood,10000,10000,4.7072,4.6317,4.2263,4.2029,4.2511,4.0,6.0,0.0042,0.0031,0.0055,0.0,0.0,0.0881
infomap,aff,connected_pairs,2000,2000,2.0,2.0,1.0095,1.0055,1.014,1.0,1.0,0.9905,0.986,0.9945,0.0,0.0,0.0085
infomap,aff,connected_triples,2000,2000,3.0,3.0,1.5785,1.548,1.607,1.0,3.0,0.5045,0.4815,0.527,0.0,0.0,0.0265
infomap,aff,frequent_pairs,2000,2000,2.0,2.0,1.66,1.6385,1.68,2.0,2.0,0.34,0.32,0.3615,0.0,0.0,0.062
infomap,aff,frequent_triples,2000,2000,3.0,3.0,2.334,2.3015,2.3665,2.0,3.0,0.165,0.1495,0.1805,0.0,0.0,0.066
infomap,aff_r2,train,10000,9980,3.284,3.2703,2.5683,2.5471,2.59,2.0,4.0,0.1312,0.1244,0.1379,0.0,0.0,0.0482
infomap,aff_r2,holdout,6104,6093,3.247,3.2334,2.6573,2.6303,2.6857,3.0,5.0,0.12,0.1118,0.1289,0.0001,0.0002,0.0565
infomap,aff_r2,ood,10000,10000,4.7072,4.6317,4.0005,3.977,4.0245,4.0,6.0,0.008,0.0064,0.0098,0.0,0.0,0.1035
infomap,aff_r2,connected_pairs,2000,2000,2.0,2.0,1.0,1.0,1.0,1.0,1.0,1.0,1.0,1.0,0.0,0.0,0.012
infomap,aff_r2,connected_triples,2000,2000,3.0,3.0,1.325,1.304,1.348,1.0,2.0,0.678,0.6555,0.698,0.0,0.0,0.0395
infomap,aff_r2,frequent_pairs,2000,2000,2.0,2.0,1.358,1.337,1.3785,1.0,2.0,0.642,0.6215,0.663,0.0,0.0,0.143
infomap,aff_r2,frequent_triples,2000,2000,3.0,3.0,1.7675,1.7365,1.798,2.0,3.0,0.3925,0.372,0.413,0.0,0.0,0.135
infomap,aff_r3,train,10000,9980,3.284,3.2703,2.4516,2.4314,2.4709,2.0,4.0,0.1524,0.1452,0.1596,0.0,0.0,0.0605
infomap,aff_r3,holdout,6104,6093,3.247,3.2334,2.5572,2.5315,2.5838,2.0,4.0,0.1377,0.1291,0.1463,0.0001,0.0002,0.067
infomap,aff_r3,ood,10000,10000,4.7072,4.6317,3.8828,3.8598,3.907,4.0,6.0,0.0096,0.0077,0.0115,0.0,0.0,0.1043
infomap,aff_r3,connected_pairs,2000,2000,2.0,2.0,1.0,1.0,1.0,1.0,1.0,1.0,1.0,1.0,0.0,0.0,0.0165
infomap,aff_r3,connected_triples,2000,2000,3.0,3.0,1.2285,1.2105,1.2475,1.0,2.0,0.7715,0.7525,0.7895,0.0,0.0,0.0575
infomap,aff_r3,frequent_pairs,2000,2000,2.0,2.0,1.2295,1.2105,1.249,1.0,2.0,0.7705,0.751,0.7895,0.0,0.0,0.164
infomap,aff_r3,frequent_triples,2000,2000,3.0,3.0,1.543,1.517,1.5695,1.0,3.0,0.5225,0.5005,0.543,0.0,0.0,0.1605
infomap,hash_bal,train,10000,9980,3.284,3.2703,3.2383,3.2119,3.2625,3.0,5.0,0.0644,0.0599,0.0695,,,0.0107
infomap,hash_bal,holdout,6104,6093,3.247,3.2334,3.2014,3.1686,3.2337,3.0,5.0,0.0666,0.0606,0.0734,,,0.0107
infomap,hash_bal,ood,10000,10000,4.7072,4.6317,4.5717,4.5482,4.5955,4.0,7.0,0.0013,0.0007,0.0021,,,0.0204
infomap,hash_bal,connected_pairs,2000,2000,2.0,2.0,1.9915,1.9875,1.995,2.0,2.0,0.0085,0.005,0.0125,,,0.0125
infomap,hash_bal,connected_triples,2000,2000,3.0,3.0,2.969,2.962,2.9765,3.0,3.0,0.0,0.0,0.0,,,0.015
infomap,hash_bal,frequent_pairs,2000,2000,2.0,2.0,1.99,1.9855,1.994,2.0,2.0,0.01,0.006,0.0145,,,0.0175
infomap,hash_bal,frequent_triples,2000,2000,3.0,3.0,2.98,2.974,2.986,3.0,3.0,0.0,0.0,0.0,,,0.0175
infomap,bal,train,10000,9980,3.284,3.2703,2.8337,2.8099,2.8561,3.0,5.0,0.0953,0.0897,0.1015,0.0,0.0,0.0235
infomap,bal,holdout,6104,6093,3.247,3.2334,2.905,2.8754,2.9358,3.0,5.0,0.0899,0.0827,0.0973,0.0,0.0,0.0205
infomap,bal,ood,10000,10000,4.7072,4.6317,4.1852,4.1621,4.2099,4.0,6.0,0.0041,0.0029,0.0054,0.0,0.0,0.087
infomap,bal,connected_pairs,2000,2000,2.0,2.0,1.0105,1.0065,1.0155,1.0,1.0,0.9895,0.9845,0.9935,0.0,0.0,0.0925
infomap,bal,connected_triples,2000,2000,3.0,3.0,1.623,1.594,1.652,2.0,3.0,0.4695,0.4465,0.491,0.0,0.0,0.0265
infomap,bal,frequent_pairs,2000,2000,2.0,2.0,1.7275,1.7085,1.7465,2.0,2.0,0.2725,0.2535,0.2915,0.0,0.0,0.024
infomap,bal,frequent_triples,2000,2000,3.0,3.0,2.481,2.453,2.51,3.0,3.0,0.0985,0.0855,0.1115,0.0,0.0,0.028
metis,hash_base,train,10000,9980,3.284,3.2703,3.2636,3.2363,3.2882,3.0,5.0,0.0627,0.0582,0.0678,,,0.0031
metis,hash_base,holdout,6104,6093,3.247,3.2334,3.2257,3.1929,3.258,3.0,5.0,0.0658,0.0596,0.0724,,,0.0039
metis,hash_base,ood,10000,10000,4.7072,4.6317,4.6197,4.5952,4.6433,5.0,7.0,0.0011,0.0005,0.0018,,,0.0165
metis,hash_base,connected_pairs,2000,2000,2.0,2.0,1.9995,1.9985,2.0,2.0,2.0,0.0005,0.0,0.0015,,,0.0045
metis,hash_base,connected_triples,2000,2000,3.0,3.0,2.9935,2.99,2.9965,3.0,3.0,0.0,0.0,0.0,,,0.0055
metis,hash_base,frequent_pairs,2000,2000,2.0,2.0,1.997,1.9945,1.999,2.0,2.0,0.003,0.001,0.0055,,,0.0105
metis,hash_base,frequent_triples,2000,2000,3.0,3.0,2.99,2.985,2.994,3.0,3.0,0.0,0.0,0.0,,,0.0085
metis,base,train,10000,9980,3.284,3.2703,3.1778,3.1501,3.2019,3.0,5.0,0.0665,0.0618,0.0717,0.29,0.5158,0.0034
metis,base,holdout,6104,6093,3.247,3.2334,3.1858,3.1534,3.2174,3.0,5.0,0.0665,0.0601,0.0729,0.3113,0.5534,0.0041
metis,base,ood,10000,10000,4.7072,4.6317,4.5216,4.4979,4.5462,4.0,7.0,0.0013,0.0007,0.0021,0.2372,0.6741,0.0301
metis,base,connected_pairs,2000,2000,2.0,2.0,1.4445,1.423,1.4655,1.0,2.0,0.5555,0.5345,0.577,0.0,0.0,0.009
metis,base,connected_triples,2000,2000,3.0,3.0,2.616,2.5935,2.6385,3.0,3.0,0.026,0.0195,0.033,0.0,0.0,0.009
metis,base,frequent_pairs,2000,2000,2.0,2.0,1.968,1.96,1.9755,2.0,2.0,0.032,0.0245,0.04,0.0,0.0,0.0155
metis,base,frequent_triples,2000,2000,3.0,3.0,2.914,2.901,2.927,3.0,3.0,0.0025,0.0005,0.005,0.0,0.0,0.02
metis,base_r2,train,10000,9980,3.284,3.2703,2.9262,2.9022,2.9485,3.0,5.0,0.0816,0.0765,0.0869,0.3149,0.5158,0.0146
metis,base_r2,holdout,6104,6093,3.247,3.2334,3.0295,3.0006,3.0588,3.0,5.0,0.0727,0.066,0.0794,0.3273,0.5534,0.0105
metis,base_r2,ood,10000,10000,4.7072,4.6317,4.268,4.2449,4.2934,4.0,6.0,0.0027,0.0018,0.0038,0.2513,0.6741,0.0325
metis,base_r2,connected_pairs,2000,2000,2.0,2.0,1.013,1.0085,1.0185,1.0,1.0,0.987,0.9815,0.9915,0.0,0.0,0.009
metis,base_r2,connected_triples,2000,2000,3.0,3.0,1.7015,1.679,1.725,2.0,3.0,0.349,0.3285,0.3685,0.0,0.0,0.01
metis,base_r2,frequent_pairs,2000,2000,2.0,2.0,1.773,1.755,1.7905,2.0,2.0,0.227,0.2095,0.245,0.0,0.0,0.0165
metis,base_r2,frequent_triples,2000,2000,3.0,3.0,2.575,2.55,2.6015,3.0,3.0,0.053,0.043,0.0625,0.0,0.0,0.019
metis,base_r3,train,10000,9980,3.284,3.2703,2.804,2.7808,2.8257,3.0,5.0,0.0905,0.0851,0.0961,0.3287,0.5158,0.0175
metis,base_r3,holdout,6104,6093,3.247,3.2334,2.9197,2.8916,2.9485,3.0,5.0,0.0778,0.0707,0.0851,0.3396,0.5534,0.0131
metis,base_r3,ood,10000,10000,4.7072,4.6317,4.1338,4.1115,4.1583,4.0,6.0,0.0036,0.0025,0.0048,0.2595,0.6741,0.0291
metis,base_r3,connected_pairs,2000,2000,2.0,2.0,1.0,1.0,1.0,1.0,1.0,1.0,1.0,1.0,0.0,0.0,0.0105
metis,base_r3,connected_triples,2000,2000,3.0,3.0,1.4845,1.4615,1.5055,1.0,2.0,0.5225,0.502,0.545,0.0,0.0,0.0095
metis,base_r3,frequent_pairs,2000,2000,2.0,2.0,1.6325,1.61,1.6535,2.0,2.0,0.3675,0.3465,0.39,0.0,0.0,0.025
metis,base_r3,frequent_triples,2000,2000,3.0,3.0,2.3175,2.291,2.347,2.0,3.0,0.1065,0.0925,0.119,0.0,0.0,0.024
metis,hash_aff,train,10000,9980,3.284,3.2703,3.2602,3.2331,3.285,3.0,5.0,0.0625,0.0579,0.0675,,,0.0049
metis,hash_aff,holdout,6104,6093,3.247,3.2334,3.2219,3.189,3.2548,3.0,5.0,0.0663,0.0601,0.0729,,,0.0046
metis,hash_aff,ood,10000,10000,4.7072,4.6317,4.6076,4.5834,4.6313,4.0,7.0,0.0012,0.0006,0.0019,,,0.0173
metis,hash_aff,connected_pairs,2000,2000,2.0,2.0,1.996,1.993,1.9985,2.0,2.0,0.004,0.0015,0.007,,,0.0075
metis,hash_aff,connected_triples,2000,2000,3.0,3.0,2.9915,2.9875,2.995,3.0,3.0,0.0,0.0,0.0,,,0.007
metis,hash_aff,frequent_pairs,2000,2000,2.0,2.0,1.9965,1.9935,1.999,2.0,2.0,0.0035,0.001,0.0065,,,0.012
metis,hash_aff,frequent_triples,2000,2000,3.0,3.0,2.9915,2.987,2.9955,3.0,3.0,0.0,0.0,0.0,,,0.013
metis,aff,train,10000,9980,3.284,3.2703,3.0938,3.0665,3.1175,3.0,5.0,0.0764,0.0711,0.0819,0.0,0.0,0.0082
metis,aff,holdout,6104,6093,3.247,3.2334,3.0824,3.0496,3.1137,3.0,5.0,0.0791,0.0723,0.0862,0.0001,0.0002,0.0089
metis,aff,ood,10000,10000,4.7072,4.6317,4.4287,4.4057,4.4532,4.0,6.0,0.0015,0.0008,0.0024,0.0,0.0,0.0343
metis,aff,connected_pairs,2000,2000,2.0,2.0,1.4445,1.423,1.4655,1.0,2.0,0.5555,0.5345,0.577,0.0,0.0,0.009
metis,aff,connected_triples,2000,2000,3.0,3.0,2.616,2.5935,2.6385,3.0,3.0,0.026,0.0195,0.033,0.0,0.0,0.009
metis,aff,frequent_pairs,2000,2000,2.0,2.0,1.968,1.96,1.9755,2.0,2.0,0.032,0.0245,0.04,0.0,0.0,0.0155
metis,aff,frequent_triples,2000,2000,3.0,3.0,2.914,2.901,2.927,3.0,3.0,0.0025,0.0005,0.005,0.0,0.0,0.02
metis,aff_r2,train,10000,9980,3.284,3.2703,2.8371,2.8141,2.8597,3.0,5.0,0.0937,0.0879,0.0997,0.0,0.0,0.0191
metis,aff_r2,holdout,6104,6093,3.247,3.2334,2.9171,2.8888,2.947,3.0,5.0,0.0871,0.08,0.0945,0.0001,0.0002,0.0159
metis,aff_r2,ood,10000,10000,4.7072,4.6317,4.1614,4.1391,4.1857,4.0,6.0,0.0031,0.0021,0.0043,0.0,0.0,0.0354
metis,aff_r2,connected_pairs,2000,2000,2.0,2.0,1.013,1.0085,1.0185,1.0,1.0,0.987,0.9815,0.9915,0.0,0.0,0.009
metis,aff_r2,connected_triples,2000,2000,3.0,3.0,1.7015,1.679,1.725,2.0,3.0,0.349,0.3285,0.3685,0.0,0.0,0.01
metis,aff_r2,frequent_pairs,2000,2000,2.0,2.0,1.773,1.755,1.7905,2.0,2.0,0.227,0.2095,0.245,0.0,0.0,0.0165
metis,aff_r2,frequent_triples,2000,2000,3.0,3.0,2.575,2.55,2.6015,3.0,3.0,0.053,0.043,0.0625,0.0,0.0,0.019
metis,aff_r3,train,10000,9980,3.284,3.2703,2.71,2.6877,2.7309,3.0,5.0,0.1038,0.0977,0.1103,0.0,0.0,0.0216
metis,aff_r3,holdout,6104,6093,3.247,3.2334,2.8034,2.7753,2.8321,3.0,5.0,0.0934,0.0861,0.1011,0.0001,0.0002,0.0181
metis,aff_r3,ood,10000,10000,4.7072,4.6317,4.0158,3.9934,4.04,4.0,6.0,0.0042,0.0031,0.0055,0.0,0.0,0.0317
metis,aff_r3,connected_pairs,2000,2000,2.0,2.0,1.0,1.0,1.0,1.0,1.0,1.0,1.0,1.0,0.0,0.0,0.0105
metis,aff_r3,connected_triples,2000,2000,3.0,3.0,1.4845,1.4615,1.5055,1.0,2.0,0.5225,0.502,0.545,0.0,0.0,0.0095
metis,aff_r3,frequent_pairs,2000,2000,2.0,2.0,1.6325,1.61,1.6535,2.0,2.0,0.3675,0.3465,0.39,0.0,0.0,0.025
metis,aff_r3,frequent_triples,2000,2000,3.0,3.0,2.3175,2.291,2.347,2.0,3.0,0.1065,0.0925,0.119,0.0,0.0,0.024
metis,hash_bal,train,10000,9980,3.284,3.2703,3.2375,3.2105,3.261,3.0,5.0,0.0639,0.0593,0.069,,,0.0117
metis,hash_bal,holdout,6104,6093,3.247,3.2334,3.2011,3.1685,3.2337,3.0,5.0,0.0668,0.0605,0.0737,,,0.0113
metis,hash_bal,ood,10000,10000,4.7072,4.6317,4.5735,4.5495,4.597,4.0,7.0,0.0013,0.0007,0.0021,,,0.0222
metis,hash_bal,connected_pairs,2000,2000,2.0,2.0,1.992,1.9875,1.9955,2.0,2.0,0.008,0.0045,0.0125,,,0.012
metis,hash_bal,connected_triples,2000,2000,3.0,3.0,2.979,2.973,2.985,3.0,3.0,0.0,0.0,0.0,,,0.0125
metis,hash_bal,frequent_pairs,2000,2000,2.0,2.0,1.99,1.9855,1.994,2.0,2.0,0.01,0.006,0.0145,,,0.016
metis,hash_bal,frequent_triples,2000,2000,3.0,3.0,2.9745,2.9675,2.981,3.0,3.0,0.0,0.0,0.0,,,0.0165
metis,bal,train,10000,9980,3.284,3.2703,3.0598,3.0337,3.0838,3.0,5.0,0.0786,0.0733,0.0843,0.0,0.0,0.0165
metis,bal,holdout,6104,6093,3.247,3.2334,3.0538,3.022,3.0843,3.0,5.0,0.0811,0.0741,0.0883,0.0,0.0,0.0169
metis,bal,ood,10000,10000,4.7072,4.6317,4.3874,4.3647,4.411,4.0,6.0,0.0019,0.0011,0.0028,0.0,0.0,0.0517
metis,bal,connected_pairs,2000,2000,2.0,2.0,1.4345,1.414,1.456,1.0,2.0,0.5655,0.544,0.586,0.0,0.0,0.031
metis,bal,connected_triples,2000,2000,3.0,3.0,2.5925,2.5695,2.6155,3.0,3.0,0.0275,0.0205,0.035,0.0,0.0,0.0195
metis,bal,frequent_pairs,2000,2000,2.0,2.0,1.957,1.948,1.9655,2.0,2.0,0.043,0.0345,0.052,0.0,0.0,0.0185
metis,bal,frequent_triples,2000,2000,3.0,3.0,2.8725,2.8585,2.887,3.0,3.0,0.004,0.0015,0.007,0.0,0.0,0.0265
