sweep,method,value,strategy,graph_terms,clusters,queries_in_graph,shards,duplication,largest_shard,fanout_mean,fanout_p95,single_shard_share,overlap_1,overlap_2,overlap_3,overlap_5,overlap_full,volume_1,volume_2,volume_3,volume_5,volume_full
seed,leiden,42,hash_base,10567,340,0.3072,680,25.6602,0.1571,3.2258,5.0,0.0656,0.6507,0.9544,0.9958,0.9997,1.0,0.0386,0.0803,0.1173,0.1475,0.1523
seed,leiden,42,base,10567,340,0.3072,680,16.5686,0.7943,2.61,4.0,0.1379,0.7962,0.9824,0.9992,1.0,1.0,0.3502,0.6737,0.8555,0.9345,0.9408
seed,leiden,42,base_r2,10567,340,0.3072,680,19.3414,0.9589,2.3084,4.0,0.1963,0.8394,0.9891,0.9999,1.0,1.0,0.5211,0.8919,1.0553,1.1,1.1031
seed,leiden,42,base_r3,10567,340,0.3072,680,21.1362,0.9842,2.1837,4.0,0.2324,0.8515,0.9903,0.9999,1.0,1.0,0.5835,0.926,1.0545,1.0849,1.087
seed,leiden,42,hash_aff,10567,340,0.3072,400,25.3107,0.1984,3.2212,5.0,0.066,0.6601,0.957,0.9961,0.9997,1.0,0.0647,0.1293,0.1833,0.2256,0.2318
seed,leiden,42,aff,10567,340,0.3072,400,9.9716,0.8306,2.3064,4.0,0.2265,0.9202,0.9965,0.9999,1.0,1.0,0.5949,1.0451,1.2738,1.3619,1.3655
seed,leiden,42,aff_r2,10567,340,0.3072,400,12.2122,0.9642,1.9821,3.0,0.3125,0.9519,0.9989,1.0,1.0,1.0,0.7572,1.2683,1.4528,1.4936,1.4942
seed,leiden,42,aff_r3,10567,340,0.3072,400,13.7595,0.986,1.851,3.0,0.365,0.962,0.9993,1.0,1.0,1.0,0.8237,1.3259,1.4771,1.5009,1.5011
seed,leiden,42,hash_bal,10567,340,0.3072,132,23.5883,0.3161,3.2038,5.0,0.0665,0.6974,0.9658,0.9972,0.9999,1.0,0.1794,0.3526,0.4893,0.5874,0.6013
seed,leiden,42,bal,10567,340,0.3072,132,19.7806,0.15,2.895,5.0,0.0935,0.7804,0.9787,0.9981,0.9999,1.0,0.1497,0.2855,0.3767,0.4283,0.4338
seed,leiden,1,hash_base,10567,345,0.3072,690,25.6828,0.1337,3.2276,5.0,0.0663,0.6514,0.9534,0.9956,0.9997,1.0,0.0385,0.0793,0.1157,0.1453,0.1499
seed,leiden,1,base,10567,345,0.3072,690,16.3386,0.8005,2.6051,4.0,0.1377,0.797,0.9827,0.9993,1.0,1.0,0.3534,0.6848,0.8684,0.9502,0.9558
seed,leiden,1,base_r2,10567,345,0.3072,690,19.0895,0.937,2.3151,4.0,0.196,0.8389,0.9892,0.9998,1.0,1.0,0.5253,0.9052,1.0701,1.1163,1.1192
seed,leiden,1,base_r3,10567,345,0.3072,690,20.7173,0.9724,2.1894,4.0,0.2322,0.8524,0.9906,0.9998,1.0,1.0,0.5894,0.9392,1.0672,1.098,1.0998
seed,leiden,1,hash_aff,10567,345,0.3072,409,25.3118,0.1891,3.2224,5.0,0.0661,0.6604,0.9562,0.9961,0.9999,1.0,0.0633,0.1286,0.1853,0.2297,0.2362
seed,leiden,1,aff,10567,345,0.3072,409,9.7245,0.8452,2.3153,4.0,0.2209,0.9179,0.997,0.9999,1.0,1.0,0.5985,1.0447,1.27,1.3579,1.3611
seed,leiden,1,aff_r2,10567,345,0.3072,409,11.9575,0.9466,1.9931,3.0,0.3087,0.9478,0.9988,1.0,1.0,1.0,0.7601,1.2613,1.443,1.4809,1.4811
seed,leiden,1,aff_r3,10567,345,0.3072,409,13.3519,0.9763,1.8597,3.0,0.3619,0.9594,0.9993,1.0,1.0,1.0,0.8245,1.3071,1.4477,1.4723,1.4726
seed,leiden,1,hash_bal,10567,345,0.3072,132,23.5883,0.3161,3.2038,5.0,0.0665,0.6974,0.9658,0.9972,0.9999,1.0,0.1794,0.3526,0.4893,0.5874,0.6013
seed,leiden,1,bal,10567,345,0.3072,132,19.7676,0.15,2.8895,5.0,0.0899,0.7819,0.9786,0.9984,1.0,1.0,0.1494,0.2857,0.3763,0.4271,0.4326
seed,leiden,2,hash_base,10567,352,0.3072,704,25.6863,0.1676,3.228,5.0,0.0661,0.6502,0.9541,0.9957,0.9997,1.0,0.0372,0.0765,0.1119,0.1405,0.1451
seed,leiden,2,base,10567,352,0.3072,704,15.7347,0.8677,2.5664,4.0,0.1444,0.8003,0.9835,0.9994,1.0,1.0,0.384,0.7282,0.9148,0.9925,0.9986
seed,leiden,2,base_r2,10567,352,0.3072,704,18.0438,0.9831,2.2531,4.0,0.2117,0.8429,0.9889,0.9999,1.0,1.0,0.548,0.9139,1.0623,1.1012,1.1034
seed,leiden,2,base_r3,10567,352,0.3072,704,19.7617,0.9938,2.1413,4.0,0.2445,0.8559,0.9911,0.9999,1.0,1.0,0.6084,0.9415,1.0539,1.0792,1.0803
seed,leiden,2,hash_aff,10567,352,0.3072,412,25.335,0.1691,3.2201,5.0,0.0658,0.6597,0.956,0.9961,0.9998,1.0,0.0626,0.1263,0.1806,0.2218,0.2281
seed,leiden,2,aff,10567,352,0.3072,412,9.0393,0.9016,2.2641,4.0,0.2326,0.9233,0.9974,0.9999,1.0,1.0,0.6352,1.0917,1.3157,1.3944,1.3969
seed,leiden,2,aff_r2,10567,352,0.3072,412,10.8969,0.9861,1.9329,3.0,0.3312,0.9522,0.9991,0.9999,1.0,1.0,0.783,1.2712,1.4312,1.4621,1.4623
seed,leiden,2,aff_r3,10567,352,0.3072,412,12.3829,0.9949,1.8144,3.0,0.3814,0.9622,0.9994,0.9999,1.0,1.0,0.8469,1.3158,1.4402,1.4594,1.4595
seed,leiden,2,hash_bal,10567,352,0.3072,132,23.5883,0.3161,3.2038,5.0,0.0665,0.6974,0.9658,0.9972,0.9999,1.0,0.1794,0.3526,0.4893,0.5874,0.6013
seed,leiden,2,bal,10567,352,0.3072,132,19.7526,0.15,2.8941,5.0,0.0926,0.7807,0.979,0.9984,0.9999,1.0,0.1493,0.2852,0.3759,0.4274,0.4331
seed,leiden,3,hash_base,10567,337,0.3072,674,25.6724,0.1535,3.2257,5.0,0.0656,0.6519,0.9543,0.9958,0.9998,1.0,0.0389,0.0807,0.1181,0.148,0.1528
seed,leiden,3,base,10567,337,0.3072,674,16.4948,0.7649,2.6143,4.0,0.1375,0.7933,0.9829,0.9994,1.0,1.0,0.3453,0.6741,0.8595,0.9407,0.9472
seed,leiden,3,base_r2,10567,337,0.3072,674,19.3859,0.9368,2.3255,4.0,0.1925,0.8364,0.9887,0.9998,1.0,1.0,0.5195,0.9057,1.0718,1.1221,1.1252
seed,leiden,3,base_r3,10567,337,0.3072,674,20.9825,0.9759,2.1958,4.0,0.2296,0.8511,0.9902,0.9999,1.0,1.0,0.5862,0.9368,1.0688,1.1011,1.1023
seed,leiden,3,hash_aff,10567,337,0.3072,399,25.3145,0.1998,3.2239,5.0,0.0658,0.6594,0.9556,0.9958,0.9997,1.0,0.0642,0.1266,0.1803,0.2219,0.2282
seed,leiden,3,aff,10567,337,0.3072,399,9.9147,0.8195,2.3302,4.0,0.2199,0.9158,0.9968,1.0,1.0,1.0,0.5898,1.038,1.2694,1.357,1.3608
seed,leiden,3,aff_r2,10567,337,0.3072,399,12.2507,0.9443,2.0133,3.0,0.3017,0.9492,0.999,1.0,1.0,1.0,0.7583,1.2697,1.4557,1.4965,1.4971
seed,leiden,3,aff_r3,10567,337,0.3072,399,13.6244,0.9785,1.881,3.0,0.356,0.9592,0.9992,1.0,1.0,1.0,0.8228,1.3155,1.4667,1.4911,1.4911
seed,leiden,3,hash_bal,10567,337,0.3072,131,23.5932,0.2766,3.1997,5.0,0.0668,0.7023,0.9659,0.9971,0.9998,1.0,0.1809,0.3527,0.4869,0.5838,0.5972
seed,leiden,3,bal,10567,337,0.3072,131,19.6081,0.15,2.8789,5.0,0.0947,0.7827,0.9792,0.9984,1.0,1.0,0.1493,0.2849,0.3753,0.4256,0.4309
resolution,leiden,1,hash_base,10567,340,0.3072,680,25.6602,0.1571,3.2258,5.0,0.0656,0.6507,0.9544,0.9958,0.9997,1.0,0.0386,0.0803,0.1173,0.1475,0.1523
resolution,leiden,1,base,10567,340,0.3072,680,16.5686,0.7943,2.61,4.0,0.1379,0.7962,0.9824,0.9992,1.0,1.0,0.3502,0.6737,0.8555,0.9345,0.9408
resolution,leiden,1,base_r2,10567,340,0.3072,680,19.3414,0.9589,2.3084,4.0,0.1963,0.8394,0.9891,0.9999,1.0,1.0,0.5211,0.8919,1.0553,1.1,1.1031
resolution,leiden,1,base_r3,10567,340,0.3072,680,21.1362,0.9842,2.1837,4.0,0.2324,0.8515,0.9903,0.9999,1.0,1.0,0.5835,0.926,1.0545,1.0849,1.087
resolution,leiden,1,hash_aff,10567,340,0.3072,400,25.3107,0.1984,3.2212,5.0,0.066,0.6601,0.957,0.9961,0.9997,1.0,0.0647,0.1293,0.1833,0.2256,0.2318
resolution,leiden,1,aff,10567,340,0.3072,400,9.9716,0.8306,2.3064,4.0,0.2265,0.9202,0.9965,0.9999,1.0,1.0,0.5949,1.0451,1.2738,1.3619,1.3655
resolution,leiden,1,aff_r2,10567,340,0.3072,400,12.2122,0.9642,1.9821,3.0,0.3125,0.9519,0.9989,1.0,1.0,1.0,0.7572,1.2683,1.4528,1.4936,1.4942
resolution,leiden,1,aff_r3,10567,340,0.3072,400,13.7595,0.986,1.851,3.0,0.365,0.962,0.9993,1.0,1.0,1.0,0.8237,1.3259,1.4771,1.5009,1.5011
resolution,leiden,1,hash_bal,10567,340,0.3072,132,23.5883,0.3161,3.2038,5.0,0.0665,0.6974,0.9658,0.9972,0.9999,1.0,0.1794,0.3526,0.4893,0.5874,0.6013
resolution,leiden,1,bal,10567,340,0.3072,132,19.7806,0.15,2.895,5.0,0.0935,0.7804,0.9787,0.9981,0.9999,1.0,0.1497,0.2855,0.3767,0.4283,0.4338
resolution,leiden,2,hash_base,10567,380,0.3072,760,25.7219,0.1602,3.2276,5.0,0.0656,0.6504,0.954,0.9957,0.9997,1.0,0.0347,0.0714,0.1057,0.1334,0.1378
resolution,leiden,2,base,10567,380,0.3072,760,19.6655,0.6292,2.7482,5.0,0.1131,0.7636,0.9762,0.9987,0.9999,1.0,0.202,0.403,0.5285,0.5913,0.5983
resolution,leiden,2,base_r2,10567,380,0.3072,760,25.4325,0.8574,2.4894,4.0,0.1551,0.8108,0.9844,0.9995,1.0,1.0,0.3752,0.7136,0.8852,0.9484,0.9537
resolution,leiden,2,base_r3,10567,380,0.3072,760,29.8973,0.9069,2.3662,4.0,0.1822,0.8287,0.9871,0.9998,1.0,1.0,0.456,0.8174,0.9795,1.0316,1.0354
resolution,leiden,2,hash_aff,10567,380,0.3072,441,25.3817,0.1648,3.2235,5.0,0.0661,0.6561,0.9556,0.996,0.9998,1.0,0.0586,0.1178,0.1703,0.2105,0.2167
resolution,leiden,2,aff,10567,380,0.3072,441,13.9924,0.6922,2.5273,4.0,0.1682,0.8695,0.9911,0.9995,1.0,1.0,0.3778,0.6798,0.8576,0.9384,0.9456
resolution,leiden,2,aff_r2,10567,380,0.3072,441,19.0442,0.8772,2.2431,4.0,0.2271,0.9132,0.9962,0.9999,1.0,1.0,0.5636,1.0193,1.2289,1.2964,1.3002
resolution,leiden,2,aff_r3,10567,380,0.3072,441,23.1429,0.9182,2.1109,4.0,0.2659,0.9303,0.9974,0.9999,1.0,1.0,0.6548,1.1558,1.3591,1.4114,1.4139
resolution,leiden,2,hash_bal,10567,380,0.3072,135,23.6701,0.2918,3.1989,5.0,0.0673,0.6988,0.9651,0.9971,0.9999,1.0,0.1759,0.3447,0.4777,0.572,0.5853
resolution,leiden,2,bal,10567,380,0.3072,135,20.1993,0.15,2.9321,5.0,0.0896,0.7691,0.9763,0.9978,0.9999,1.0,0.1491,0.2854,0.3776,0.4326,0.4386
resolution,leiden,5,hash_base,10567,439,0.3072,878,25.792,0.1401,3.2283,5.0,0.0655,0.6497,0.9537,0.9957,0.9998,1.0,0.0304,0.0633,0.0947,0.1204,0.1246
resolution,leiden,5,base,10567,439,0.3072,878,22.6147,0.2597,2.9355,5.0,0.0809,0.7219,0.9672,0.9973,0.9999,1.0,0.0765,0.1657,0.2302,0.2676,0.2723
resolution,leiden,5,base_r2,10567,439,0.3072,878,32.3995,0.578,2.7305,5.0,0.1011,0.7676,0.9764,0.9982,0.9999,1.0,0.1702,0.3632,0.4858,0.545,0.551
resolution,leiden,5,base_r3,10567,439,0.3072,878,40.3938,0.6867,2.6169,4.0,0.1196,0.7882,0.9801,0.9988,1.0,1.0,0.226,0.469,0.6074,0.6674,0.6731
resolution,leiden,5,hash_aff,10567,439,0.3072,499,25.4674,0.1603,3.2253,5.0,0.0663,0.6548,0.9553,0.9959,0.9998,1.0,0.0518,0.1049,0.1505,0.187,0.1928
resolution,leiden,5,aff,10567,439,0.3072,499,18.3427,0.3711,2.7788,5.0,0.1077,0.7998,0.9813,0.9987,0.9999,1.0,0.1589,0.3014,0.3984,0.4534,0.4592
resolution,leiden,5,aff_r2,10567,439,0.3072,499,27.44,0.6153,2.5546,4.0,0.1375,0.8498,0.9891,0.9992,1.0,1.0,0.2786,0.5449,0.7037,0.7788,0.7848
resolution,leiden,5,aff_r3,10567,439,0.3072,499,35.0512,0.7127,2.4312,4.0,0.1635,0.8735,0.9918,0.9995,1.0,1.0,0.3504,0.6779,0.8542,0.9272,0.9325
resolution,leiden,5,hash_bal,10567,439,0.3072,135,23.6701,0.2918,3.1989,5.0,0.0673,0.6988,0.9651,0.9971,0.9999,1.0,0.1759,0.3447,0.4777,0.572,0.5853
resolution,leiden,5,bal,10567,439,0.3072,135,20.1791,0.15,2.9429,5.0,0.087,0.7703,0.9769,0.9985,0.9999,1.0,0.1492,0.2859,0.379,0.4341,0.4404
resolution,leiden,10,hash_base,10567,564,0.3072,1128,25.8818,0.1446,3.2291,5.0,0.0656,0.6463,0.9528,0.9957,0.9997,1.0,0.0238,0.0523,0.0804,0.104,0.1078
resolution,leiden,10,base,10567,564,0.3072,1128,23.6539,0.2154,2.9959,5.0,0.0758,0.7047,0.9627,0.9966,0.9998,1.0,0.0429,0.0946,0.1358,0.1616,0.1649
resolution,leiden,10,base_r2,10567,564,0.3072,1128,35.2803,0.3813,2.8367,5.0,0.0888,0.741,0.9706,0.9977,0.9999,1.0,0.095,0.2106,0.2898,0.332,0.3365
resolution,leiden,10,base_r3,10567,564,0.3072,1128,45.2538,0.4453,2.7369,5.0,0.1003,0.7622,0.9751,0.9981,0.9999,1.0,0.1317,0.285,0.3821,0.4283,0.4329
resolution,leiden,10,hash_aff,10567,564,0.3072,629,25.6189,0.1427,3.2255,5.0,0.0658,0.6519,0.9549,0.996,0.9997,1.0,0.0414,0.0858,0.1266,0.1593,0.1645
resolution,leiden,10,aff,10567,564,0.3072,629,19.9825,0.2817,2.8597,5.0,0.0958,0.7699,0.9755,0.998,0.9999,1.0,0.0893,0.1746,0.2387,0.2814,0.2859
resolution,leiden,10,aff_r2,10567,564,0.3072,629,31.0821,0.4827,2.6885,5.0,0.1132,0.8118,0.9831,0.999,1.0,1.0,0.1632,0.3256,0.4345,0.4936,0.4991
resolution,leiden,10,aff_r3,10567,564,0.3072,629,40.7519,0.5336,2.5843,4.0,0.1279,0.8359,0.9868,0.9992,1.0,1.0,0.2135,0.424,0.5537,0.6171,0.6217
resolution,leiden,10,hash_bal,10567,564,0.3072,132,23.5883,0.3161,3.2038,5.0,0.0665,0.6974,0.9658,0.9972,0.9999,1.0,0.1794,0.3526,0.4893,0.5874,0.6013
resolution,leiden,10,bal,10567,564,0.3072,132,19.7678,0.15,2.8958,5.0,0.0945,0.7803,0.978,0.9982,0.9999,1.0,0.1494,0.2851,0.3751,0.4277,0.4336
resolution,leiden,20,hash_base,10567,747,0.3072,1494,25.9616,0.1455,3.2312,5.0,0.0656,0.6436,0.9524,0.9955,0.9997,1.0,0.0179,0.0407,0.064,0.0845,0.088
resolution,leiden,20,base,10567,747,0.3072,1494,24.3027,0.1692,3.0437,5.0,0.0724,0.6899,0.9603,0.9964,0.9998,1.0,0.0263,0.0591,0.0879,0.1076,0.1104
resolution,leiden,20,base_r2,10567,747,0.3072,1494,36.9908,0.2655,2.8981,5.0,0.0826,0.7249,0.9672,0.997,0.9999,1.0,0.0583,0.1315,0.1857,0.218,0.2216
resolution,leiden,20,base_r3,10567,747,0.3072,1494,48.0755,0.2939,2.8099,5.0,0.0913,0.7449,0.9715,0.9975,0.9999,1.0,0.0811,0.1798,0.2479,0.2828,0.2864
resolution,leiden,20,hash_aff,10567,747,0.3072,812,25.7552,0.1457,3.2283,5.0,0.0656,0.6485,0.9536,0.9955,0.9997,1.0,0.0328,0.0681,0.0998,0.1261,0.1304
resolution,leiden,20,aff,10567,747,0.3072,812,21.0296,0.1842,2.922,5.0,0.0891,0.7459,0.9724,0.9976,0.9999,1.0,0.0526,0.1059,0.1495,0.1789,0.1822
resolution,leiden,20,aff_r2,10567,747,0.3072,812,33.332,0.3146,2.7619,5.0,0.1027,0.7836,0.9791,0.9983,0.9999,1.0,0.0995,0.2023,0.274,0.316,0.3198
resolution,leiden,20,aff_r3,10567,747,0.3072,812,44.1791,0.3432,2.6703,5.0,0.1146,0.8055,0.9829,0.9986,0.9999,1.0,0.1318,0.2656,0.3532,0.3985,0.4022
resolution,leiden,20,hash_bal,10567,747,0.3072,132,23.5883,0.3161,3.2038,5.0,0.0665,0.6974,0.9658,0.9972,0.9999,1.0,0.1794,0.3526,0.4893,0.5874,0.6013
resolution,leiden,20,bal,10567,747,0.3072,132,19.7638,0.15,2.8984,5.0,0.0921,0.7742,0.9784,0.9983,1.0,1.0,0.1493,0.2854,0.376,0.4281,0.4339
resolution,leiden,50,hash_base,10567,1110,0.3072,2220,26.0469,0.1287,3.2316,5.0,0.0656,0.6421,0.9517,0.9954,0.9997,1.0,0.0128,0.03,0.0497,0.0675,0.0706
resolution,leiden,50,base,10567,1110,0.3072,2220,24.8731,0.1289,3.0827,5.0,0.0707,0.679,0.9583,0.996,0.9998,1.0,0.0151,0.0351,0.0556,0.0712,0.0737
resolution,leiden,50,base_r2,10567,1110,0.3072,2220,38.4705,0.1705,2.9616,5.0,0.0763,0.7098,0.9641,0.9965,0.9998,1.0,0.032,0.0732,0.1072,0.1284,0.1312
resolution,leiden,50,base_r3,10567,1110,0.3072,2220,50.5257,0.2287,2.8828,5.0,0.0832,0.7286,0.9683,0.9968,0.9998,1.0,0.0459,0.1037,0.147,0.1713,0.1743
resolution,leiden,50,hash_aff,10567,1110,0.3072,1174,25.8752,0.15,3.2304,5.0,0.066,0.645,0.9526,0.9956,0.9997,1.0,0.0227,0.0491,0.0758,0.0985,0.1023
resolution,leiden,50,aff,10567,1110,0.3072,1174,21.8681,0.2053,2.9724,5.0,0.0853,0.7265,0.9684,0.9972,0.9999,1.0,0.0295,0.063,0.0948,0.1189,0.122
resolution,leiden,50,aff_r2,10567,1110,0.3072,1174,35.219,0.2094,2.8462,5.0,0.0924,0.7589,0.9748,0.9977,0.9999,1.0,0.0554,0.1149,0.1623,0.1911,0.1943
resolution,leiden,50,aff_r3,10567,1110,0.3072,1174,47.0988,0.2297,2.766,5.0,0.1,0.7791,0.9787,0.998,0.9999,1.0,0.0754,0.1562,0.2148,0.2472,0.2505
resolution,leiden,50,hash_bal,10567,1110,0.3072,136,23.6469,0.3158,3.1999,5.0,0.0675,0.6971,0.9656,0.9971,0.9999,1.0,0.1747,0.3437,0.4759,0.5726,0.5864
resolution,leiden,50,bal,10567,1110,0.3072,136,20.2627,0.15,2.9388,5.0,0.088,0.7627,0.9763,0.9982,1.0,1.0,0.1494,0.2861,0.3789,0.4341,0.4401
train_size,leiden,115959,hash_base,10567,340,0.3072,680,25.6602,0.1571,3.2258,5.0,0.0656,0.6507,0.9544,0.9958,0.9997,1.0,0.0386,0.0803,0.1173,0.1475,0.1523
train_size,leiden,115959,base,10567,340,0.3072,680,16.5686,0.7943,2.61,4.0,0.1379,0.7962,0.9824,0.9992,1.0,1.0,0.3502,0.6737,0.8555,0.9345,0.9408
train_size,leiden,115959,base_r2,10567,340,0.3072,680,19.3414,0.9589,2.3084,4.0,0.1963,0.8394,0.9891,0.9999,1.0,1.0,0.5211,0.8919,1.0553,1.1,1.1031
train_size,leiden,115959,base_r3,10567,340,0.3072,680,21.1362,0.9842,2.1837,4.0,0.2324,0.8515,0.9903,0.9999,1.0,1.0,0.5835,0.926,1.0545,1.0849,1.087
train_size,leiden,115959,hash_aff,10567,340,0.3072,400,25.3107,0.1984,3.2212,5.0,0.066,0.6601,0.957,0.9961,0.9997,1.0,0.0647,0.1293,0.1833,0.2256,0.2318
train_size,leiden,115959,aff,10567,340,0.3072,400,9.9716,0.8306,2.3064,4.0,0.2265,0.9202,0.9965,0.9999,1.0,1.0,0.5949,1.0451,1.2738,1.3619,1.3655
train_size,leiden,115959,aff_r2,10567,340,0.3072,400,12.2122,0.9642,1.9821,3.0,0.3125,0.9519,0.9989,1.0,1.0,1.0,0.7572,1.2683,1.4528,1.4936,1.4942
train_size,leiden,115959,aff_r3,10567,340,0.3072,400,13.7595,0.986,1.851,3.0,0.365,0.962,0.9993,1.0,1.0,1.0,0.8237,1.3259,1.4771,1.5009,1.5011
train_size,leiden,115959,hash_bal,10567,340,0.3072,132,23.5883,0.3161,3.2038,5.0,0.0665,0.6974,0.9658,0.9972,0.9999,1.0,0.1794,0.3526,0.4893,0.5874,0.6013
train_size,leiden,115959,bal,10567,340,0.3072,132,19.7806,0.15,2.895,5.0,0.0935,0.7804,0.9787,0.9981,0.9999,1.0,0.1497,0.2855,0.3767,0.4283,0.4338
train_size,leiden,10000,hash_base,1153,162,0.0289,324,25.0898,0.2351,3.2171,5.0,0.066,0.6661,0.9576,0.9962,0.9999,1.0,0.0777,0.1556,0.2215,0.2712,0.2785
train_size,leiden,10000,base,1153,162,0.0289,324,23.3902,0.4341,3.0609,5.0,0.0706,0.7112,0.9666,0.9972,0.9999,1.0,0.1298,0.2612,0.3684,0.4413,0.4513
train_size,leiden,10000,base_r2,1153,162,0.0289,324,24.8742,0.5718,3.0061,5.0,0.0725,0.7231,0.9681,0.9974,0.9999,1.0,0.1529,0.3044,0.428,0.5102,0.5213
train_size,leiden,10000,base_r3,1153,162,0.0289,324,25.6977,0.5989,2.9923,5.0,0.0729,0.7259,0.9687,0.9974,0.9999,1.0,0.1608,0.3186,0.4461,0.5312,0.5425
train_size,leiden,10000,hash_aff,1153,162,0.0289,324,25.0898,0.2351,3.2171,5.0,0.066,0.6661,0.9576,0.9962,0.9999,1.0,0.0777,0.1556,0.2215,0.2712,0.2785
train_size,leiden,10000,aff,1153,162,0.0289,324,14.1788,0.7393,2.6448,5.0,0.1392,0.8368,0.9889,0.9992,0.9999,1.0,0.3175,0.584,0.7669,0.8645,0.8722
train_size,leiden,10000,aff_r2,1153,162,0.0289,324,15.1426,0.7824,2.57,4.0,0.1548,0.8477,0.9899,0.9993,0.9999,1.0,0.3566,0.6437,0.8374,0.9323,0.939
train_size,leiden,10000,aff_r3,1153,162,0.0289,324,15.7533,0.7841,2.5516,4.0,0.1574,0.8509,0.9904,0.9994,0.9999,1.0,0.3716,0.6683,0.8653,0.9595,0.9661
train_size,leiden,10000,hash_bal,1153,162,0.0289,127,23.5017,0.3052,3.1904,5.0,0.0673,0.701,0.9669,0.9974,1.0,1.0,0.1866,0.3651,0.505,0.6059,0.6197
train_size,leiden,10000,bal,1153,162,0.0289,127,19.0069,0.15,2.9381,5.0,0.0886,0.7759,0.9794,0.9986,1.0,1.0,0.1498,0.2862,0.3803,0.4348,0.4402
train_size,leiden,30000,hash_base,3549,235,0.1223,470,25.4311,0.1584,3.2222,5.0,0.066,0.6582,0.9556,0.9958,0.9998,1.0,0.055,0.1103,0.1584,0.1962,0.2019
train_size,leiden,30000,base,3549,235,0.1223,470,21.2924,0.5993,2.8917,5.0,0.0837,0.7399,0.9707,0.9972,0.9999,1.0,0.1765,0.3704,0.5164,0.6,0.6104
train_size,leiden,30000,base_r2,3549,235,0.1223,470,24.362,0.7552,2.75,5.0,0.0975,0.7676,0.9759,0.9982,0.9999,1.0,0.2728,0.5326,0.7142,0.8054,0.8162
train_size,leiden,30000,base_r3,3549,235,0.1223,470,26.1227,0.8279,2.6862,5.0,0.1049,0.7776,0.9783,0.9984,0.9999,1.0,0.3183,0.5957,0.7768,0.862,0.8706
train_size,leiden,30000,hash_aff,3549,235,0.1223,380,25.2579,0.1914,3.2204,5.0,0.0661,0.6617,0.9565,0.996,0.9998,1.0,0.0674,0.1351,0.1921,0.2359,0.2424
train_size,leiden,30000,aff,3549,235,0.1223,380,12.6045,0.755,2.5281,4.0,0.1641,0.8626,0.9925,0.9997,1.0,1.0,0.4228,0.7711,0.9845,1.086,1.0934
train_size,leiden,30000,aff_r2,3549,235,0.1223,380,14.8917,0.843,2.3589,4.0,0.1978,0.8873,0.9949,0.9998,1.0,1.0,0.5258,0.941,1.1729,1.2619,1.2674
train_size,leiden,30000,aff_r3,3549,235,0.1223,380,16.2795,0.8879,2.2859,4.0,0.2125,0.8971,0.9956,0.9998,1.0,1.0,0.5765,1.0144,1.2404,1.3174,1.3216
train_size,leiden,30000,hash_bal,3549,235,0.1223,130,23.5528,0.3259,3.2032,5.0,0.0663,0.7011,0.9656,0.9971,0.9999,1.0,0.1814,0.3548,0.4899,0.5895,0.6035
train_size,leiden,30000,bal,3549,235,0.1223,130,19.4051,0.15,2.9161,5.0,0.0919,0.7768,0.9791,0.9983,1.0,1.0,0.149,0.2847,0.3759,0.4294,0.4354
train_size,leiden,70000,hash_base,7368,274,0.2424,548,25.5346,0.1678,3.2268,5.0,0.0656,0.6546,0.9548,0.996,0.9997,1.0,0.0472,0.0968,0.1401,0.1749,0.1803
train_size,leiden,70000,base,7368,274,0.2424,548,18.2492,0.7272,2.7167,5.0,0.117,0.7756,0.9775,0.9986,1.0,1.0,0.2803,0.5623,0.7402,0.8268,0.835
train_size,leiden,70000,base_r2,7368,274,0.2424,548,21.4545,0.9183,2.4737,4.0,0.1574,0.8162,0.9855,0.9995,1.0,1.0,0.4394,0.7984,0.986,1.0537,1.0582
train_size,leiden,70000,base_r3,7368,274,0.2424,548,23.3235,0.9588,2.368,4.0,0.1779,0.8288,0.987,0.9997,1.0,1.0,0.5012,0.8563,1.0204,1.0701,1.0733
train_size,leiden,70000,hash_aff,7368,274,0.2424,348,25.1722,0.2205,3.2214,5.0,0.0661,0.6631,0.9572,0.9962,0.9998,1.0,0.0729,0.1456,0.2054,0.2507,0.2577
train_size,leiden,70000,aff,7368,274,0.2424,348,10.7709,0.8031,2.4024,4.0,0.1973,0.9028,0.9956,0.9998,1.0,1.0,0.5369,0.951,1.1759,1.2681,1.2739
train_size,leiden,70000,aff_r2,7368,274,0.2424,348,13.314,0.9358,2.1315,4.0,0.2634,0.9333,0.9983,0.9999,1.0,1.0,0.6906,1.1839,1.3921,1.4505,1.4524
train_size,leiden,70000,aff_r3,7368,274,0.2424,348,14.8709,0.9667,2.0194,3.0,0.2984,0.9443,0.999,0.9999,1.0,1.0,0.756,1.2554,1.4377,1.4791,1.4807
train_size,leiden,70000,hash_bal,7368,274,0.2424,132,23.5883,0.3161,3.2038,5.0,0.0665,0.6974,0.9658,0.9972,0.9999,1.0,0.1794,0.3526,0.4893,0.5874,0.6013
train_size,leiden,70000,bal,7368,274,0.2424,132,19.6975,0.15,2.8994,5.0,0.0914,0.7804,0.9784,0.998,1.0,1.0,0.1492,0.2852,0.3756,0.4281,0.4337
seed,cpm,42,hash_base,10567,2211,0.3072,4422,26.1249,0.1202,3.2326,5.0,0.0655,0.6399,0.9513,0.9953,0.9997,1.0,0.0067,0.0185,0.0347,0.05,0.0528
seed,cpm,42,base,10567,2211,0.3072,4422,24.7713,0.1929,3.0665,5.0,0.0719,0.6795,0.9586,0.996,0.9998,1.0,0.0149,0.0362,0.0596,0.0769,0.0794
seed,cpm,42,base_r2,10567,2211,0.3072,4422,37.9306,0.4767,2.9025,5.0,0.0865,0.7214,0.9663,0.997,0.9999,1.0,0.0656,0.1374,0.1936,0.2262,0.2301
seed,cpm,42,base_r3,10567,2211,0.3072,4422,49.6312,0.5761,2.8118,5.0,0.0958,0.7406,0.9702,0.9972,0.9999,1.0,0.095,0.1953,0.2685,0.3086,0.313
seed,cpm,42,hash_aff,10567,2211,0.3072,2278,26.0436,0.1243,3.2317,5.0,0.0656,0.6422,0.9517,0.9954,0.9997,1.0,0.0121,0.0289,0.048,0.0655,0.0686
seed,cpm,42,aff,10567,2211,0.3072,2278,21.6235,0.32,2.9449,5.0,0.0857,0.7256,0.9691,0.9973,0.9999,1.0,0.0332,0.0708,0.1101,0.1392,0.1425
seed,cpm,42,aff_r2,10567,2211,0.3072,2278,34.4516,0.5159,2.7733,5.0,0.1029,0.7699,0.9766,0.9982,0.9999,1.0,0.0949,0.1896,0.2641,0.3085,0.3128
seed,cpm,42,aff_r3,10567,2211,0.3072,2278,45.9627,0.6058,2.6793,5.0,0.1141,0.7898,0.9808,0.9984,0.9999,1.0,0.1294,0.2571,0.3515,0.4033,0.4078
seed,cpm,42,hash_bal,10567,2211,0.3072,136,23.6469,0.3158,3.1999,5.0,0.0675,0.6971,0.9656,0.9971,0.9999,1.0,0.1747,0.3437,0.4759,0.5726,0.5864
seed,cpm,42,bal,10567,2211,0.3072,136,20.3792,0.15,2.9408,5.0,0.0876,0.7583,0.9755,0.9983,1.0,1.0,0.1494,0.2862,0.3794,0.4341,0.4404
seed,cpm,1,hash_base,10567,2192,0.3072,4384,26.1179,0.1169,3.2319,5.0,0.0655,0.6404,0.9514,0.9953,0.9997,1.0,0.0067,0.0187,0.0341,0.0487,0.0514
seed,cpm,1,base,10567,2192,0.3072,4384,24.7695,0.1951,3.0661,5.0,0.072,0.6798,0.9586,0.9961,0.9998,1.0,0.0148,0.0357,0.0583,0.0748,0.0772
seed,cpm,1,base_r2,10567,2192,0.3072,4384,37.9843,0.5077,2.9055,5.0,0.0857,0.7207,0.9659,0.9971,0.9999,1.0,0.0637,0.1325,0.1865,0.2173,0.2209
seed,cpm,1,base_r3,10567,2192,0.3072,4384,49.7359,0.5804,2.8213,5.0,0.0939,0.7394,0.9699,0.9973,0.9999,1.0,0.0902,0.1864,0.2542,0.2909,0.2949
seed,cpm,1,hash_aff,10567,2192,0.3072,2257,26.0428,0.1229,3.2317,5.0,0.0656,0.642,0.9518,0.9954,0.9997,1.0,0.0122,0.0292,0.0487,0.0658,0.0687
seed,cpm,1,aff,10567,2192,0.3072,2257,21.594,0.3343,2.9424,5.0,0.0876,0.7276,0.9691,0.9972,0.9999,1.0,0.0346,0.0725,0.1115,0.1403,0.1436
seed,cpm,1,aff_r2,10567,2192,0.3072,2257,34.4599,0.5457,2.7722,5.0,0.1045,0.7705,0.9764,0.998,0.9999,1.0,0.0946,0.1863,0.259,0.3026,0.3067
seed,cpm,1,aff_r3,10567,2192,0.3072,2257,46.0324,0.6106,2.6857,5.0,0.1139,0.7905,0.9806,0.9983,0.9999,1.0,0.1265,0.2497,0.3368,0.3863,0.3904
seed,cpm,1,hash_bal,10567,2192,0.3072,136,23.6469,0.3158,3.1999,5.0,0.0675,0.6971,0.9656,0.9971,0.9999,1.0,0.1747,0.3437,0.4759,0.5726,0.5864
seed,cpm,1,bal,10567,2192,0.3072,136,20.3937,0.15,2.9389,5.0,0.0903,0.7607,0.9759,0.9978,1.0,1.0,0.1498,0.2863,0.3795,0.4344,0.4406
seed,cpm,2,hash_base,10567,2183,0.3072,4366,26.1195,0.1237,3.2317,5.0,0.0655,0.6405,0.9511,0.9953,0.9997,1.0,0.0069,0.019,0.0344,0.0492,0.0519
seed,cpm,2,base,10567,2183,0.3072,4366,24.8407,0.1492,3.0748,5.0,0.0707,0.6768,0.9583,0.9961,0.9998,1.0,0.0134,0.033,0.0536,0.0693,0.0716
seed,cpm,2,base_r2,10567,2183,0.3072,4366,38.3295,0.4078,2.9278,5.0,0.0809,0.7163,0.9659,0.9969,0.9999,1.0,0.0501,0.1116,0.161,0.1912,0.1947
seed,cpm,2,base_r3,10567,2183,0.3072,4366,50.1595,0.4872,2.8431,5.0,0.088,0.7358,0.97,0.9973,0.9999,1.0,0.0725,0.1601,0.2258,0.2615,0.2651
seed,cpm,2,hash_aff,10567,2183,0.3072,2248,26.0328,0.1375,3.2312,5.0,0.0656,0.6421,0.9515,0.9953,0.9997,1.0,0.0125,0.0297,0.0489,0.0668,0.0699
seed,cpm,2,aff,10567,2183,0.3072,2248,21.7394,0.3124,2.9516,5.0,0.085,0.7239,0.9686,0.9971,0.9998,1.0,0.0304,0.0655,0.1011,0.1285,0.1315
seed,cpm,2,aff_r2,10567,2183,0.3072,2248,34.912,0.4509,2.7957,5.0,0.0978,0.7658,0.9766,0.998,0.9999,1.0,0.0772,0.16,0.2276,0.2694,0.2734
seed,cpm,2,aff_r3,10567,2183,0.3072,2248,46.5601,0.5235,2.7102,5.0,0.1064,0.7852,0.9804,0.9983,0.9999,1.0,0.1042,0.218,0.3035,0.3517,0.3557
seed,cpm,2,hash_bal,10567,2183,0.3072,136,23.6469,0.3158,3.1999,5.0,0.0675,0.6971,0.9656,0.9971,0.9999,1.0,0.1747,0.3437,0.4759,0.5726,0.5864
seed,cpm,2,bal,10567,2183,0.3072,136,20.3758,0.15,2.9378,5.0,0.089,0.7596,0.9762,0.9979,0.9999,1.0,0.1493,0.2859,0.3791,0.4337,0.4399
seed,cpm,3,hash_base,10567,2199,0.3072,4397,26.1209,0.126,3.2329,5.0,0.0655,0.6403,0.951,0.9953,0.9997,1.0,0.007,0.0192,0.0349,0.0494,0.0521
seed,cpm,3,base,10567,2199,0.3072,4397,24.8271,0.1525,3.0706,5.0,0.0712,0.6791,0.9582,0.996,0.9998,1.0,0.0139,0.0339,0.0547,0.0706,0.073
seed,cpm,3,base_r2,10567,2199,0.3072,4397,38.2677,0.414,2.9163,5.0,0.0809,0.7179,0.9658,0.9969,0.9999,1.0,0.0535,0.1174,0.1697,0.2017,0.2054
seed,cpm,3,base_r3,10567,2199,0.3072,4397,50.0406,0.5055,2.8352,5.0,0.0896,0.7363,0.9699,0.9973,0.9999,1.0,0.0759,0.168,0.2368,0.2736,0.2776
seed,cpm,3,hash_aff,10567,2199,0.3072,2264,26.0476,0.1199,3.2327,5.0,0.0655,0.6421,0.952,0.9954,0.9997,1.0,0.0122,0.0288,0.0478,0.0652,0.0683
seed,cpm,3,aff,10567,2199,0.3072,2264,21.7044,0.3225,2.9472,5.0,0.0855,0.7265,0.9684,0.9972,0.9999,1.0,0.0318,0.0678,0.1041,0.1313,0.1344
seed,cpm,3,aff_r2,10567,2199,0.3072,2264,34.8067,0.4529,2.785,5.0,0.0981,0.7668,0.9763,0.998,0.9999,1.0,0.0821,0.1684,0.2397,0.2837,0.288
seed,cpm,3,aff_r3,10567,2199,0.3072,2264,46.4039,0.5379,2.701,5.0,0.1086,0.7864,0.9804,0.9983,0.9999,1.0,0.1102,0.2283,0.3166,0.3648,0.369
seed,cpm,3,hash_bal,10567,2199,0.3072,137,23.69,0.2863,3.1994,5.0,0.0665,0.698,0.9645,0.9971,0.9999,1.0,0.1736,0.3398,0.4697,0.5639,0.5769
seed,cpm,3,bal,10567,2199,0.3072,137,20.4036,0.15,2.9391,5.0,0.0878,0.7607,0.9762,0.9982,0.9999,1.0,0.1498,0.2866,0.3798,0.4341,0.4407
resolution,cpm,0.02,hash_base,10567,2211,0.3072,4422,26.1249,0.1202,3.2326,5.0,0.0655,0.6399,0.9513,0.9953,0.9997,1.0,0.0067,0.0185,0.0347,0.05,0.0528
resolution,cpm,0.02,base,10567,2211,0.3072,4422,24.7713,0.1929,3.0665,5.0,0.0719,0.6795,0.9586,0.996,0.9998,1.0,0.0149,0.0362,0.0596,0.0769,0.0794
resolution,cpm,0.02,base_r2,10567,2211,0.3072,4422,37.9306,0.4767,2.9025,5.0,0.0865,0.7214,0.9663,0.997,0.9999,1.0,0.0656,0.1374,0.1936,0.2262,0.2301
resolution,cpm,0.02,base_r3,10567,2211,0.3072,4422,49.6312,0.5761,2.8118,5.0,0.0958,0.7406,0.9702,0.9972,0.9999,1.0,0.095,0.1953,0.2685,0.3086,0.313
resolution,cpm,0.02,hash_aff,10567,2211,0.3072,2278,26.0436,0.1243,3.2317,5.0,0.0656,0.6422,0.9517,0.9954,0.9997,1.0,0.0121,0.0289,0.048,0.0655,0.0686
resolution,cpm,0.02,aff,10567,2211,0.3072,2278,21.6235,0.32,2.9449,5.0,0.0857,0.7256,0.9691,0.9973,0.9999,1.0,0.0332,0.0708,0.1101,0.1392,0.1425
resolution,cpm,0.02,aff_r2,10567,2211,0.3072,2278,34.4516,0.5159,2.7733,5.0,0.1029,0.7699,0.9766,0.9982,0.9999,1.0,0.0949,0.1896,0.2641,0.3085,0.3128
resolution,cpm,0.02,aff_r3,10567,2211,0.3072,2278,45.9627,0.6058,2.6793,5.0,0.1141,0.7898,0.9808,0.9984,0.9999,1.0,0.1294,0.2571,0.3515,0.4033,0.4078
resolution,cpm,0.02,hash_bal,10567,2211,0.3072,136,23.6469,0.3158,3.1999,5.0,0.0675,0.6971,0.9656,0.9971,0.9999,1.0,0.1747,0.3437,0.4759,0.5726,0.5864
resolution,cpm,0.02,bal,10567,2211,0.3072,136,20.3792,0.15,2.9408,5.0,0.0876,0.7583,0.9755,0.9983,1.0,1.0,0.1494,0.2862,0.3794,0.4341,0.4404
resolution,cpm,0.005,hash_base,10567,1345,0.3072,2690,26.0674,0.1211,3.2319,5.0,0.0655,0.6418,0.9514,0.9953,0.9997,1.0,0.0108,0.0258,0.0433,0.0596,0.0625
resolution,cpm,0.005,base,10567,1345,0.3072,2690,23.8584,0.2486,3.0016,5.0,0.0763,0.697,0.9616,0.9964,0.9998,1.0,0.0344,0.0773,0.1147,0.1391,0.1423
resolution,cpm,0.005,base_r2,10567,1345,0.3072,2690,35.3128,0.5856,2.7955,5.0,0.098,0.7463,0.9719,0.9978,0.9999,1.0,0.1214,0.2552,0.3489,0.3984,0.4041
resolution,cpm,0.005,base_r3,10567,1345,0.3072,2690,45.26,0.6759,2.7028,5.0,0.1108,0.7641,0.9759,0.9981,0.9999,1.0,0.1667,0.3476,0.4644,0.5212,0.5267
resolution,cpm,0.005,hash_aff,10567,1345,0.3072,1409,25.9556,0.1347,3.2303,5.0,0.0656,0.6447,0.9524,0.9955,0.9997,1.0,0.0193,0.0422,0.0657,0.0857,0.0891
resolution,cpm,0.005,aff,10567,1345,0.3072,1409,20.2888,0.3499,2.8767,5.0,0.0931,0.7544,0.9739,0.9978,0.9999,1.0,0.0744,0.1462,0.2056,0.2445,0.2484
resolution,cpm,0.005,aff_r2,10567,1345,0.3072,1409,31.241,0.6228,2.6578,5.0,0.1215,0.806,0.9838,0.9991,1.0,1.0,0.1786,0.352,0.472,0.5335,0.5388
resolution,cpm,0.005,aff_r3,10567,1345,0.3072,1409,40.8982,0.7023,2.56,4.0,0.1385,0.8261,0.9876,0.9994,1.0,1.0,0.2328,0.4586,0.6018,0.6687,0.6733
resolution,cpm,0.005,hash_bal,10567,1345,0.3072,133,23.6588,0.3234,3.2006,5.0,0.067,0.6972,0.9649,0.9968,0.9998,1.0,0.1781,0.3467,0.4783,0.5744,0.588
resolution,cpm,0.005,bal,10567,1345,0.3072,133,19.8476,0.15,2.8892,5.0,0.0952,0.7743,0.9776,0.9983,1.0,1.0,0.1489,0.2844,0.375,0.4264,0.432
resolution,cpm,0.01,hash_base,10567,1710,0.3072,3420,26.0971,0.1186,3.2314,5.0,0.0655,0.6417,0.9515,0.9953,0.9997,1.0,0.0087,0.0219,0.0382,0.0537,0.0566
resolution,cpm,0.01,base,10567,1710,0.3072,3420,24.3441,0.2213,3.0333,5.0,0.0737,0.687,0.9602,0.9962,0.9998,1.0,0.0235,0.0538,0.083,0.1029,0.1057
resolution,cpm,0.01,base_r2,10567,1710,0.3072,3420,36.5938,0.5701,2.85,5.0,0.0926,0.7308,0.9689,0.9975,0.9999,1.0,0.0936,0.1991,0.2769,0.3204,0.3251
resolution,cpm,0.01,base_r3,10567,1710,0.3072,3420,47.5282,0.6532,2.7553,5.0,0.1042,0.7497,0.973,0.9978,0.9999,1.0,0.13,0.2701,0.3679,0.4178,0.4225
resolution,cpm,0.01,hash_aff,10567,1710,0.3072,1777,26.0036,0.1354,3.2301,5.0,0.0658,0.643,0.952,0.9956,0.9997,1.0,0.0157,0.035,0.0554,0.0736,0.0768
resolution,cpm,0.01,aff,10567,1710,0.3072,1777,21.0103,0.3328,2.9023,5.0,0.0913,0.7402,0.972,0.9974,0.9999,1.0,0.0513,0.1032,0.1508,0.1832,0.1868
resolution,cpm,0.01,aff_r2,10567,1710,0.3072,1777,32.8336,0.6056,2.7065,5.0,0.1147,0.7863,0.9806,0.9986,0.9999,1.0,0.1345,0.2712,0.3695,0.4252,0.4299
resolution,cpm,0.01,aff_r3,10567,1710,0.3072,1777,43.5397,0.6794,2.6096,4.0,0.1288,0.8057,0.9842,0.9989,0.9999,1.0,0.1772,0.3526,0.4707,0.5304,0.5346
resolution,cpm,0.01,hash_bal,10567,1710,0.3072,135,23.6701,0.2918,3.1989,5.0,0.0673,0.6988,0.9651,0.9971,0.9999,1.0,0.1759,0.3447,0.4777,0.572,0.5853
resolution,cpm,0.01,bal,10567,1710,0.3072,135,20.1181,0.15,2.9183,5.0,0.0901,0.7667,0.9778,0.9981,0.9999,1.0,0.1494,0.2857,0.3783,0.431,0.437
resolution,cpm,0.05,hash_base,10567,3196,0.3072,6391,26.1381,0.1188,3.2321,5.0,0.0655,0.6401,0.9513,0.9953,0.9997,1.0,0.0053,0.0163,0.0311,0.0458,0.0487
resolution,cpm,0.05,base,10567,3196,0.3072,6391,25.1826,0.1242,3.1045,5.0,0.0699,0.6706,0.9573,0.996,0.9998,1.0,0.008,0.0215,0.038,0.052,0.0541
resolution,cpm,0.05,base_r2,10567,3196,0.3072,6391,39.2994,0.3623,2.956,5.0,0.0791,0.7099,0.9644,0.9966,0.9998,1.0,0.0367,0.0814,0.1222,0.1472,0.1502
resolution,cpm,0.05,base_r3,10567,3196,0.3072,6391,51.6908,0.4293,2.8818,5.0,0.0852,0.7282,0.9679,0.9971,0.9998,1.0,0.056,0.122,0.1766,0.2078,0.2114
resolution,cpm,0.05,hash_aff,10567,3196,0.3072,3260,26.094,0.1284,3.2327,5.0,0.0655,0.6405,0.9514,0.9953,0.9997,1.0,0.0088,0.0221,0.0385,0.0542,0.0571
resolution,cpm,0.05,aff,10567,3196,0.3072,3260,22.2115,0.2788,2.9921,5.0,0.0826,0.714,0.9677,0.9971,0.9999,1.0,0.0194,0.0448,0.0733,0.0967,0.0993
resolution,cpm,0.05,aff_r2,10567,3196,0.3072,3260,36.0525,0.4012,2.8362,5.0,0.094,0.7537,0.9751,0.9978,0.9999,1.0,0.0564,0.1176,0.1726,0.206,0.2091
resolution,cpm,0.05,aff_r3,10567,3196,0.3072,3260,48.2957,0.463,2.7597,5.0,0.1011,0.7731,0.9781,0.998,0.9999,1.0,0.0796,0.1653,0.2351,0.2744,0.2781
resolution,cpm,0.05,hash_bal,10567,3196,0.3072,138,23.7083,0.2801,3.2048,5.0,0.067,0.6957,0.9646,0.9969,0.9998,1.0,0.1726,0.3397,0.4694,0.563,0.5764
resolution,cpm,0.05,bal,10567,3196,0.3072,138,20.6008,0.15,2.9687,5.0,0.0845,0.7527,0.9756,0.9983,1.0,1.0,0.1485,0.2857,0.3805,0.4372,0.4436
resolution,cpm,0.1,hash_base,10567,4391,0.3072,8779,26.1639,0.1159,3.2332,5.0,0.0655,0.6393,0.9509,0.9953,0.9997,1.0,0.0039,0.0126,0.0256,0.0386,0.0411
resolution,cpm,0.1,base,10567,4391,0.3072,8779,25.3606,0.155,3.1249,5.0,0.0686,0.6641,0.9559,0.9958,0.9998,1.0,0.0058,0.0169,0.0327,0.0468,0.0491
resolution,cpm,0.1,base_r2,10567,4391,0.3072,8779,39.9158,0.3172,2.9716,5.0,0.0775,0.7035,0.9627,0.9965,0.9998,1.0,0.0326,0.0715,0.1072,0.1306,0.1337
resolution,cpm,0.1,base_r3,10567,4391,0.3072,8779,52.6856,0.4287,2.8914,5.0,0.0844,0.7241,0.967,0.9969,0.9998,1.0,0.0534,0.1147,0.164,0.1938,0.1972
resolution,cpm,0.1,hash_aff,10567,4391,0.3072,4455,26.1227,0.1173,3.2311,5.0,0.0655,0.6405,0.9513,0.9953,0.9997,1.0,0.0067,0.0183,0.0338,0.0483,0.0509
resolution,cpm,0.1,aff,10567,4391,0.3072,4455,22.4822,0.2925,3.0258,5.0,0.0786,0.7048,0.9655,0.9969,0.9999,1.0,0.0155,0.037,0.0644,0.0892,0.0923
resolution,cpm,0.1,aff_r2,10567,4391,0.3072,4455,36.8195,0.3521,2.8674,5.0,0.0896,0.7442,0.9723,0.9977,0.9999,1.0,0.0494,0.1034,0.154,0.1879,0.1915
resolution,cpm,0.1,aff_r3,10567,4391,0.3072,4455,49.4443,0.4532,2.7812,5.0,0.0986,0.7651,0.9762,0.998,0.9999,1.0,0.0735,0.153,0.2181,0.2583,0.262
resolution,cpm,0.1,hash_bal,10567,4391,0.3072,139,23.7334,0.277,3.2065,5.0,0.0671,0.695,0.9641,0.9969,0.9998,1.0,0.1727,0.3369,0.4657,0.5592,0.5723
resolution,cpm,0.1,bal,10567,4391,0.3072,139,20.8145,0.15,3.0026,5.0,0.0817,0.7452,0.9741,0.9982,0.9999,1.0,0.1489,0.2865,0.3833,0.4424,0.4491
train_size,cpm,115959,hash_base,10567,2211,0.3072,4422,26.1249,0.1202,3.2326,5.0,0.0655,0.6399,0.9513,0.9953,0.9997,1.0,0.0067,0.0185,0.0347,0.05,0.0528
train_size,cpm,115959,base,10567,2211,0.3072,4422,24.7713,0.1929,3.0665,5.0,0.0719,0.6795,0.9586,0.996,0.9998,1.0,0.0149,0.0362,0.0596,0.0769,0.0794
train_size,cpm,115959,base_r2,10567,2211,0.3072,4422,37.9306,0.4767,2.9025,5.0,0.0865,0.7214,0.9663,0.997,0.9999,1.0,0.0656,0.1374,0.1936,0.2262,0.2301
train_size,cpm,115959,base_r3,10567,2211,0.3072,4422,49.6312,0.5761,2.8118,5.0,0.0958,0.7406,0.9702,0.9972,0.9999,1.0,0.095,0.1953,0.2685,0.3086,0.313
train_size,cpm,115959,hash_aff,10567,2211,0.3072,2278,26.0436,0.1243,3.2317,5.0,0.0656,0.6422,0.9517,0.9954,0.9997,1.0,0.0121,0.0289,0.048,0.0655,0.0686
train_size,cpm,115959,aff,10567,2211,0.3072,2278,21.6235,0.32,2.9449,5.0,0.0857,0.7256,0.9691,0.9973,0.9999,1.0,0.0332,0.0708,0.1101,0.1392,0.1425
train_size,cpm,115959,aff_r2,10567,2211,0.3072,2278,34.4516,0.5159,2.7733,5.0,0.1029,0.7699,0.9766,0.9982,0.9999,1.0,0.0949,0.1896,0.2641,0.3085,0.3128
train_size,cpm,115959,aff_r3,10567,2211,0.3072,2278,45.9627,0.6058,2.6793,5.0,0.1141,0.7898,0.9808,0.9984,0.9999,1.0,0.1294,0.2571,0.3515,0.4033,0.4078
train_size,cpm,115959,hash_bal,10567,2211,0.3072,136,23.6469,0.3158,3.1999,5.0,0.0675,0.6971,0.9656,0.9971,0.9999,1.0,0.1747,0.3437,0.4759,0.5726,0.5864
train_size,cpm,115959,bal,10567,2211,0.3072,136,20.3792,0.15,2.9408,5.0,0.0876,0.7583,0.9755,0.9983,1.0,1.0,0.1494,0.2862,0.3794,0.4341,0.4404
train_size,cpm,10000,hash_base,1153,293,0.0289,586,25.5808,0.1726,3.2255,5.0,0.0656,0.6532,0.9542,0.9957,0.9997,1.0,0.0442,0.0906,0.1314,0.1647,0.1699
train_size,cpm,10000,base,1153,293,0.0289,586,24.8908,0.1649,3.1392,5.0,0.0673,0.6793,0.9603,0.9963,0.9997,1.0,0.0619,0.1192,0.1656,0.2001,0.2046
train_size,cpm,10000,base_r2,1153,293,0.0289,586,27.7518,0.2497,3.0776,5.0,0.0679,0.6956,0.9631,0.9965,0.9997,1.0,0.0711,0.1442,0.2046,0.248,0.2538
train_size,cpm,10000,base_r3,1153,293,0.0289,586,29.4494,0.3297,3.0553,5.0,0.0693,0.7013,0.9642,0.9966,0.9997,1.0,0.0768,0.1561,0.223,0.2701,0.2765
train_size,cpm,10000,hash_aff,1153,293,0.0289,584,25.5946,0.1428,3.2262,5.0,0.066,0.6538,0.955,0.9957,0.9997,1.0,0.0452,0.0925,0.1339,0.1671,0.1726
train_size,cpm,10000,aff,1153,293,0.0289,584,18.046,0.4287,2.8608,5.0,0.0942,0.7715,0.9783,0.9983,1.0,1.0,0.116,0.2325,0.322,0.3793,0.3849
train_size,cpm,10000,aff_r2,1153,293,0.0289,584,20.4143,0.4506,2.785,5.0,0.1009,0.7886,0.9812,0.9986,1.0,1.0,0.1418,0.2858,0.3921,0.4552,0.4611
train_size,cpm,10000,aff_r3,1153,293,0.0289,584,21.884,0.4778,2.7591,5.0,0.1044,0.7942,0.9822,0.9986,1.0,1.0,0.155,0.3099,0.4227,0.4882,0.4943
train_size,cpm,10000,hash_bal,1153,293,0.0289,125,23.494,0.2942,3.1942,5.0,0.0671,0.703,0.9665,0.9971,0.9998,1.0,0.1887,0.3687,0.5072,0.6057,0.6193
train_size,cpm,10000,bal,1153,293,0.0289,125,18.6947,0.15,2.9032,5.0,0.0916,0.7785,0.9798,0.9983,1.0,1.0,0.1496,0.2856,0.3767,0.4294,0.4348
train_size,cpm,30000,hash_base,3549,760,0.1223,1520,25.9543,0.1385,3.2299,5.0,0.0656,0.6446,0.9519,0.9955,0.9997,1.0,0.018,0.0392,0.062,0.0821,0.0854
train_size,cpm,30000,base,3549,760,0.1223,1520,25.0604,0.1743,3.1175,5.0,0.0676,0.6719,0.9588,0.996,0.9998,1.0,0.0222,0.0491,0.0763,0.0978,0.101
train_size,cpm,30000,base_r2,3549,760,0.1223,1520,32.457,0.2193,3.012,5.0,0.0712,0.7006,0.9637,0.9964,0.9998,1.0,0.0406,0.0923,0.1382,0.169,0.1729
train_size,cpm,30000,base_r3,3549,760,0.1223,1520,38.0997,0.3215,2.9645,5.0,0.0729,0.7125,0.9657,0.9968,0.9998,1.0,0.0537,0.1214,0.178,0.2135,0.2177
train_size,cpm,30000,hash_aff,3549,760,0.1223,961,25.8129,0.184,3.2296,5.0,0.0656,0.6478,0.9532,0.9956,0.9997,1.0,0.0281,0.0591,0.0885,0.1144,0.1188
train_size,cpm,30000,aff,3549,760,0.1223,961,20.2216,0.3552,2.9434,5.0,0.0863,0.7412,0.9716,0.9974,0.9999,1.0,0.0553,0.1133,0.1644,0.2009,0.2049
train_size,cpm,30000,aff_r2,3549,760,0.1223,961,27.1924,0.4105,2.8285,5.0,0.0942,0.7702,0.9766,0.9978,0.9999,1.0,0.086,0.1782,0.2505,0.2943,0.2985
train_size,cpm,30000,aff_r3,3549,760,0.1223,961,32.5671,0.4448,2.7779,5.0,0.0985,0.7834,0.9788,0.9982,1.0,1.0,0.1064,0.22,0.3045,0.3532,0.3575
train_size,cpm,30000,hash_bal,3549,760,0.1223,130,23.5528,0.3259,3.2032,5.0,0.0663,0.7011,0.9656,0.9971,0.9999,1.0,0.1814,0.3548,0.4899,0.5895,0.6035
train_size,cpm,30000,bal,3549,760,0.1223,130,19.3455,0.15,2.9281,5.0,0.0896,0.7698,0.9769,0.9982,0.9999,1.0,0.1499,0.2864,0.3794,0.4334,0.439
train_size,cpm,70000,hash_base,7368,1529,0.2424,3058,26.0854,0.1175,3.2329,5.0,0.0655,0.6409,0.9514,0.9952,0.9997,1.0,0.0093,0.0234,0.0406,0.0572,0.0602
train_size,cpm,70000,base,7368,1529,0.2424,3058,24.9371,0.1356,3.0876,5.0,0.0699,0.6759,0.9579,0.996,0.9998,1.0,0.0143,0.0349,0.0565,0.0735,0.076
train_size,cpm,70000,base_r2,7368,1529,0.2424,3058,36.5768,0.3518,2.9673,5.0,0.0766,0.7095,0.9642,0.9966,0.9998,1.0,0.0385,0.0912,0.1357,0.1633,0.1666
train_size,cpm,70000,base_r3,7368,1529,0.2424,3058,46.3578,0.4338,2.8915,5.0,0.0812,0.7261,0.9673,0.9972,0.9998,1.0,0.0563,0.1321,0.1903,0.2234,0.2274
train_size,cpm,70000,hash_aff,7368,1529,0.2424,1617,25.9765,0.1356,3.2308,5.0,0.0656,0.6435,0.9517,0.9956,0.9997,1.0,0.0169,0.0376,0.0596,0.079,0.0823
train_size,cpm,70000,aff,7368,1529,0.2424,1617,21.3905,0.2372,2.956,5.0,0.0863,0.7302,0.9691,0.9973,0.9998,1.0,0.034,0.0724,0.1082,0.1351,0.1384
train_size,cpm,70000,aff_r2,7368,1529,0.2424,1617,32.7014,0.4027,2.8273,5.0,0.095,0.7651,0.9751,0.9977,0.9999,1.0,0.0692,0.1457,0.2052,0.2414,0.2449
train_size,cpm,70000,aff_r3,7368,1529,0.2424,1617,42.2745,0.4772,2.7522,5.0,0.1001,0.7828,0.9783,0.9981,0.9999,1.0,0.0935,0.1971,0.2715,0.3131,0.3169
train_size,cpm,70000,hash_bal,7368,1529,0.2424,133,23.6588,0.3234,3.2006,5.0,0.067,0.6972,0.9649,0.9968,0.9998,1.0,0.1781,0.3467,0.4783,0.5744,0.588
train_size,cpm,70000,bal,7368,1529,0.2424,133,19.9128,0.15,2.9273,5.0,0.0878,0.7656,0.9762,0.9984,0.9999,1.0,0.1492,0.2858,0.3783,0.4325,0.438
seed,infomap,42,hash_base,10567,1119,0.3072,2238,26.0382,0.1192,3.2312,5.0,0.0655,0.6422,0.9521,0.9955,0.9997,1.0,0.0124,0.03,0.0501,0.0686,0.0719
seed,infomap,42,base,10567,1119,0.3072,2238,24.0607,0.278,3.0049,5.0,0.0762,0.697,0.9621,0.9964,0.9998,1.0,0.0333,0.0713,0.1065,0.1302,0.1332
seed,infomap,42,base_r2,10567,1119,0.3072,2238,35.4507,0.6007,2.8019,5.0,0.0967,0.7433,0.971,0.9976,0.9999,1.0,0.114,0.2324,0.3202,0.3665,0.3718
seed,infomap,42,base_r3,10567,1119,0.3072,2238,45.8621,0.676,2.7049,5.0,0.1106,0.7615,0.9745,0.998,0.9999,1.0,0.1553,0.3011,0.3941,0.4409,0.4452
seed,infomap,42,hash_aff,10567,1119,0.3072,1183,25.8926,0.1497,3.2304,5.0,0.0655,0.6451,0.953,0.9954,0.9997,1.0,0.0229,0.0496,0.0758,0.0984,0.1022
seed,infomap,42,aff,10567,1119,0.3072,1183,20.5801,0.3626,2.8715,5.0,0.0935,0.7518,0.9738,0.9976,0.9999,1.0,0.0662,0.1309,0.1887,0.227,0.2309
seed,infomap,42,aff_r2,10567,1119,0.3072,1183,31.5179,0.623,2.6573,5.0,0.12,0.7981,0.982,0.9985,0.9999,1.0,0.1604,0.3153,0.4258,0.486,0.4912
seed,infomap,42,aff_r3,10567,1119,0.3072,1183,41.6725,0.7035,2.5572,4.0,0.1377,0.8179,0.9854,0.999,0.9999,1.0,0.2086,0.3959,0.5139,0.5746,0.5786
seed,infomap,42,hash_bal,10567,1119,0.3072,134,23.6437,0.2831,3.2014,5.0,0.0666,0.6982,0.9654,0.9975,0.9999,1.0,0.1776,0.3494,0.4864,0.5855,0.5994
seed,infomap,42,bal,10567,1119,0.3072,134,20.0624,0.15,2.905,5.0,0.0899,0.7699,0.9776,0.9984,1.0,1.0,0.1494,0.2857,0.3766,0.4292,0.4349
seed,infomap,1,hash_base,10567,1121,0.3072,2242,26.033,0.1514,3.2311,5.0,0.0655,0.6422,0.9518,0.9954,0.9997,1.0,0.0124,0.0292,0.0494,0.0676,0.0709
seed,infomap,1,base,10567,1121,0.3072,2242,24.1584,0.2702,3.0169,5.0,0.0747,0.695,0.9617,0.9966,0.9999,1.0,0.0293,0.0634,0.0962,0.1189,0.1217
seed,infomap,1,base_r2,10567,1121,0.3072,2242,36.1371,0.5713,2.8333,5.0,0.0922,0.7333,0.9684,0.9974,0.9999,1.0,0.0878,0.1746,0.2378,0.2717,0.2757
seed,infomap,1,base_r3,10567,1121,0.3072,2242,46.8496,0.6657,2.7448,5.0,0.1055,0.7524,0.9724,0.9978,0.9999,1.0,0.1203,0.2256,0.2929,0.329,0.333
seed,infomap,1,hash_aff,10567,1121,0.3072,1186,25.8924,0.1341,3.2308,5.0,0.0656,0.6449,0.9524,0.9955,0.9997,1.0,0.0228,0.0485,0.0733,0.0943,0.0978
seed,infomap,1,aff,10567,1121,0.3072,1186,20.7341,0.3514,2.8872,5.0,0.0908,0.7475,0.9728,0.9977,0.9999,1.0,0.0607,0.1194,0.1725,0.2081,0.2117
seed,infomap,1,aff_r2,10567,1121,0.3072,1186,32.2797,0.6078,2.6888,5.0,0.1131,0.7891,0.9797,0.9983,0.9999,1.0,0.1336,0.2527,0.3383,0.3851,0.3892
seed,infomap,1,aff_r3,10567,1121,0.3072,1186,42.754,0.6924,2.5959,4.0,0.1303,0.8106,0.9836,0.9987,0.9999,1.0,0.1735,0.3166,0.4092,0.4586,0.4621
seed,infomap,1,hash_bal,10567,1121,0.3072,135,23.6701,0.2918,3.1989,5.0,0.0673,0.6988,0.9651,0.9971,0.9999,1.0,0.1759,0.3447,0.4777,0.572,0.5853
seed,infomap,1,bal,10567,1121,0.3072,135,20.117,0.15,2.9197,5.0,0.0878,0.7692,0.9769,0.9982,1.0,1.0,0.1494,0.2861,0.3781,0.4315,0.4372
seed,infomap,2,hash_base,10567,1121,0.3072,2242,26.033,0.1514,3.2311,5.0,0.0655,0.6422,0.9518,0.9954,0.9997,1.0,0.0124,0.0292,0.0494,0.0676,0.0709
seed,infomap,2,base,10567,1121,0.3072,2242,24.094,0.2659,3.0121,5.0,0.0758,0.6956,0.9615,0.9965,0.9999,1.0,0.0316,0.0686,0.1038,0.1279,0.1308
seed,infomap,2,base_r2,10567,1121,0.3072,2242,35.8161,0.5286,2.8198,5.0,0.0954,0.7383,0.9694,0.9976,0.9999,1.0,0.0989,0.1951,0.2661,0.3044,0.3085
seed,infomap,2,base_r3,10567,1121,0.3072,2242,46.442,0.6289,2.7325,5.0,0.1072,0.7561,0.9731,0.9978,0.9999,1.0,0.1319,0.2511,0.3283,0.3672,0.3716
seed,infomap,2,hash_aff,10567,1121,0.3072,1186,25.8924,0.1341,3.2308,5.0,0.0656,0.6449,0.9524,0.9955,0.9997,1.0,0.0228,0.0485,0.0733,0.0943,0.0978
seed,infomap,2,aff,10567,1121,0.3072,1186,20.6284,0.3488,2.8785,5.0,0.0926,0.7494,0.9735,0.9976,0.9999,1.0,0.0642,0.1276,0.1848,0.224,0.2278
seed,infomap,2,aff_r2,10567,1121,0.3072,1186,31.9037,0.5688,2.675,5.0,0.117,0.7932,0.9809,0.9985,0.9999,1.0,0.145,0.2776,0.3727,0.4257,0.4301
seed,infomap,2,aff_r3,10567,1121,0.3072,1186,42.2913,0.6588,2.5872,4.0,0.1316,0.8113,0.9844,0.9988,0.9999,1.0,0.1841,0.3441,0.4483,0.5014,0.5056
seed,infomap,2,hash_bal,10567,1121,0.3072,134,23.6437,0.2831,3.2014,5.0,0.0666,0.6982,0.9654,0.9975,0.9999,1.0,0.1776,0.3494,0.4864,0.5855,0.5994
seed,infomap,2,bal,10567,1121,0.3072,134,20.0401,0.15,2.9112,5.0,0.0888,0.7684,0.9769,0.9983,1.0,1.0,0.1492,0.2856,0.3778,0.4302,0.4356
seed,infomap,3,hash_base,10567,1114,0.3072,2228,26.0393,0.1251,3.2324,5.0,0.0656,0.6425,0.9518,0.9953,0.9997,1.0,0.0124,0.0294,0.0491,0.0664,0.0694
seed,infomap,3,base,10567,1114,0.3072,2228,24.1199,0.2742,3.0098,5.0,0.076,0.6958,0.962,0.9965,0.9999,1.0,0.0319,0.068,0.1019,0.1253,0.1282
seed,infomap,3,base_r2,10567,1114,0.3072,2228,35.7827,0.5987,2.8178,5.0,0.0957,0.7384,0.9702,0.9975,0.9999,1.0,0.1084,0.2152,0.2957,0.3387,0.343
seed,infomap,3,base_r3,10567,1114,0.3072,2228,46.3439,0.671,2.7218,5.0,0.1082,0.7576,0.9745,0.998,0.9999,1.0,0.146,0.2819,0.3718,0.4168,0.4209
seed,infomap,3,hash_aff,10567,1114,0.3072,1179,25.8839,0.1516,3.2293,5.0,0.0655,0.6467,0.953,0.9956,0.9997,1.0,0.023,0.0501,0.0772,0.1009,0.105
seed,infomap,3,aff,10567,1114,0.3072,1179,20.6574,0.3569,2.8743,5.0,0.094,0.7507,0.9741,0.9976,0.9999,1.0,0.0638,0.1251,0.1787,0.2151,0.2188
seed,infomap,3,aff_r2,10567,1114,0.3072,1179,31.8867,0.6155,2.6704,5.0,0.1188,0.7948,0.9817,0.9985,0.9999,1.0,0.1537,0.295,0.3975,0.4526,0.4573
seed,infomap,3,aff_r3,10567,1114,0.3072,1179,42.2147,0.6974,2.5718,4.0,0.1354,0.814,0.9854,0.9989,1.0,1.0,0.1971,0.3708,0.4842,0.5402,0.5443
seed,infomap,3,hash_bal,10567,1114,0.3072,134,23.6437,0.2831,3.2014,5.0,0.0666,0.6982,0.9654,0.9975,0.9999,1.0,0.1776,0.3494,0.4864,0.5855,0.5994
seed,infomap,3,bal,10567,1114,0.3072,134,20.0822,0.15,2.9081,5.0,0.0893,0.7697,0.978,0.9982,1.0,1.0,0.1497,0.2862,0.3777,0.4304,0.4357
train_size,infomap,115959,hash_base,10567,1119,0.3072,2238,26.0382,0.1192,3.2312,5.0,0.0655,0.6422,0.9521,0.9955,0.9997,1.0,0.0124,0.03,0.0501,0.0686,0.0719
train_size,infomap,115959,base,10567,1119,0.3072,2238,24.0607,0.278,3.0049,5.0,0.0762,0.697,0.9621,0.9964,0.9998,1.0,0.0333,0.0713,0.1065,0.1302,0.1332
train_size,infomap,115959,base_r2,10567,1119,0.3072,2238,35.4507,0.6007,2.8019,5.0,0.0967,0.7433,0.971,0.9976,0.9999,1.0,0.114,0.2324,0.3202,0.3665,0.3718
train_size,infomap,115959,base_r3,10567,1119,0.3072,2238,45.8621,0.676,2.7049,5.0,0.1106,0.7615,0.9745,0.998,0.9999,1.0,0.1553,0.3011,0.3941,0.4409,0.4452
train_size,infomap,115959,hash_aff,10567,1119,0.3072,1183,25.8926,0.1497,3.2304,5.0,0.0655,0.6451,0.953,0.9954,0.9997,1.0,0.0229,0.0496,0.0758,0.0984,0.1022
train_size,infomap,115959,aff,10567,1119,0.3072,1183,20.5801,0.3626,2.8715,5.0,0.0935,0.7518,0.9738,0.9976,0.9999,1.0,0.0662,0.1309,0.1887,0.227,0.2309
train_size,infomap,115959,aff_r2,10567,1119,0.3072,1183,31.5179,0.623,2.6573,5.0,0.12,0.7981,0.982,0.9985,0.9999,1.0,0.1604,0.3153,0.4258,0.486,0.4912
train_size,infomap,115959,aff_r3,10567,1119,0.3072,1183,41.6725,0.7035,2.5572,4.0,0.1377,0.8179,0.9854,0.999,0.9999,1.0,0.2086,0.3959,0.5139,0.5746,0.5786
train_size,infomap,115959,hash_bal,10567,1119,0.3072,134,23.6437,0.2831,3.2014,5.0,0.0666,0.6982,0.9654,0.9975,0.9999,1.0,0.1776,0.3494,0.4864,0.5855,0.5994
train_size,infomap,115959,bal,10567,1119,0.3072,134,20.0624,0.15,2.905,5.0,0.0899,0.7699,0.9776,0.9984,1.0,1.0,0.1494,0.2857,0.3766,0.4292,0.4349
train_size,infomap,10000,hash_base,1153,256,0.0289,512,25.5108,0.1759,3.2242,5.0,0.0656,0.6552,0.9551,0.9961,0.9998,1.0,0.051,0.1026,0.147,0.1822,0.1879
train_size,infomap,10000,base,1153,256,0.0289,512,24.7189,0.1806,3.1249,5.0,0.0675,0.6859,0.9624,0.9968,0.9999,1.0,0.0711,0.1361,0.1878,0.2248,0.2298
train_size,infomap,10000,base_r2,1153,256,0.0289,512,27.4405,0.3046,3.0678,5.0,0.0681,0.7017,0.9644,0.9969,0.9999,1.0,0.08,0.1566,0.2162,0.2574,0.263
train_size,infomap,10000,base_r3,1153,256,0.0289,512,29.1014,0.3587,3.0478,5.0,0.0688,0.7057,0.9654,0.9969,0.9999,1.0,0.085,0.1666,0.2306,0.2748,0.2806
train_size,infomap,10000,hash_aff,1153,256,0.0289,512,25.5108,0.1759,3.2242,5.0,0.0656,0.6552,0.9551,0.9961,0.9998,1.0,0.051,0.1026,0.147,0.1822,0.1879
train_size,infomap,10000,aff,1153,256,0.0289,512,17.7389,0.4132,2.8287,5.0,0.1021,0.7842,0.9806,0.9986,0.9999,1.0,0.1317,0.2583,0.3542,0.4136,0.4192
train_size,infomap,10000,aff_r2,1153,256,0.0289,512,19.9866,0.447,2.7581,5.0,0.1113,0.7996,0.9825,0.9988,1.0,1.0,0.1564,0.3021,0.4052,0.4668,0.4726
train_size,infomap,10000,aff_r3,1153,256,0.0289,512,21.437,0.4714,2.733,5.0,0.1141,0.8049,0.9835,0.9988,1.0,1.0,0.1681,0.3233,0.4315,0.495,0.5005
train_size,infomap,10000,hash_bal,1153,256,0.0289,129,23.5506,0.2977,3.1933,5.0,0.0671,0.7034,0.9661,0.9971,0.9998,1.0,0.184,0.3601,0.499,0.5992,0.6132
train_size,infomap,10000,bal,1153,256,0.0289,129,19.3074,0.15,2.9401,5.0,0.0901,0.7712,0.9787,0.9985,1.0,1.0,0.1491,0.2854,0.3795,0.4342,0.4399
train_size,infomap,30000,hash_base,3549,568,0.1223,1136,25.8848,0.1271,3.2294,5.0,0.0656,0.6465,0.9532,0.9955,0.9997,1.0,0.0236,0.0508,0.0778,0.1006,0.1044
train_size,infomap,30000,base,3549,568,0.1223,1136,24.8652,0.1925,3.1004,5.0,0.0688,0.6784,0.9586,0.9959,0.9998,1.0,0.0294,0.0631,0.0953,0.12,0.1236
train_size,infomap,30000,base_r2,3549,568,0.1223,1136,31.9435,0.2786,2.9985,5.0,0.0724,0.7046,0.9639,0.9964,0.9998,1.0,0.0478,0.1041,0.1525,0.1842,0.1886
train_size,infomap,30000,base_r3,3549,568,0.1223,1136,37.3163,0.3338,2.9506,5.0,0.0735,0.716,0.9664,0.9968,0.9998,1.0,0.0629,0.1344,0.1941,0.2305,0.2351
train_size,infomap,30000,hash_aff,3549,568,0.1223,749,25.709,0.1479,3.2255,5.0,0.0658,0.6499,0.9545,0.9956,0.9997,1.0,0.0349,0.0727,0.1083,0.1382,0.1434
train_size,infomap,30000,aff,3549,568,0.1223,749,19.9103,0.3427,2.9176,5.0,0.0898,0.752,0.973,0.9976,0.9999,1.0,0.0669,0.136,0.1939,0.2338,0.2381
train_size,infomap,30000,aff_r2,3549,568,0.1223,749,26.5278,0.397,2.8031,5.0,0.0995,0.7802,0.9783,0.9981,1.0,1.0,0.1004,0.2009,0.2758,0.3202,0.3245
train_size,infomap,30000,aff_r3,3549,568,0.1223,749,31.5931,0.4252,2.752,5.0,0.1026,0.791,0.9804,0.9984,1.0,1.0,0.123,0.2447,0.333,0.3816,0.3858
train_size,infomap,30000,hash_bal,3549,568,0.1223,129,23.5506,0.2977,3.1933,5.0,0.0671,0.7034,0.9661,0.9971,0.9998,1.0,0.184,0.3601,0.499,0.5992,0.6132
train_size,infomap,30000,bal,3549,568,0.1223,129,19.3166,0.15,2.915,5.0,0.0916,0.7739,0.978,0.9983,1.0,1.0,0.1496,0.2857,0.3778,0.431,0.4366
train_size,infomap,70000,hash_base,7368,870,0.2424,1740,25.9957,0.1238,3.2308,5.0,0.0656,0.6434,0.9521,0.9954,0.9997,1.0,0.0158,0.0361,0.0575,0.0762,0.0795
train_size,infomap,70000,base,7368,870,0.2424,1740,24.4646,0.2129,3.0504,5.0,0.0717,0.6868,0.9605,0.9963,0.9998,1.0,0.0259,0.0589,0.0899,0.1124,0.1155
train_size,infomap,70000,base_r2,7368,870,0.2424,1740,35.0929,0.402,2.904,5.0,0.083,0.7212,0.966,0.9969,0.9999,1.0,0.0634,0.1401,0.2026,0.2387,0.2425
train_size,infomap,70000,base_r3,7368,870,0.2424,1740,44.3077,0.5055,2.8273,5.0,0.0885,0.7392,0.9696,0.9974,0.9999,1.0,0.0867,0.1857,0.2583,0.2979,0.3021
train_size,infomap,70000,hash_aff,7368,870,0.2424,955,25.8277,0.1413,3.2293,5.0,0.0658,0.6473,0.9533,0.9956,0.9997,1.0,0.028,0.0586,0.0884,0.1137,0.1178
train_size,infomap,70000,aff,7368,870,0.2424,955,20.4911,0.3664,2.9076,5.0,0.0891,0.7486,0.9731,0.9978,0.9998,1.0,0.0598,0.12,0.1744,0.2129,0.2174
train_size,infomap,70000,aff_r2,7368,870,0.2424,955,30.6556,0.4631,2.7481,5.0,0.1067,0.785,0.9782,0.9982,0.9999,1.0,0.1132,0.2257,0.3142,0.3642,0.3687
train_size,infomap,70000,aff_r3,7368,870,0.2424,955,39.6146,0.5525,2.6691,5.0,0.1139,0.804,0.9817,0.9986,0.9999,1.0,0.1442,0.2827,0.3837,0.4361,0.4406
train_size,infomap,70000,hash_bal,7368,870,0.2424,132,23.5883,0.3161,3.2038,5.0,0.0665,0.6974,0.9658,0.9972,0.9999,1.0,0.1794,0.3526,0.4893,0.5874,0.6013
train_size,infomap,70000,bal,7368,870,0.2424,132,19.7881,0.15,2.9188,5.0,0.0881,0.7732,0.9782,0.9985,0.9999,1.0,0.1498,0.2865,0.3787,0.4317,0.4375
seed,metis,42,hash_base,10567,335,0.3072,676,25.669,0.1528,3.2257,5.0,0.0658,0.6516,0.9549,0.9958,0.9998,1.0,0.0391,0.0799,0.1162,0.1453,0.1498
seed,metis,42,base,10567,335,0.3072,676,25.1284,0.1855,3.1858,5.0,0.0665,0.6604,0.9559,0.9959,0.9997,1.0,0.0392,0.0887,0.1307,0.1626,0.1676
seed,metis,42,base_r2,10567,335,0.3072,676,39.3829,0.2424,3.0295,5.0,0.0727,0.7004,0.9634,0.9968,0.9999,1.0,0.0668,0.1484,0.2088,0.2455,0.2506
seed,metis,42,base_r3,10567,335,0.3072,676,51.4164,0.3538,2.9197,5.0,0.0778,0.726,0.9689,0.9974,1.0,1.0,0.0937,0.2072,0.2842,0.3252,0.3301
seed,metis,42,hash_aff,10567,335,0.3072,397,25.2917,0.1529,3.2219,5.0,0.0663,0.6587,0.9564,0.9961,0.9998,1.0,0.0642,0.1293,0.186,0.23,0.2367
seed,metis,42,aff,10567,335,0.3072,397,21.857,0.2553,3.0824,5.0,0.0791,0.7128,0.9672,0.9972,0.9998,1.0,0.068,0.1395,0.1997,0.2462,0.2528
seed,metis,42,aff_r2,10567,335,0.3072,397,35.7575,0.3102,2.9171,5.0,0.0871,0.7581,0.9751,0.998,0.9999,1.0,0.1135,0.2244,0.3054,0.3553,0.3615
seed,metis,42,aff_r3,10567,335,0.3072,397,47.506,0.3596,2.8034,5.0,0.0934,0.7871,0.9804,0.9985,1.0,1.0,0.1537,0.3034,0.4045,0.4589,0.4641
seed,metis,42,hash_bal,10567,335,0.3072,140,23.7697,0.2628,3.2011,5.0,0.0668,0.6982,0.9651,0.9971,0.9998,1.0,0.1704,0.3338,0.4616,0.5548,0.5677
seed,metis,42,bal,10567,335,0.3072,140,20.9114,0.15,3.0538,5.0,0.0811,0.7431,0.9732,0.9978,0.9998,1.0,0.1493,0.2865,0.3838,0.4484,0.4561
seed,metis,1,hash_base,10567,335,0.3072,676,25.669,0.1528,3.2257,5.0,0.0658,0.6516,0.9549,0.9958,0.9998,1.0,0.0391,0.0799,0.1162,0.1453,0.1498
seed,metis,1,base,10567,335,0.3072,676,25.1284,0.1855,3.1858,5.0,0.0665,0.6604,0.9559,0.9959,0.9997,1.0,0.0392,0.0887,0.1307,0.1626,0.1676
seed,metis,1,base_r2,10567,335,0.3072,676,39.3829,0.2424,3.0295,5.0,0.0727,0.7004,0.9634,0.9968,0.9999,1.0,0.0668,0.1484,0.2088,0.2455,0.2506
seed,metis,1,base_r3,10567,335,0.3072,676,51.4164,0.3538,2.9197,5.0,0.0778,0.726,0.9689,0.9974,1.0,1.0,0.0937,0.2072,0.2842,0.3252,0.3301
seed,metis,1,hash_aff,10567,335,0.3072,397,25.2917,0.1529,3.2219,5.0,0.0663,0.6587,0.9564,0.9961,0.9998,1.0,0.0642,0.1293,0.186,0.23,0.2367
seed,metis,1,aff,10567,335,0.3072,397,21.857,0.2553,3.0824,5.0,0.0791,0.7128,0.9672,0.9972,0.9998,1.0,0.068,0.1395,0.1997,0.2462,0.2528
seed,metis,1,aff_r2,10567,335,0.3072,397,35.7575,0.3102,2.9171,5.0,0.0871,0.7581,0.9751,0.998,0.9999,1.0,0.1135,0.2244,0.3054,0.3553,0.3615
seed,metis,1,aff_r3,10567,335,0.3072,397,47.506,0.3596,2.8034,5.0,0.0934,0.7871,0.9804,0.9985,1.0,1.0,0.1537,0.3034,0.4045,0.4589,0.4641
seed,metis,1,hash_bal,10567,335,0.3072,140,23.7697,0.2628,3.2011,5.0,0.0668,0.6982,0.9651,0.9971,0.9998,1.0,0.1704,0.3338,0.4616,0.5548,0.5677
seed,metis,1,bal,10567,335,0.3072,140,20.9069,0.15,3.053,5.0,0.0812,0.7414,0.9733,0.9978,0.9998,1.0,0.1492,0.2864,0.3838,0.448,0.4559
seed,metis,2,hash_base,10567,335,0.3072,676,25.669,0.1528,3.2257,5.0,0.0658,0.6516,0.9549,0.9958,0.9998,1.0,0.0391,0.0799,0.1162,0.1453,0.1498
seed,metis,2,base,10567,335,0.3072,676,25.1284,0.1855,3.1858,5.0,0.0665,0.6604,0.9559,0.9959,0.9997,1.0,0.0392,0.0887,0.1307,0.1626,0.1676
seed,metis,2,base_r2,10567,335,0.3072,676,39.3829,0.2424,3.0295,5.0,0.0727,0.7004,0.9634,0.9968,0.9999,1.0,0.0668,0.1484,0.2088,0.2455,0.2506
seed,metis,2,base_r3,10567,335,0.3072,676,51.4164,0.3538,2.9197,5.0,0.0778,0.726,0.9689,0.9974,1.0,1.0,0.0937,0.2072,0.2842,0.3252,0.3301
seed,metis,2,hash_aff,10567,335,0.3072,397,25.2917,0.1529,3.2219,5.0,0.0663,0.6587,0.9564,0.9961,0.9998,1.0,0.0642,0.1293,0.186,0.23,0.2367
seed,metis,2,aff,10567,335,0.3072,397,21.857,0.2553,3.0824,5.0,0.0791,0.7128,0.9672,0.9972,0.9998,1.0,0.068,0.1395,0.1997,0.2462,0.2528
seed,metis,2,aff_r2,10567,335,0.3072,397,35.7575,0.3102,2.9171,5.0,0.0871,0.7581,0.9751,0.998,0.9999,1.0,0.1135,0.2244,0.3054,0.3553,0.3615
seed,metis,2,aff_r3,10567,335,0.3072,397,47.506,0.3596,2.8034,5.0,0.0934,0.7871,0.9804,0.9985,1.0,1.0,0.1537,0.3034,0.4045,0.4589,0.4641
seed,metis,2,hash_bal,10567,335,0.3072,140,23.7697,0.2628,3.2011,5.0,0.0668,0.6982,0.9651,0.9971,0.9998,1.0,0.1704,0.3338,0.4616,0.5548,0.5677
seed,metis,2,bal,10567,335,0.3072,140,20.9035,0.15,3.0532,5.0,0.0811,0.7418,0.9728,0.9978,0.9998,1.0,0.1493,0.2865,0.384,0.448,0.4558
seed,metis,3,hash_base,10567,335,0.3072,676,25.669,0.1528,3.2257,5.0,0.0658,0.6516,0.9549,0.9958,0.9998,1.0,0.0391,0.0799,0.1162,0.1453,0.1498
seed,metis,3,base,10567,335,0.3072,676,25.1284,0.1855,3.1858,5.0,0.0665,0.6604,0.9559,0.9959,0.9997,1.0,0.0392,0.0887,0.1307,0.1626,0.1676
seed,metis,3,base_r2,10567,335,0.3072,676,39.3829,0.2424,3.0295,5.0,0.0727,0.7004,0.9634,0.9968,0.9999,1.0,0.0668,0.1484,0.2088,0.2455,0.2506
seed,metis,3,base_r3,10567,335,0.3072,676,51.4164,0.3538,2.9197,5.0,0.0778,0.726,0.9689,0.9974,1.0,1.0,0.0937,0.2072,0.2842,0.3252,0.3301
seed,metis,3,hash_aff,10567,335,0.3072,397,25.2917,0.1529,3.2219,5.0,0.0663,0.6587,0.9564,0.9961,0.9998,1.0,0.0642,0.1293,0.186,0.23,0.2367
seed,metis,3,aff,10567,335,0.3072,397,21.857,0.2553,3.0824,5.0,0.0791,0.7128,0.9672,0.9972,0.9998,1.0,0.068,0.1395,0.1997,0.2462,0.2528
seed,metis,3,aff_r2,10567,335,0.3072,397,35.7575,0.3102,2.9171,5.0,0.0871,0.7581,0.9751,0.998,0.9999,1.0,0.1135,0.2244,0.3054,0.3553,0.3615
seed,metis,3,aff_r3,10567,335,0.3072,397,47.506,0.3596,2.8034,5.0,0.0934,0.7871,0.9804,0.9985,1.0,1.0,0.1537,0.3034,0.4045,0.4589,0.4641
seed,metis,3,hash_bal,10567,335,0.3072,140,23.7697,0.2628,3.2011,5.0,0.0668,0.6982,0.9651,0.9971,0.9998,1.0,0.1704,0.3338,0.4616,0.5548,0.5677
seed,metis,3,bal,10567,335,0.3072,140,20.9059,0.15,3.0517,5.0,0.0812,0.7416,0.9733,0.9978,0.9998,1.0,0.1493,0.2864,0.3838,0.4478,0.4557
n_parts,metis,341,hash_base,10567,335,0.3072,676,25.669,0.1528,3.2257,5.0,0.0658,0.6516,0.9549,0.9958,0.9998,1.0,0.0391,0.0799,0.1162,0.1453,0.1498
n_parts,metis,341,base,10567,335,0.3072,676,25.1284,0.1855,3.1858,5.0,0.0665,0.6604,0.9559,0.9959,0.9997,1.0,0.0392,0.0887,0.1307,0.1626,0.1676
n_parts,metis,341,base_r2,10567,335,0.3072,676,39.3829,0.2424,3.0295,5.0,0.0727,0.7004,0.9634,0.9968,0.9999,1.0,0.0668,0.1484,0.2088,0.2455,0.2506
n_parts,metis,341,base_r3,10567,335,0.3072,676,51.4164,0.3538,2.9197,5.0,0.0778,0.726,0.9689,0.9974,1.0,1.0,0.0937,0.2072,0.2842,0.3252,0.3301
n_parts,metis,341,hash_aff,10567,335,0.3072,397,25.2917,0.1529,3.2219,5.0,0.0663,0.6587,0.9564,0.9961,0.9998,1.0,0.0642,0.1293,0.186,0.23,0.2367
n_parts,metis,341,aff,10567,335,0.3072,397,21.857,0.2553,3.0824,5.0,0.0791,0.7128,0.9672,0.9972,0.9998,1.0,0.068,0.1395,0.1997,0.2462,0.2528
n_parts,metis,341,aff_r2,10567,335,0.3072,397,35.7575,0.3102,2.9171,5.0,0.0871,0.7581,0.9751,0.998,0.9999,1.0,0.1135,0.2244,0.3054,0.3553,0.3615
n_parts,metis,341,aff_r3,10567,335,0.3072,397,47.506,0.3596,2.8034,5.0,0.0934,0.7871,0.9804,0.9985,1.0,1.0,0.1537,0.3034,0.4045,0.4589,0.4641
n_parts,metis,341,hash_bal,10567,335,0.3072,140,23.7697,0.2628,3.2011,5.0,0.0668,0.6982,0.9651,0.9971,0.9998,1.0,0.1704,0.3338,0.4616,0.5548,0.5677
n_parts,metis,341,bal,10567,335,0.3072,140,20.9114,0.15,3.0538,5.0,0.0811,0.7431,0.9732,0.9978,0.9998,1.0,0.1493,0.2865,0.3838,0.4484,0.4561
n_parts,metis,361,hash_base,10567,355,0.3072,716,25.7044,0.1502,3.2285,5.0,0.066,0.6487,0.9535,0.9954,0.9997,1.0,0.0368,0.0755,0.1101,0.138,0.1424
n_parts,metis,361,base,10567,355,0.3072,716,24.6855,0.1787,3.1059,5.0,0.0696,0.6776,0.9591,0.9961,0.9997,1.0,0.0366,0.0801,0.1158,0.1413,0.1451
n_parts,metis,361,base_r2,10567,355,0.3072,716,37.9708,0.2223,2.9606,5.0,0.0762,0.7157,0.9652,0.9969,0.9999,1.0,0.0613,0.1351,0.1903,0.2226,0.2266
n_parts,metis,361,base_r3,10567,355,0.3072,716,49.3612,0.2733,2.8725,5.0,0.0821,0.7355,0.9697,0.9974,1.0,1.0,0.0845,0.1809,0.2469,0.2819,0.2859
n_parts,metis,361,hash_aff,10567,355,0.3072,415,25.3183,0.1809,3.2239,5.0,0.0658,0.6585,0.9563,0.9963,0.9997,1.0,0.0619,0.1253,0.1798,0.2222,0.2287
n_parts,metis,361,aff,10567,355,0.3072,415,21.3978,0.2491,2.9943,5.0,0.0834,0.7289,0.9699,0.9974,0.9998,1.0,0.0638,0.1325,0.1875,0.2285,0.2332
n_parts,metis,361,aff_r2,10567,355,0.3072,415,34.3162,0.2689,2.839,5.0,0.0913,0.7728,0.9768,0.9981,1.0,1.0,0.1047,0.2099,0.2859,0.3316,0.3361
n_parts,metis,361,aff_r3,10567,355,0.3072,415,45.4332,0.3175,2.7477,5.0,0.0988,0.7962,0.9807,0.9986,1.0,1.0,0.141,0.2771,0.3683,0.4174,0.4216
n_parts,metis,361,hash_bal,10567,355,0.3072,137,23.69,0.2863,3.1994,5.0,0.0665,0.698,0.9645,0.9971,0.9999,1.0,0.1736,0.3398,0.4697,0.5639,0.5769
n_parts,metis,361,bal,10567,355,0.3072,137,20.4074,0.15,2.9765,5.0,0.084,0.7552,0.9751,0.998,0.9999,1.0,0.149,0.2854,0.3791,0.4368,0.4434
n_parts,metis,444,hash_base,10567,432,0.3072,876,25.7833,0.1546,3.228,5.0,0.0656,0.6487,0.9534,0.9955,0.9997,1.0,0.03,0.0622,0.0929,0.1184,0.1227
n_parts,metis,444,base,10567,432,0.3072,876,25.1804,0.1792,3.1802,5.0,0.0665,0.66,0.9561,0.9959,0.9997,1.0,0.0308,0.0728,0.1116,0.1416,0.1464
n_parts,metis,444,base_r2,10567,432,0.3072,876,39.5122,0.3094,3.0263,5.0,0.0712,0.6995,0.9644,0.9969,0.9998,1.0,0.0538,0.1214,0.1731,0.2049,0.2092
n_parts,metis,444,base_r3,10567,432,0.3072,876,51.668,0.4037,2.9307,5.0,0.0763,0.724,0.9686,0.9973,0.9999,1.0,0.0772,0.1691,0.2346,0.2696,0.2737
n_parts,metis,444,hash_aff,10567,432,0.3072,490,25.4472,0.1815,3.2239,5.0,0.0656,0.6565,0.9558,0.9957,0.9998,1.0,0.0529,0.1089,0.1575,0.1959,0.2019
n_parts,metis,444,aff,10567,432,0.3072,490,21.8938,0.3169,3.0934,5.0,0.0765,0.7081,0.9667,0.9974,0.9999,1.0,0.0538,0.1148,0.1714,0.2169,0.223
n_parts,metis,444,aff_r2,10567,432,0.3072,490,35.9299,0.337,2.9325,5.0,0.0839,0.7507,0.9748,0.9981,0.9999,1.0,0.0909,0.184,0.2566,0.303,0.3078
n_parts,metis,444,aff_r3,10567,432,0.3072,490,47.8435,0.4056,2.8316,5.0,0.0908,0.7786,0.9791,0.9985,0.9999,1.0,0.1256,0.2501,0.3397,0.3883,0.3926
n_parts,metis,444,hash_bal,10567,432,0.3072,140,23.7697,0.2628,3.2011,5.0,0.0668,0.6982,0.9651,0.9971,0.9998,1.0,0.1704,0.3338,0.4616,0.5548,0.5677
n_parts,metis,444,bal,10567,432,0.3072,140,20.9613,0.15,3.0776,5.0,0.0788,0.7368,0.9733,0.9981,1.0,1.0,0.1498,0.2877,0.387,0.4528,0.4608
n_parts,metis,569,hash_base,10567,559,0.3072,1127,25.8825,0.1611,3.2291,5.0,0.0661,0.6453,0.9529,0.9956,0.9997,1.0,0.024,0.0512,0.0782,0.1009,0.1046
n_parts,metis,569,base,10567,559,0.3072,1127,24.9774,0.1825,3.1259,5.0,0.0693,0.6709,0.957,0.996,0.9999,1.0,0.0236,0.053,0.0797,0.0995,0.1027
n_parts,metis,569,base_r2,10567,559,0.3072,1127,38.9367,0.2248,2.9826,5.0,0.0743,0.7061,0.9642,0.9967,0.9999,1.0,0.0419,0.0935,0.1334,0.1587,0.162
n_parts,metis,569,base_r3,10567,559,0.3072,1127,50.8875,0.2945,2.9014,5.0,0.0817,0.7253,0.968,0.9971,0.9999,1.0,0.057,0.1247,0.1732,0.2011,0.2045
n_parts,metis,569,hash_aff,10567,559,0.3072,622,25.6149,0.1773,3.2288,5.0,0.0658,0.6518,0.954,0.9957,0.9997,1.0,0.0424,0.0863,0.1261,0.1579,0.1631
n_parts,metis,569,aff,10567,559,0.3072,622,21.8713,0.2488,3.0226,5.0,0.0821,0.7206,0.9687,0.9973,0.9999,1.0,0.0416,0.0859,0.1256,0.1559,0.16
n_parts,metis,569,aff_r2,10567,559,0.3072,622,35.5556,0.2596,2.8763,5.0,0.0883,0.7574,0.9753,0.9978,1.0,1.0,0.0718,0.1436,0.1988,0.2342,0.2381
n_parts,metis,569,aff_r3,10567,559,0.3072,622,47.2894,0.2986,2.7898,5.0,0.0968,0.7791,0.9788,0.9981,1.0,1.0,0.0955,0.1886,0.2546,0.2925,0.2961
n_parts,metis,569,hash_bal,10567,559,0.3072,138,23.7083,0.2801,3.2048,5.0,0.067,0.6957,0.9646,0.9969,0.9998,1.0,0.1726,0.3397,0.4694,0.563,0.5764
n_parts,metis,569,bal,10567,559,0.3072,138,20.5488,0.15,2.9972,5.0,0.0832,0.7543,0.9757,0.9983,0.9999,1.0,0.1485,0.285,0.3804,0.4396,0.4463
n_parts,metis,754,hash_base,10567,718,0.3072,1472,25.9684,0.1307,3.2294,5.0,0.0658,0.6446,0.9524,0.9954,0.9997,1.0,0.0187,0.041,0.0635,0.0831,0.0864
n_parts,metis,754,base,10567,718,0.3072,1472,25.3877,0.1683,3.1741,5.0,0.0678,0.6579,0.9548,0.9956,0.9997,1.0,0.0193,0.0493,0.0781,0.1007,0.1045
n_parts,metis,754,base_r2,10567,718,0.3072,1472,40.2752,0.2409,3.0387,5.0,0.073,0.6929,0.9612,0.9964,0.9999,1.0,0.0358,0.0815,0.1189,0.1435,0.1468
n_parts,metis,754,base_r3,10567,718,0.3072,1472,52.9333,0.2988,2.9531,5.0,0.0775,0.7147,0.9659,0.997,0.9999,1.0,0.0519,0.1142,0.1606,0.1882,0.1914
n_parts,metis,754,hash_aff,10567,718,0.3072,785,25.7365,0.1364,3.2263,5.0,0.0656,0.6502,0.9537,0.9955,0.9997,1.0,0.0338,0.0705,0.1045,0.1322,0.1368
n_parts,metis,754,aff,10567,718,0.3072,785,22.3826,0.2332,3.0847,5.0,0.0786,0.7024,0.9659,0.9968,0.9998,1.0,0.0339,0.0773,0.1184,0.1508,0.1556
n_parts,metis,754,aff_r2,10567,718,0.3072,785,37.0445,0.2448,2.9437,5.0,0.0849,0.7404,0.972,0.9977,1.0,1.0,0.0604,0.1239,0.1752,0.2093,0.2135
n_parts,metis,754,aff_r3,10567,718,0.3072,785,49.514,0.3022,2.8525,5.0,0.0904,0.7643,0.9764,0.9981,1.0,1.0,0.0841,0.1684,0.2312,0.2687,0.2727
n_parts,metis,754,hash_bal,10567,718,0.3072,141,23.7848,0.2847,3.2058,5.0,0.067,0.6948,0.965,0.9972,0.9999,1.0,0.1689,0.3301,0.4573,0.5485,0.5612
n_parts,metis,754,bal,10567,718,0.3072,141,21.0177,0.15,3.0509,5.0,0.0809,0.7411,0.9736,0.9978,0.9999,1.0,0.1487,0.2859,0.3841,0.4474,0.4552
n_parts,metis,1113,hash_base,10567,1029,0.3072,2142,26.0308,0.1211,3.2308,5.0,0.0655,0.642,0.9519,0.9953,0.9997,1.0,0.0129,0.0302,0.0495,0.067,0.0701
n_parts,metis,1113,base,10567,1029,0.3072,2142,25.6048,0.1413,3.1835,5.0,0.0671,0.6539,0.9547,0.9957,0.9997,1.0,0.0131,0.0328,0.0533,0.0709,0.0739
n_parts,metis,1113,base_r2,10567,1029,0.3072,2142,40.7409,0.1961,3.0527,5.0,0.072,0.6867,0.9601,0.9961,0.9998,1.0,0.0243,0.0569,0.0857,0.1057,0.1086
n_parts,metis,1113,base_r3,10567,1029,0.3072,2142,54.0286,0.2584,2.9708,5.0,0.0752,0.7083,0.9646,0.9967,0.9999,1.0,0.036,0.081,0.1159,0.1375,0.1405
n_parts,metis,1113,hash_aff,10567,1029,0.3072,1094,25.8759,0.1398,3.2299,5.0,0.0658,0.6455,0.9525,0.9954,0.9997,1.0,0.0242,0.0516,0.0788,0.1019,0.1057
n_parts,metis,1113,aff,10567,1029,0.3072,1094,22.6683,0.2396,3.0878,5.0,0.0791,0.6953,0.9657,0.9967,0.9997,1.0,0.0246,0.0562,0.0894,0.119,0.1234
n_parts,metis,1113,aff_r2,10567,1029,0.3072,1094,37.6098,0.2623,2.9506,5.0,0.0867,0.7314,0.9707,0.9973,0.9998,1.0,0.0433,0.0924,0.1365,0.168,0.1719
n_parts,metis,1113,aff_r3,10567,1029,0.3072,1094,50.7339,0.2802,2.8625,5.0,0.0906,0.755,0.9753,0.9977,0.9999,1.0,0.0606,0.1261,0.1782,0.2106,0.2143
n_parts,metis,1113,hash_bal,10567,1029,0.3072,141,23.7848,0.2847,3.2058,5.0,0.067,0.6948,0.965,0.9972,0.9999,1.0,0.1689,0.3301,0.4573,0.5485,0.5612
n_parts,metis,1113,bal,10567,1029,0.3072,141,21.1199,0.15,3.055,5.0,0.0809,0.7358,0.975,0.9979,0.9999,1.0,0.1498,0.2875,0.3853,0.4498,0.4576
train_size,metis,115959,hash_base,10567,335,0.3072,676,25.669,0.1528,3.2257,5.0,0.0658,0.6516,0.9549,0.9958,0.9998,1.0,0.0391,0.0799,0.1162,0.1453,0.1498
train_size,metis,115959,base,10567,335,0.3072,676,25.1284,0.1855,3.1858,5.0,0.0665,0.6604,0.9559,0.9959,0.9997,1.0,0.0392,0.0887,0.1307,0.1626,0.1676
train_size,metis,115959,base_r2,10567,335,0.3072,676,39.3829,0.2424,3.0295,5.0,0.0727,0.7004,0.9634,0.9968,0.9999,1.0,0.0668,0.1484,0.2088,0.2455,0.2506
train_size,metis,115959,base_r3,10567,335,0.3072,676,51.4164,0.3538,2.9197,5.0,0.0778,0.726,0.9689,0.9974,1.0,1.0,0.0937,0.2072,0.2842,0.3252,0.3301
train_size,metis,115959,hash_aff,10567,335,0.3072,397,25.2917,0.1529,3.2219,5.0,0.0663,0.6587,0.9564,0.9961,0.9998,1.0,0.0642,0.1293,0.186,0.23,0.2367
train_size,metis,115959,aff,10567,335,0.3072,397,21.857,0.2553,3.0824,5.0,0.0791,0.7128,0.9672,0.9972,0.9998,1.0,0.068,0.1395,0.1997,0.2462,0.2528
train_size,metis,115959,aff_r2,10567,335,0.3072,397,35.7575,0.3102,2.9171,5.0,0.0871,0.7581,0.9751,0.998,0.9999,1.0,0.1135,0.2244,0.3054,0.3553,0.3615
train_size,metis,115959,aff_r3,10567,335,0.3072,397,47.506,0.3596,2.8034,5.0,0.0934,0.7871,0.9804,0.9985,1.0,1.0,0.1537,0.3034,0.4045,0.4589,0.4641
train_size,metis,115959,hash_bal,10567,335,0.3072,140,23.7697,0.2628,3.2011,5.0,0.0668,0.6982,0.9651,0.9971,0.9998,1.0,0.1704,0.3338,0.4616,0.5548,0.5677
train_size,metis,115959,bal,10567,335,0.3072,140,20.9114,0.15,3.0538,5.0,0.0811,0.7431,0.9732,0.9978,0.9998,1.0,0.1493,0.2865,0.3838,0.4484,0.4561
train_size,metis,10000,hash_base,1153,282,0.0289,623,25.6187,0.1654,3.2262,5.0,0.0661,0.6522,0.9546,0.9957,0.9998,1.0,0.0414,0.0858,0.1266,0.16,0.1654
train_size,metis,10000,base,1153,282,0.0289,623,25.2219,0.1776,3.1789,5.0,0.066,0.6687,0.9584,0.9962,0.9998,1.0,0.0514,0.0979,0.1364,0.1662,0.1705
train_size,metis,10000,base_r2,1153,282,0.0289,623,29.3417,0.2304,3.1119,5.0,0.0668,0.6873,0.9616,0.9964,0.9998,1.0,0.0582,0.1138,0.159,0.193,0.1977
train_size,metis,10000,base_r3,1153,282,0.0289,623,31.7554,0.2766,3.086,5.0,0.0675,0.6938,0.9626,0.9965,0.9998,1.0,0.0624,0.1223,0.1713,0.2071,0.212
train_size,metis,10000,hash_aff,1153,282,0.0289,622,25.6149,0.1773,3.2288,5.0,0.0658,0.6518,0.954,0.9957,0.9997,1.0,0.0424,0.0863,0.1261,0.1579,0.1631
train_size,metis,10000,aff,1153,282,0.0289,622,18.835,0.3654,2.9207,5.0,0.0876,0.7615,0.9756,0.9981,1.0,1.0,0.0892,0.1785,0.2518,0.3011,0.3062
train_size,metis,10000,aff_r2,1153,282,0.0289,622,22.4984,0.452,2.8393,5.0,0.0954,0.781,0.9788,0.9983,1.0,1.0,0.1115,0.2177,0.2963,0.3461,0.3512
train_size,metis,10000,aff_r3,1153,282,0.0289,622,24.6594,0.4668,2.8067,5.0,0.0988,0.7898,0.9799,0.9984,1.0,1.0,0.1239,0.2402,0.3249,0.3764,0.3815
train_size,metis,10000,hash_bal,1153,282,0.0289,125,23.494,0.2942,3.1942,5.0,0.0671,0.703,0.9665,0.9971,0.9998,1.0,0.1887,0.3687,0.5072,0.6057,0.6193
train_size,metis,10000,bal,1153,282,0.0289,125,18.7116,0.15,2.9222,5.0,0.0883,0.7766,0.9793,0.9984,1.0,1.0,0.1497,0.2861,0.3784,0.4321,0.4374
train_size,metis,30000,hash_base,3549,323,0.1223,664,25.6564,0.1506,3.2245,5.0,0.0656,0.651,0.9543,0.9958,0.9999,1.0,0.0398,0.0817,0.1194,0.1497,0.1546
train_size,metis,30000,base,3549,323,0.1223,664,25.2114,0.1759,3.1725,5.0,0.0665,0.6654,0.957,0.9957,0.9998,1.0,0.0389,0.0806,0.1186,0.1485,0.153
train_size,metis,30000,base_r2,3549,323,0.1223,664,33.9169,0.2851,3.0611,5.0,0.0686,0.6946,0.9633,0.9965,0.9998,1.0,0.0544,0.1145,0.1639,0.1982,0.2028
train_size,metis,30000,base_r3,3549,323,0.1223,664,40.1244,0.4255,2.9933,5.0,0.0712,0.7114,0.9666,0.9968,0.9998,1.0,0.0704,0.1457,0.2052,0.2436,0.2485
train_size,metis,30000,hash_aff,3549,323,0.1223,491,25.4751,0.1907,3.2235,5.0,0.0658,0.6558,0.9558,0.996,0.9997,1.0,0.0527,0.1064,0.1543,0.1928,0.1986
train_size,metis,30000,aff,3549,323,0.1223,491,20.2279,0.3894,2.9952,5.0,0.0835,0.7386,0.9725,0.9977,0.9999,1.0,0.0716,0.1471,0.2125,0.2606,0.2658
train_size,metis,30000,aff_r2,3549,323,0.1223,491,28.4614,0.4439,2.8759,5.0,0.089,0.7689,0.9783,0.9983,1.0,1.0,0.1035,0.2062,0.2836,0.3339,0.3389
train_size,metis,30000,aff_r3,3549,323,0.1223,491,34.3502,0.497,2.7965,5.0,0.0945,0.7875,0.9815,0.9985,1.0,1.0,0.1296,0.2542,0.3446,0.3986,0.4032
train_size,metis,30000,hash_bal,3549,323,0.1223,131,23.5932,0.2766,3.1997,5.0,0.0668,0.7023,0.9659,0.9971,0.9998,1.0,0.1809,0.3527,0.4869,0.5838,0.5972
train_size,metis,30000,bal,3549,323,0.1223,131,19.5835,0.15,2.9847,5.0,0.0858,0.7643,0.9776,0.9983,1.0,1.0,0.1495,0.2861,0.3814,0.4399,0.4462
train_size,metis,70000,hash_base,7368,335,0.2424,675,25.6601,0.1581,3.2273,5.0,0.0656,0.6509,0.954,0.9957,0.9998,1.0,0.0386,0.0797,0.1176,0.1481,0.1531
train_size,metis,70000,base,7368,335,0.2424,675,24.8655,0.1676,3.1247,5.0,0.0681,0.6752,0.9588,0.9963,0.9998,1.0,0.0374,0.0803,0.1168,0.1435,0.1476
train_size,metis,70000,base_r2,7368,335,0.2424,675,36.7604,0.2555,2.9969,5.0,0.0725,0.7075,0.9646,0.9968,0.9999,1.0,0.0576,0.1262,0.1784,0.2111,0.2153
train_size,metis,70000,base_r3,7368,335,0.2424,675,46.4546,0.3054,2.9209,5.0,0.077,0.7234,0.9677,0.9971,0.9999,1.0,0.0756,0.1624,0.2243,0.2593,0.2638
train_size,metis,70000,hash_aff,7368,335,0.2424,412,25.335,0.1691,3.2201,5.0,0.0658,0.6597,0.956,0.9961,0.9998,1.0,0.0626,0.1263,0.1806,0.2218,0.2281
train_size,metis,70000,aff,7368,335,0.2424,412,21.0749,0.2366,2.9998,5.0,0.083,0.7362,0.9709,0.9975,0.9999,1.0,0.0664,0.1341,0.1906,0.2327,0.2379
train_size,metis,70000,aff_r2,7368,335,0.2424,412,32.5594,0.2703,2.8626,5.0,0.0906,0.7731,0.9765,0.998,0.9999,1.0,0.105,0.2053,0.2784,0.3244,0.329
train_size,metis,70000,aff_r3,7368,335,0.2424,412,41.9247,0.319,2.7797,5.0,0.0972,0.794,0.9803,0.9983,1.0,1.0,0.1368,0.2627,0.348,0.3973,0.402
train_size,metis,70000,hash_bal,7368,335,0.2424,135,23.6701,0.2918,3.1989,5.0,0.0673,0.6988,0.9651,0.9971,0.9999,1.0,0.1759,0.3447,0.4777,0.572,0.5853
train_size,metis,70000,bal,7368,335,0.2424,135,20.1241,0.15,2.9818,5.0,0.085,0.7623,0.976,0.9981,0.9999,1.0,0.1491,0.2855,0.3802,0.4383,0.4446
