method,strategy,slicing,slice,queries,connectivity_min,connectivity_max,terms_mean,known_terms_mean,fanout_mean,single_shard_share,overlap_1,overlap_2,overlap_3,overlap_5,overlap_full,volume_1,volume_2,volume_3,volume_5,volume_full
leiden,hash_base,connectivity,Q1,645,0.0,0.0,2.7085,2.7085,2.7008,0.0016,0.7994,0.9823,0.9977,1.0,1.0,0.0394,0.0829,0.1082,0.1177,0.1186
leiden,hash_base,connectivity,Q2,264,0.0049,0.084,4.178,4.178,4.1705,0.0,0.6697,0.9462,0.9947,1.0,1.0,0.0397,0.082,0.1353,0.1969,0.2066
leiden,hash_base,connectivity,Q3,454,0.0841,0.1758,3.7819,3.7819,3.7819,0.0,0.7207,0.9714,0.9982,1.0,1.0,0.0395,0.0824,0.1317,0.1775,0.1811
leiden,hash_base,connectivity,Q4,454,0.1758,0.9216,3.3767,3.3767,3.3458,0.0,0.8295,0.9914,1.0,1.0,1.0,0.041,0.0864,0.1307,0.1593,0.1608
leiden,hash_base,connectivity,out_of_graph,4221,,,3.2289,3.2092,3.2033,0.0815,0.5955,0.9443,0.9948,0.9996,1.0,0.0381,0.0796,0.1156,0.1459,0.1516
leiden,hash_base,connectivity,single_term,55,,,1.0,1.0,1.0,1.0,1.0,1.0,1.0,1.0,1.0,0.036,0.036,0.036,0.036,0.036
leiden,hash_base,terms,1,375,,,1.0,1.0,1.0,1.0,1.0,1.0,1.0,1.0,1.0,0.0366,0.0366,0.0366,0.0366,0.0366
leiden,hash_base,terms,2,1346,,,2.0,1.9829,1.9822,0.0178,0.7301,1.0,1.0,1.0,1.0,0.0386,0.0887,0.0887,0.0887,0.0887
leiden,hash_base,terms,3,2100,,,3.0,2.9871,2.9781,0.0005,0.619,0.9874,1.0,1.0,1.0,0.0392,0.0833,0.1403,0.1403,0.1403
leiden,hash_base,terms,4,1398,,,4.0,3.9871,3.9778,0.0,0.5974,0.9223,0.9996,1.0,1.0,0.0385,0.0801,0.1285,0.1902,0.1902
leiden,hash_base,terms,5+,874,,,5.5206,5.5034,5.4886,0.0,0.54,0.837,0.9711,0.9981,1.0,0.0383,0.0795,0.1225,0.2345,0.2684
leiden,base,connectivity,Q1,645,0.0,0.0,2.7085,2.7085,2.2837,0.1395,0.9422,0.9984,1.0,1.0,1.0,0.5599,1.0197,1.21,1.2644,1.2654
leiden,base,connectivity,Q2,264,0.0049,0.084,4.178,4.178,2.875,0.1098,0.9436,0.9958,0.9992,1.0,1.0,0.5949,1.0841,1.4298,1.6242,1.6318
leiden,base,connectivity,Q3,454,0.0841,0.1758,3.7819,3.7819,2.3062,0.1872,0.9742,0.9991,1.0,1.0,1.0,0.587,1.0313,1.2532,1.3119,1.3119
leiden,base,connectivity,Q4,454,0.1758,0.9216,3.3767,3.3767,1.6233,0.511,0.9919,1.0,1.0,1.0,1.0,0.5843,0.8555,0.9235,0.9322,0.9322
leiden,base,connectivity,out_of_graph,4221,,,3.2289,3.2092,2.8031,0.0827,0.7219,0.9752,0.999,1.0,1.0,0.25,0.5391,0.7197,0.806,0.8144
leiden,base,connectivity,single_term,55,,,1.0,1.0,1.0,1.0,1.0,1.0,1.0,1.0,1.0,0.521,0.521,0.521,0.521,0.521
leiden,base,terms,1,375,,,1.0,1.0,1.0,1.0,1.0,1.0,1.0,1.0,1.0,0.0983,0.0983,0.0983,0.0983,0.0983
leiden,base,terms,2,1346,,,2.0,1.9829,1.8841,0.1159,0.7408,1.0,1.0,1.0,1.0,0.2185,0.5496,0.5496,0.5496,0.5496
leiden,base,terms,3,2100,,,3.0,2.9871,2.52,0.0862,0.7493,0.9902,1.0,1.0,1.0,0.3522,0.6992,0.8952,0.8952,0.8952
leiden,base,terms,4,1398,,,4.0,3.9871,3.0558,0.073,0.8102,0.9624,0.9998,1.0,1.0,0.4342,0.7786,1.0618,1.1893,1.1893
leiden,base,terms,5+,874,,,5.5206,5.5034,3.9222,0.0297,0.8848,0.9608,0.9951,1.0,1.0,0.5221,0.8823,1.2262,1.573,1.6167
leiden,base_r2,connectivity,Q1,645,0.0,0.0,2.7085,2.7085,1.8682,0.3132,0.9806,1.0,1.0,1.0,1.0,0.8029,1.3514,1.4876,1.5053,1.5053
leiden,base_r2,connectivity,Q2,264,0.0049,0.084,4.178,4.178,2.1364,0.2576,0.9917,1.0,1.0,1.0,1.0,0.8358,1.4252,1.6954,1.7515,1.7515
leiden,base_r2,connectivity,Q3,454,0.0841,0.1758,3.7819,3.7819,1.7048,0.4273,0.9943,1.0,1.0,1.0,1.0,0.8136,1.2821,1.3941,1.3978,1.3978
leiden,base_r2,connectivity,Q4,454,0.1758,0.9216,3.3767,3.3767,1.2952,0.7137,1.0,1.0,1.0,1.0,1.0,0.8061,1.0443,1.0515,1.0515,1.0515
leiden,base_r2,connectivity,out_of_graph,4221,,,3.2289,3.2092,2.5774,0.0836,0.7723,0.9842,0.9998,1.0,1.0,0.3929,0.7315,0.9168,0.9748,0.9792
leiden,base_r2,connectivity,single_term,55,,,1.0,1.0,1.0,1.0,1.0,1.0,1.0,1.0,1.0,0.7721,0.7721,0.7721,0.7721,0.7721
leiden,base_r2,terms,1,375,,,1.0,1.0,1.0,1.0,1.0,1.0,1.0,1.0,1.0,0.1351,0.1351,0.1351,0.1351,0.1351
leiden,base_r2,terms,2,1346,,,2.0,1.9829,1.8195,0.1805,0.7451,1.0,1.0,1.0,1.0,0.3076,0.7353,0.7353,0.7353,0.7353
leiden,base_r2,terms,3,2100,,,3.0,2.9871,2.2743,0.1586,0.7942,0.9911,1.0,1.0,1.0,0.5254,0.9142,1.082,1.082,1.082
leiden,base_r2,terms,4,1398,,,4.0,3.9871,2.6223,0.1302,0.8835,0.975,1.0,1.0,1.0,0.6662,1.0321,1.2916,1.361,1.361
leiden,base_r2,terms,5+,874,,,5.5206,5.5034,3.2025,0.0721,0.9538,0.9852,0.9991,1.0,1.0,0.7727,1.1795,1.5006,1.7016,1.7231
leiden,base_r3,connectivity,Q1,645,0.0,0.0,2.7085,2.7085,1.6992,0.4124,0.9879,1.0,1.0,1.0,1.0,0.8776,1.3889,1.4885,1.49,1.49
leiden,base_r3,connectivity,Q2,264,0.0049,0.084,4.178,4.178,1.7917,0.3712,0.9973,1.0,1.0,1.0,1.0,0.9131,1.4437,1.5711,1.5924,1.5924
leiden,base_r3,connectivity,Q3,454,0.0841,0.1758,3.7819,3.7819,1.4648,0.5793,0.9982,1.0,1.0,1.0,1.0,0.8881,1.2589,1.2972,1.2991,1.2991
leiden,base_r3,connectivity,Q4,454,0.1758,0.9216,3.3767,3.3767,1.1674,0.8348,1.0,1.0,1.0,1.0,1.0,0.8798,1.0269,1.0288,1.0288,1.0288
leiden,base_r3,connectivity,out_of_graph,4221,,,3.2289,3.2092,2.4842,0.0841,0.7878,0.986,0.9999,1.0,1.0,0.45,0.7773,0.9354,0.9775,0.9805
leiden,base_r3,connectivity,single_term,55,,,1.0,1.0,1.0,1.0,1.0,1.0,1.0,1.0,1.0,0.8385,0.8385,0.8385,0.8385,0.8385
leiden,base_r3,terms,1,375,,,1.0,1.0,1.0,1.0,1.0,1.0,1.0,1.0,1.0,0.1448,0.1448,0.1448,0.1448,0.1448
leiden,base_r3,terms,2,1346,,,2.0,1.9829,1.7935,0.2065,0.7464,1.0,1.0,1.0,1.0,0.3352,0.7743,0.7743,0.7743,0.7743
leiden,base_r3,terms,3,2100,,,3.0,2.9871,2.1657,0.2076,0.8062,0.9912,1.0,1.0,1.0,0.587,0.9378,1.0778,1.0778,1.0778
leiden,base_r3,terms,4,1398,,,4.0,3.9871,2.4506,0.1688,0.9052,0.9781,1.0,1.0,1.0,0.7599,1.08,1.2786,1.3284,1.3284
leiden,base_r3,terms,5+,874,,,5.5206,5.5034,2.9085,0.1041,0.9724,0.9886,0.9994,1.0,1.0,0.8635,1.2199,1.462,1.5943,1.6087
leiden,hash_aff,connectivity,Q1,645,0.0,0.0,2.7085,2.7085,2.6977,0.0031,0.8054,0.9845,0.998,1.0,1.0,0.0649,0.1323,0.1679,0.1809,0.182
leiden,hash_aff,connectivity,Q2,264,0.0049,0.084,4.178,4.178,4.1553,0.0,0.678,0.9492,0.9962,1.0,1.0,0.0668,0.1346,0.2116,0.2938,0.3066
leiden,hash_aff,connectivity,Q3,454,0.0841,0.1758,3.7819,3.7819,3.7643,0.0,0.7295,0.9716,0.9985,1.0,1.0,0.0646,0.131,0.2033,0.2613,0.2658
leiden,hash_aff,connectivity,Q4,454,0.1758,0.9216,3.3767,3.3767,3.3722,0.0,0.8273,0.991,1.0,1.0,1.0,0.066,0.1331,0.1985,0.2387,0.2409
leiden,hash_aff,connectivity,out_of_graph,4221,,,3.2289,3.2092,3.1971,0.0817,0.6069,0.9475,0.995,0.9996,1.0,0.0644,0.1288,0.1817,0.225,0.2324
leiden,hash_aff,connectivity,single_term,55,,,1.0,1.0,1.0,1.0,1.0,1.0,1.0,1.0,1.0,0.0635,0.0635,0.0635,0.0635,0.0635
leiden,hash_aff,terms,1,375,,,1.0,1.0,1.0,1.0,1.0,1.0,1.0,1.0,1.0,0.062,0.062,0.062,0.062,0.062
leiden,hash_aff,terms,2,1346,,,2.0,1.9829,1.9807,0.0193,0.7368,1.0,1.0,1.0,1.0,0.0642,0.1369,0.1369,0.1369,0.1369
leiden,hash_aff,terms,3,2100,,,3.0,2.9871,2.98,0.0005,0.629,0.9881,1.0,1.0,1.0,0.0651,0.134,0.2138,0.2138,0.2138
leiden,hash_aff,terms,4,1398,,,4.0,3.9871,3.9671,0.0,0.6079,0.9255,0.9997,1.0,1.0,0.0649,0.1317,0.2039,0.2881,0.2881
leiden,hash_aff,terms,5+,874,,,5.5206,5.5034,5.4714,0.0,0.5546,0.8481,0.973,0.9979,1.0,0.0651,0.1313,0.2007,0.3608,0.4043
leiden,aff,connectivity,Q1,645,0.0,0.0,2.7085,2.7085,2.2837,0.1395,0.9516,0.9992,1.0,1.0,1.0,0.6312,1.1529,1.3661,1.4271,1.4283
leiden,aff,connectivity,Q2,264,0.0049,0.084,4.178,4.178,2.875,0.1098,0.9527,0.9977,1.0,1.0,1.0,0.6687,1.219,1.6049,1.8221,1.8302
leiden,aff,connectivity,Q3,454,0.0841,0.1758,3.7819,3.7819,2.3062,0.1872,0.9789,0.9991,1.0,1.0,1.0,0.6641,1.167,1.4162,1.481,1.481
leiden,aff,connectivity,Q4,454,0.1758,0.9216,3.3767,3.3767,1.6233,0.511,0.9934,1.0,1.0,1.0,1.0,0.6627,0.9686,1.0452,1.0547,1.0547
leiden,aff,connectivity,out_of_graph,4221,,,3.2289,3.2092,2.3648,0.2106,0.8982,0.9953,0.9998,1.0,1.0,0.5702,1.0188,1.2574,1.3536,1.3581
leiden,aff,connectivity,single_term,55,,,1.0,1.0,1.0,1.0,1.0,1.0,1.0,1.0,1.0,0.5816,0.5816,0.5816,0.5816,0.5816
leiden,aff,terms,1,375,,,1.0,1.0,1.0,1.0,1.0,1.0,1.0,1.0,1.0,0.5061,0.5061,0.5061,0.5061,0.5061
leiden,aff,terms,2,1346,,,2.0,1.9829,1.7229,0.2771,0.8909,1.0,1.0,1.0,1.0,0.5591,0.9713,0.9713,0.9713,0.9713
leiden,aff,terms,3,2100,,,3.0,2.9871,2.2,0.1957,0.9048,0.9975,1.0,1.0,1.0,0.5959,1.06,1.2935,1.2935,1.2935
leiden,aff,terms,4,1398,,,4.0,3.9871,2.6788,0.1252,0.9278,0.9929,0.9999,1.0,1.0,0.6159,1.1267,1.4871,1.6159,1.6159
leiden,aff,terms,5+,874,,,5.5206,5.5034,3.4256,0.0526,0.9562,0.9929,0.9993,1.0,1.0,0.6523,1.2234,1.6807,2.0886,2.1139
leiden,aff_r2,connectivity,Q1,645,0.0,0.0,2.7085,2.7085,1.8682,0.3132,0.9828,1.0,1.0,1.0,1.0,0.8311,1.3999,1.54,1.5583,1.5583
leiden,aff_r2,connectivity,Q2,264,0.0049,0.084,4.178,4.178,2.1364,0.2576,0.9924,1.0,1.0,1.0,1.0,0.8616,1.4716,1.7498,1.8075,1.8075
leiden,aff_r2,connectivity,Q3,454,0.0841,0.1758,3.7819,3.7819,1.7048,0.4273,0.9958,1.0,1.0,1.0,1.0,0.8424,1.3271,1.442,1.4458,1.4458
leiden,aff_r2,connectivity,Q4,454,0.1758,0.9216,3.3767,3.3767,1.2952,0.7137,1.0,1.0,1.0,1.0,1.0,0.8354,1.0813,1.0889,1.0889,1.0889
leiden,aff_r2,connectivity,out_of_graph,4221,,,3.2289,3.2092,2.1064,0.2514,0.9341,0.9984,1.0,1.0,1.0,0.7213,1.2554,1.4698,1.5218,1.5227
leiden,aff_r2,connectivity,single_term,55,,,1.0,1.0,1.0,1.0,1.0,1.0,1.0,1.0,1.0,0.7967,0.7967,0.7967,0.7967,0.7967
leiden,aff_r2,terms,1,375,,,1.0,1.0,1.0,1.0,1.0,1.0,1.0,1.0,1.0,0.6339,0.6339,0.6339,0.6339,0.6339
leiden,aff_r2,terms,2,1346,,,2.0,1.9829,1.6233,0.3767,0.9156,1.0,1.0,1.0,1.0,0.7051,1.1603,1.1603,1.1603,1.1603
leiden,aff_r2,terms,3,2100,,,3.0,2.9871,1.9205,0.2981,0.942,0.9986,1.0,1.0,1.0,0.7582,1.2761,1.4382,1.4382,1.4382
leiden,aff_r2,terms,4,1398,,,4.0,3.9871,2.2239,0.2089,0.9683,0.9982,1.0,1.0,1.0,0.793,1.3833,1.6792,1.7207,1.7207
leiden,aff_r2,terms,5+,874,,,5.5206,5.5034,2.7174,0.119,0.9848,0.9987,1.0,1.0,1.0,0.831,1.5042,1.9279,2.1457,2.1501
leiden,aff_r3,connectivity,Q1,645,0.0,0.0,2.7085,2.7085,1.6992,0.4124,0.9891,1.0,1.0,1.0,1.0,0.892,1.4129,1.5141,1.5157,1.5157
leiden,aff_r3,connectivity,Q2,264,0.0049,0.084,4.178,4.178,1.7917,0.3712,0.9977,1.0,1.0,1.0,1.0,0.9258,1.4656,1.595,1.6166,1.6166
leiden,aff_r3,connectivity,Q3,454,0.0841,0.1758,3.7819,3.7819,1.4648,0.5793,0.9996,1.0,1.0,1.0,1.0,0.9033,1.2804,1.3193,1.3212,1.3212
leiden,aff_r3,connectivity,Q4,454,0.1758,0.9216,3.3767,3.3767,1.1674,0.8348,1.0,1.0,1.0,1.0,1.0,0.8954,1.0449,1.0469,1.0469,1.0469
leiden,aff_r3,connectivity,out_of_graph,4221,,,3.2289,3.2092,2.004,0.2755,0.947,0.9989,1.0,1.0,1.0,0.7902,1.3451,1.5355,1.5681,1.5683
leiden,aff_r3,connectivity,single_term,55,,,1.0,1.0,1.0,1.0,1.0,1.0,1.0,1.0,1.0,0.8518,0.8518,0.8518,0.8518,0.8518
leiden,aff_r3,terms,1,375,,,1.0,1.0,1.0,1.0,1.0,1.0,1.0,1.0,1.0,0.6946,0.6946,0.6946,0.6946,0.6946
leiden,aff_r3,terms,2,1346,,,2.0,1.9829,1.5743,0.4257,0.9282,1.0,1.0,1.0,1.0,0.7678,1.2174,1.2174,1.2174,1.2174
leiden,aff_r3,terms,3,2100,,,3.0,2.9871,1.8038,0.359,0.9526,0.9989,1.0,1.0,1.0,0.8223,1.3233,1.4504,1.4504,1.4504
leiden,aff_r3,terms,4,1398,,,4.0,3.9871,2.0615,0.2618,0.9784,0.9991,1.0,1.0,1.0,0.8666,1.4549,1.6942,1.7197,1.7197
leiden,aff_r3,terms,5+,874,,,5.5206,5.5034,2.4188,0.1785,0.9942,0.9991,0.9999,1.0,1.0,0.8996,1.5633,1.9297,2.055,2.056
leiden,hash_bal,connectivity,Q1,645,0.0,0.0,2.7085,2.7085,2.6899,0.0031,0.8268,0.9882,0.9989,1.0,1.0,0.1816,0.3668,0.4611,0.4954,0.4981
leiden,hash_bal,connectivity,Q2,264,0.0049,0.084,4.178,4.178,4.1364,0.0,0.7106,0.9614,0.9958,1.0,1.0,0.1795,0.3644,0.5523,0.7444,0.7721
leiden,hash_bal,connectivity,Q3,454,0.0841,0.1758,3.7819,3.7819,3.7335,0.0,0.7579,0.978,0.9993,1.0,1.0,0.1794,0.3599,0.5436,0.6847,0.6935
leiden,hash_bal,connectivity,Q4,454,0.1758,0.9216,3.3767,3.3767,3.359,0.0022,0.8467,0.9923,1.0,1.0,1.0,0.1802,0.3641,0.5239,0.6198,0.6234
leiden,hash_bal,connectivity,out_of_graph,4221,,,3.2289,3.2092,3.1791,0.0822,0.6503,0.9581,0.9965,0.9998,1.0,0.1789,0.3498,0.4841,0.5829,0.5995
leiden,hash_bal,connectivity,single_term,55,,,1.0,1.0,1.0,1.0,1.0,1.0,1.0,1.0,1.0,0.1872,0.1872,0.1872,0.1872,0.1872
leiden,hash_bal,terms,1,375,,,1.0,1.0,1.0,1.0,1.0,1.0,1.0,1.0,1.0,0.177,0.177,0.177,0.177,0.177
leiden,hash_bal,terms,2,1346,,,2.0,1.9829,1.9785,0.0215,0.7593,1.0,1.0,1.0,1.0,0.1807,0.3675,0.3675,0.3675,0.3675
leiden,hash_bal,terms,3,2100,,,3.0,2.9871,2.9686,0.0005,0.6653,0.99,1.0,1.0,1.0,0.1792,0.3651,0.5604,0.5604,0.5604
leiden,hash_bal,terms,4,1398,,,4.0,3.9871,3.9464,0.0,0.6521,0.9391,0.9998,1.0,1.0,0.1792,0.3623,0.5505,0.7412,0.7412
leiden,hash_bal,terms,5+,874,,,5.5206,5.5034,5.4142,0.0,0.6217,0.883,0.981,0.9991,1.0,0.1793,0.3594,0.5423,0.9212,1.0182
leiden,bal,connectivity,Q1,645,0.0,0.0,2.7085,2.7085,2.6574,0.014,0.8366,0.9888,0.9983,1.0,1.0,0.1499,0.2977,0.3709,0.3967,0.3983
leiden,bal,connectivity,Q2,264,0.0049,0.084,4.178,4.178,3.8826,0.0,0.7723,0.9693,0.9966,1.0,1.0,0.1499,0.2998,0.4463,0.5684,0.5821
leiden,bal,connectivity,Q3,454,0.0841,0.1758,3.7819,3.7819,3.2621,0.0066,0.8652,0.9916,1.0,1.0,1.0,0.1498,0.2987,0.4245,0.4866,0.4889
leiden,bal,connectivity,Q4,454,0.1758,0.9216,3.3767,3.3767,2.5264,0.0947,0.9498,0.9998,1.0,1.0,1.0,0.1499,0.2856,0.359,0.3788,0.3788
leiden,bal,connectivity,out_of_graph,4221,,,3.2289,3.2092,2.8943,0.109,0.7422,0.9738,0.9977,0.9999,1.0,0.1496,0.2831,0.3729,0.427,0.4336
leiden,bal,connectivity,single_term,55,,,1.0,1.0,1.0,1.0,1.0,1.0,1.0,1.0,1.0,0.1495,0.1495,0.1495,0.1495,0.1495
leiden,bal,terms,1,375,,,1.0,1.0,1.0,1.0,1.0,1.0,1.0,1.0,1.0,0.1494,0.1494,0.1494,0.1494,0.1494
leiden,bal,terms,2,1346,,,2.0,1.9829,1.8975,0.1025,0.7969,1.0,1.0,1.0,1.0,0.1496,0.2841,0.2841,0.2841,0.2841
leiden,bal,terms,3,2100,,,3.0,2.9871,2.7114,0.0243,0.7472,0.9937,1.0,1.0,1.0,0.1497,0.2959,0.4062,0.4062,0.4062
leiden,bal,terms,4,1398,,,4.0,3.9871,3.4979,0.0043,0.7606,0.9597,0.9999,1.0,1.0,0.1497,0.299,0.438,0.5242,0.5242
leiden,bal,terms,5+,874,,,5.5206,5.5034,4.7208,0.0,0.7725,0.931,0.987,0.9994,1.0,0.1498,0.2996,0.4477,0.6695,0.7076
cpm,hash_base,connectivity,Q1,645,0.0,0.0,2.7085,2.7085,2.7085,0.0,0.7919,0.9825,0.9975,1.0,1.0,0.0071,0.0192,0.0278,0.0317,0.0321
cpm,hash_base,connectivity,Q2,264,0.0049,0.084,4.178,4.178,4.178,0.0,0.6561,0.9432,0.9943,0.9996,1.0,0.0067,0.0183,0.0391,0.0674,0.0718
cpm,hash_base,connectivity,Q3,454,0.0841,0.1758,3.7819,3.7819,3.7819,0.0,0.7106,0.9689,0.9978,1.0,1.0,0.0077,0.019,0.0392,0.061,0.0631
cpm,hash_base,connectivity,Q4,454,0.1758,0.9216,3.3767,3.3767,3.3767,0.0,0.8198,0.9905,1.0,1.0,1.0,0.0073,0.019,0.0395,0.054,0.0549
cpm,hash_base,connectivity,out_of_graph,4221,,,3.2289,3.2092,3.208,0.0815,0.584,0.9403,0.9942,0.9995,1.0,0.0065,0.0184,0.0348,0.0507,0.054
cpm,hash_base,connectivity,single_term,55,,,1.0,1.0,1.0,1.0,1.0,1.0,1.0,1.0,1.0,0.0076,0.0076,0.0076,0.0076,0.0076
cpm,hash_base,terms,1,375,,,1.0,1.0,1.0,1.0,1.0,1.0,1.0,1.0,1.0,0.0058,0.0058,0.0058,0.0058,0.0058
cpm,hash_base,terms,2,1346,,,2.0,1.9829,1.9829,0.0171,0.7229,1.0,1.0,1.0,1.0,0.0065,0.0254,0.0254,0.0254,0.0254
cpm,hash_base,terms,3,2100,,,3.0,2.9871,2.9871,0.0005,0.6071,0.987,1.0,1.0,1.0,0.0069,0.019,0.0493,0.0493,0.0493
cpm,hash_base,terms,4,1398,,,4.0,3.9871,3.985,0.0,0.5858,0.9169,0.9995,1.0,1.0,0.0068,0.0163,0.0336,0.0675,0.0675
cpm,hash_base,terms,5+,874,,,5.5206,5.5034,5.5011,0.0,0.523,0.8245,0.9682,0.9977,1.0,0.0071,0.0158,0.0277,0.0808,0.1001
cpm,base,connectivity,Q1,645,0.0,0.0,2.7085,2.7085,2.6961,0.0062,0.8006,0.9828,0.9977,1.0,1.0,0.0197,0.0456,0.0619,0.0682,0.069
cpm,base,connectivity,Q2,264,0.0049,0.084,4.178,4.178,4.0341,0.0,0.708,0.9534,0.9951,0.9996,1.0,0.0197,0.0436,0.091,0.1369,0.1423
cpm,base,connectivity,Q3,454,0.0841,0.1758,3.7819,3.7819,3.4075,0.0066,0.7991,0.983,0.9991,1.0,1.0,0.028,0.054,0.0882,0.1118,0.113
cpm,base,connectivity,Q4,454,0.1758,0.9216,3.3767,3.3767,2.6762,0.0705,0.9064,0.9991,1.0,1.0,1.0,0.0302,0.0565,0.0845,0.0929,0.093
cpm,base,connectivity,out_of_graph,4221,,,3.2289,3.2092,3.0948,0.0815,0.6177,0.9477,0.995,0.9998,1.0,0.0108,0.0304,0.052,0.0697,0.0728
cpm,base,connectivity,single_term,55,,,1.0,1.0,1.0,1.0,1.0,1.0,1.0,1.0,1.0,0.0209,0.0209,0.0209,0.0209,0.0209
cpm,base,terms,1,375,,,1.0,1.0,1.0,1.0,1.0,1.0,1.0,1.0,1.0,0.0068,0.0068,0.0068,0.0068,0.0068
cpm,base,terms,2,1346,,,2.0,1.9829,1.9651,0.0349,0.7245,1.0,1.0,1.0,1.0,0.01,0.0375,0.0375,0.0375,0.0375
cpm,base,terms,3,2100,,,3.0,2.9871,2.8986,0.0057,0.6259,0.9866,1.0,1.0,1.0,0.0142,0.0357,0.071,0.071,0.071
cpm,base,terms,4,1398,,,4.0,3.9871,3.7039,0.0021,0.6509,0.9244,0.9995,1.0,1.0,0.0189,0.0392,0.072,0.1045,0.1045
cpm,base,terms,5+,874,,,5.5206,5.5034,5.0332,0.0011,0.6471,0.8645,0.9732,0.9987,1.0,0.0214,0.0431,0.0691,0.1377,0.1552
cpm,base_r2,connectivity,Q1,645,0.0,0.0,2.7085,2.7085,2.6388,0.0279,0.8267,0.9865,0.9989,1.0,1.0,0.0997,0.1981,0.2493,0.2694,0.2701
cpm,base_r2,connectivity,Q2,264,0.0049,0.084,4.178,4.178,3.5833,0.0114,0.817,0.9758,0.9981,1.0,1.0,0.1439,0.2401,0.3595,0.4646,0.4737
cpm,base_r2,connectivity,Q3,454,0.0841,0.1758,3.7819,3.7819,2.9471,0.0441,0.8945,0.9938,1.0,1.0,1.0,0.1362,0.2361,0.3207,0.3543,0.355
cpm,base_r2,connectivity,Q4,454,0.1758,0.9216,3.3767,3.3767,2.174,0.1894,0.97,0.9998,1.0,1.0,1.0,0.1219,0.2052,0.2554,0.2606,0.2606
cpm,base_r2,connectivity,out_of_graph,4221,,,3.2289,3.2092,2.9986,0.0817,0.6504,0.9556,0.996,0.9998,1.0,0.0416,0.1044,0.1558,0.1891,0.1939
cpm,base_r2,connectivity,single_term,55,,,1.0,1.0,1.0,1.0,1.0,1.0,1.0,1.0,1.0,0.0867,0.0867,0.0867,0.0867,0.0867
cpm,base_r2,terms,1,375,,,1.0,1.0,1.0,1.0,1.0,1.0,1.0,1.0,1.0,0.0165,0.0165,0.0165,0.0165,0.0165
cpm,base_r2,terms,2,1346,,,2.0,1.9829,1.9383,0.0617,0.7265,1.0,1.0,1.0,1.0,0.0406,0.1171,0.1171,0.1171,0.1171
cpm,base_r2,terms,3,2100,,,3.0,2.9871,2.7686,0.0219,0.6638,0.9869,1.0,1.0,1.0,0.0645,0.1405,0.2083,0.2083,0.2083
cpm,base_r2,terms,4,1398,,,4.0,3.9871,3.4542,0.0129,0.7119,0.9354,0.9996,1.0,1.0,0.0868,0.1636,0.2513,0.3025,0.3025
cpm,base_r2,terms,5+,874,,,5.5206,5.5034,4.643,0.0057,0.7477,0.8997,0.9799,0.9991,1.0,0.0942,0.1709,0.2599,0.4055,0.4324
cpm,base_r3,connectivity,Q1,645,0.0,0.0,2.7085,2.7085,2.5891,0.045,0.8429,0.9878,0.9989,1.0,1.0,0.1508,0.2946,0.3689,0.3978,0.3993
cpm,base_r3,connectivity,Q2,264,0.0049,0.084,4.178,4.178,3.3636,0.0265,0.8534,0.9814,0.9989,1.0,1.0,0.207,0.3517,0.5074,0.6244,0.6313
cpm,base_r3,connectivity,Q3,454,0.0841,0.1758,3.7819,3.7819,2.7401,0.0639,0.9218,0.9976,1.0,1.0,1.0,0.1789,0.3226,0.4322,0.4712,0.4725
cpm,base_r3,connectivity,Q4,454,0.1758,0.9216,3.3767,3.3767,1.9449,0.2621,0.9885,1.0,1.0,1.0,1.0,0.1651,0.2793,0.316,0.3205,0.3205
cpm,base_r3,connectivity,out_of_graph,4221,,,3.2289,3.2092,2.9358,0.0817,0.6684,0.9603,0.9963,0.9998,1.0,0.0623,0.1483,0.2172,0.2586,0.2641
cpm,base_r3,connectivity,single_term,55,,,1.0,1.0,1.0,1.0,1.0,1.0,1.0,1.0,1.0,0.1426,0.1426,0.1426,0.1426,0.1426
cpm,base_r3,terms,1,375,,,1.0,1.0,1.0,1.0,1.0,1.0,1.0,1.0,1.0,0.0247,0.0247,0.0247,0.0247,0.0247
cpm,base_r3,terms,2,1346,,,2.0,1.9829,1.9227,0.0773,0.7275,1.0,1.0,1.0,1.0,0.0616,0.1662,0.1662,0.1662,0.1662
cpm,base_r3,terms,3,2100,,,3.0,2.9871,2.6943,0.0333,0.6834,0.9872,1.0,1.0,1.0,0.0934,0.2002,0.2845,0.2845,0.2845
cpm,base_r3,terms,4,1398,,,4.0,3.9871,3.329,0.0179,0.7395,0.9413,0.9996,1.0,1.0,0.1201,0.231,0.3498,0.4103,0.4103
cpm,base_r3,terms,5+,874,,,5.5206,5.5034,4.413,0.0114,0.7888,0.9172,0.9815,0.9992,1.0,0.1404,0.2446,0.3624,0.545,0.5754
cpm,hash_aff,connectivity,Q1,645,0.0,0.0,2.7085,2.7085,2.7054,0.0,0.7955,0.982,0.9975,1.0,1.0,0.0128,0.0299,0.0414,0.046,0.0463
cpm,hash_aff,connectivity,Q2,264,0.0049,0.084,4.178,4.178,4.178,0.0,0.6553,0.942,0.9936,0.9996,1.0,0.0127,0.0305,0.0567,0.0905,0.0958
cpm,hash_aff,connectivity,Q3,454,0.0841,0.1758,3.7819,3.7819,3.7797,0.0,0.7119,0.9685,0.9978,1.0,1.0,0.0122,0.0292,0.0546,0.0797,0.0818
cpm,hash_aff,connectivity,Q4,454,0.1758,0.9216,3.3767,3.3767,3.3744,0.0,0.8207,0.9907,1.0,1.0,1.0,0.0123,0.0302,0.0537,0.0696,0.0704
cpm,hash_aff,connectivity,out_of_graph,4221,,,3.2289,3.2092,3.2078,0.0817,0.5866,0.941,0.9943,0.9995,1.0,0.012,0.0287,0.0476,0.0656,0.0694
cpm,hash_aff,connectivity,single_term,55,,,1.0,1.0,1.0,1.0,1.0,1.0,1.0,1.0,1.0,0.014,0.014,0.014,0.014,0.014
cpm,hash_aff,terms,1,375,,,1.0,1.0,1.0,1.0,1.0,1.0,1.0,1.0,1.0,0.0112,0.0112,0.0112,0.0112,0.0112
cpm,hash_aff,terms,2,1346,,,2.0,1.9829,1.9822,0.0178,0.7248,1.0,1.0,1.0,1.0,0.0124,0.036,0.036,0.036,0.036
cpm,hash_aff,terms,3,2100,,,3.0,2.9871,2.9862,0.0005,0.6091,0.9869,1.0,1.0,1.0,0.0123,0.0301,0.0635,0.0635,0.0635
cpm,hash_aff,terms,4,1398,,,4.0,3.9871,3.9864,0.0,0.5881,0.9176,0.9996,1.0,1.0,0.012,0.0269,0.049,0.0863,0.0863
cpm,hash_aff,terms,5+,874,,,5.5206,5.5034,5.4966,0.0,0.5275,0.8264,0.9684,0.9977,1.0,0.012,0.026,0.0435,0.1055,0.1272
cpm,aff,connectivity,Q1,645,0.0,0.0,2.7085,2.7085,2.6961,0.0062,0.8023,0.9829,0.9977,1.0,1.0,0.0264,0.0605,0.0819,0.0897,0.0906
cpm,aff,connectivity,Q2,264,0.0049,0.084,4.178,4.178,4.0341,0.0,0.7121,0.9553,0.9951,0.9996,1.0,0.0276,0.0582,0.1218,0.1802,0.1865
cpm,aff,connectivity,Q3,454,0.0841,0.1758,3.7819,3.7819,3.4075,0.0066,0.8013,0.9833,0.9991,1.0,1.0,0.0387,0.0751,0.1198,0.1545,0.1559
cpm,aff,connectivity,Q4,454,0.1758,0.9216,3.3767,3.3767,2.6762,0.0705,0.9075,0.9991,1.0,1.0,1.0,0.0408,0.0766,0.1164,0.1284,0.1285
cpm,aff,connectivity,out_of_graph,4221,,,3.2289,3.2092,2.9192,0.1014,0.6835,0.9627,0.9968,0.9998,1.0,0.0332,0.0727,0.113,0.1451,0.1493
cpm,aff,connectivity,single_term,55,,,1.0,1.0,1.0,1.0,1.0,1.0,1.0,1.0,1.0,0.0259,0.0259,0.0259,0.0259,0.0259
cpm,aff,terms,1,375,,,1.0,1.0,1.0,1.0,1.0,1.0,1.0,1.0,1.0,0.0247,0.0247,0.0247,0.0247,0.0247
cpm,aff,terms,2,1346,,,2.0,1.9829,1.9175,0.0825,0.7516,1.0,1.0,1.0,1.0,0.0276,0.0725,0.0725,0.0725,0.0725
cpm,aff,terms,3,2100,,,3.0,2.9871,2.7733,0.0129,0.6877,0.9912,1.0,1.0,1.0,0.03,0.0694,0.1277,0.1277,0.1277
cpm,aff,terms,4,1398,,,4.0,3.9871,3.5587,0.005,0.7009,0.9441,0.9997,1.0,1.0,0.037,0.073,0.13,0.1878,0.1878
cpm,aff,terms,5+,874,,,5.5206,5.5034,4.7918,0.0023,0.6987,0.8954,0.9814,0.999,1.0,0.0468,0.0878,0.1304,0.2408,0.2642
cpm,aff_r2,connectivity,Q1,645,0.0,0.0,2.7085,2.7085,2.6388,0.0279,0.8299,0.9871,0.9989,1.0,1.0,0.1123,0.2224,0.28,0.3026,0.3034
cpm,aff_r2,connectivity,Q2,264,0.0049,0.084,4.178,4.178,3.5833,0.0114,0.8205,0.9761,0.9981,1.0,1.0,0.1597,0.2683,0.3987,0.5151,0.5255
cpm,aff_r2,connectivity,Q3,454,0.0841,0.1758,3.7819,3.7819,2.9471,0.0441,0.8954,0.9938,1.0,1.0,1.0,0.1523,0.2651,0.3591,0.397,0.3977
cpm,aff_r2,connectivity,Q4,454,0.1758,0.9216,3.3767,3.3767,2.174,0.1894,0.97,0.9998,1.0,1.0,1.0,0.1353,0.2283,0.2843,0.2905,0.2905
cpm,aff_r2,connectivity,out_of_graph,4221,,,3.2289,3.2092,2.8121,0.1054,0.7196,0.9704,0.9977,0.9998,1.0,0.0777,0.1685,0.2431,0.2916,0.297
cpm,aff_r2,connectivity,single_term,55,,,1.0,1.0,1.0,1.0,1.0,1.0,1.0,1.0,1.0,0.0981,0.0981,0.0981,0.0981,0.0981
cpm,aff_r2,terms,1,375,,,1.0,1.0,1.0,1.0,1.0,1.0,1.0,1.0,1.0,0.05,0.05,0.05,0.05,0.05
cpm,aff_r2,terms,2,1346,,,2.0,1.9829,1.8893,0.1107,0.7589,1.0,1.0,1.0,1.0,0.0728,0.1691,0.1691,0.1691,0.1691
cpm,aff_r2,terms,3,2100,,,3.0,2.9871,2.6319,0.0314,0.73,0.9917,1.0,1.0,1.0,0.0922,0.193,0.2812,0.2812,0.2812
cpm,aff_r2,terms,4,1398,,,4.0,3.9871,3.294,0.0193,0.763,0.9557,0.9998,1.0,1.0,0.1122,0.2156,0.3355,0.4068,0.4068
cpm,aff_r2,terms,5+,874,,,5.5206,5.5034,4.4027,0.0114,0.7952,0.9279,0.9878,0.9992,1.0,0.1272,0.2311,0.3472,0.5424,0.5724
cpm,aff_r3,connectivity,Q1,645,0.0,0.0,2.7085,2.7085,2.5891,0.045,0.8459,0.9887,0.9989,1.0,1.0,0.1651,0.3207,0.4018,0.4328,0.4346
cpm,aff_r3,connectivity,Q2,264,0.0049,0.084,4.178,4.178,3.3636,0.0265,0.8561,0.9818,0.9989,1.0,1.0,0.2224,0.38,0.5467,0.6756,0.684
cpm,aff_r3,connectivity,Q3,454,0.0841,0.1758,3.7819,3.7819,2.7401,0.0639,0.9222,0.9976,1.0,1.0,1.0,0.1941,0.3498,0.4699,0.5131,0.5144
cpm,aff_r3,connectivity,Q4,454,0.1758,0.9216,3.3767,3.3767,1.9449,0.2621,0.9885,1.0,1.0,1.0,1.0,0.1773,0.3005,0.341,0.3461,0.3461
cpm,aff_r3,connectivity,out_of_graph,4221,,,3.2289,3.2092,2.7446,0.108,0.7388,0.9754,0.998,0.9999,1.0,0.1057,0.2264,0.3226,0.3793,0.3848
cpm,aff_r3,connectivity,single_term,55,,,1.0,1.0,1.0,1.0,1.0,1.0,1.0,1.0,1.0,0.1541,0.1541,0.1541,0.1541,0.1541
cpm,aff_r3,terms,1,375,,,1.0,1.0,1.0,1.0,1.0,1.0,1.0,1.0,1.0,0.0687,0.0687,0.0687,0.0687,0.0687
cpm,aff_r3,terms,2,1346,,,2.0,1.9829,1.87,0.13,0.7637,1.0,1.0,1.0,1.0,0.1027,0.228,0.228,0.228,0.228
cpm,aff_r3,terms,3,2100,,,3.0,2.9871,2.5562,0.0448,0.7497,0.9923,1.0,1.0,1.0,0.1264,0.2629,0.3674,0.3674,0.3674
cpm,aff_r3,terms,4,1398,,,4.0,3.9871,3.1617,0.0243,0.7934,0.9633,0.9998,1.0,1.0,0.1482,0.2929,0.4496,0.527,0.527
cpm,aff_r3,terms,5+,874,,,5.5206,5.5034,4.1705,0.0195,0.8305,0.9434,0.9894,0.9993,1.0,0.1738,0.3116,0.4678,0.7049,0.7362
cpm,hash_bal,connectivity,Q1,645,0.0,0.0,2.7085,2.7085,2.6791,0.0031,0.8322,0.9874,0.9988,1.0,1.0,0.1749,0.3518,0.4431,0.4758,0.4783
cpm,hash_bal,connectivity,Q2,264,0.0049,0.084,4.178,4.178,4.1364,0.0,0.7182,0.9553,0.9962,1.0,1.0,0.1769,0.3553,0.5416,0.7368,0.7681
cpm,hash_bal,connectivity,Q3,454,0.0841,0.1758,3.7819,3.7819,3.7709,0.0,0.7604,0.9775,0.9989,1.0,1.0,0.1755,0.3533,0.5332,0.6781,0.6891
cpm,hash_bal,connectivity,Q4,454,0.1758,0.9216,3.3767,3.3767,3.315,0.0,0.8518,0.9934,0.9998,1.0,1.0,0.18,0.3586,0.5118,0.6018,0.6065
cpm,hash_bal,connectivity,out_of_graph,4221,,,3.2289,3.2092,3.1758,0.0839,0.6477,0.9582,0.9964,0.9999,1.0,0.1739,0.3413,0.4708,0.5679,0.5838
cpm,hash_bal,connectivity,single_term,55,,,1.0,1.0,1.0,1.0,1.0,1.0,1.0,1.0,1.0,0.1749,0.1749,0.1749,0.1749,0.1749
cpm,hash_bal,terms,1,375,,,1.0,1.0,1.0,1.0,1.0,1.0,1.0,1.0,1.0,0.1721,0.1721,0.1721,0.1721,0.1721
cpm,hash_bal,terms,2,1346,,,2.0,1.9829,1.9747,0.0253,0.7612,1.0,1.0,1.0,1.0,0.1763,0.3622,0.3622,0.3622,0.3622
cpm,hash_bal,terms,3,2100,,,3.0,2.9871,2.9581,0.001,0.666,0.9899,1.0,1.0,1.0,0.1744,0.3542,0.5425,0.5425,0.5425
cpm,hash_bal,terms,4,1398,,,4.0,3.9871,3.9385,0.0,0.6547,0.9416,0.9996,1.0,1.0,0.1742,0.3507,0.534,0.7205,0.7205
cpm,hash_bal,terms,5+,874,,,5.5206,5.5034,5.4302,0.0,0.6109,0.8779,0.9804,0.9995,1.0,0.1752,0.3524,0.5287,0.9045,1.0007
cpm,bal,connectivity,Q1,645,0.0,0.0,2.7085,2.7085,2.6775,0.0124,0.8268,0.9873,0.9983,1.0,1.0,0.1495,0.2976,0.3723,0.399,0.4011
cpm,bal,connectivity,Q2,264,0.0049,0.084,4.178,4.178,3.9583,0.0,0.7432,0.9659,0.9973,0.9996,1.0,0.1491,0.299,0.4445,0.5751,0.5927
cpm,bal,connectivity,Q3,454,0.0841,0.1758,3.7819,3.7819,3.3921,0.0022,0.826,0.985,0.9991,1.0,1.0,0.1493,0.2988,0.4356,0.5047,0.508
cpm,bal,connectivity,Q4,454,0.1758,0.9216,3.3767,3.3767,2.6674,0.0683,0.9297,0.9991,1.0,1.0,1.0,0.1494,0.289,0.3749,0.3991,0.3994
cpm,bal,connectivity,out_of_graph,4221,,,3.2289,3.2092,2.9235,0.104,0.7199,0.9704,0.9981,1.0,1.0,0.1495,0.2837,0.3738,0.4305,0.4379
cpm,bal,connectivity,single_term,55,,,1.0,1.0,1.0,1.0,1.0,1.0,1.0,1.0,1.0,0.1493,0.1493,0.1493,0.1493,0.1493
cpm,bal,terms,1,375,,,1.0,1.0,1.0,1.0,1.0,1.0,1.0,1.0,1.0,0.1492,0.1492,0.1492,0.1492,0.1492
cpm,bal,terms,2,1346,,,2.0,1.9829,1.9049,0.0951,0.7813,1.0,1.0,1.0,1.0,0.1494,0.2851,0.2851,0.2851,0.2851
cpm,bal,terms,3,2100,,,3.0,2.9871,2.7562,0.0124,0.7293,0.993,1.0,1.0,1.0,0.1493,0.2973,0.4126,0.4126,0.4126
cpm,bal,terms,4,1398,,,4.0,3.9871,3.5544,0.0029,0.732,0.9569,0.9998,1.0,1.0,0.1496,0.299,0.4397,0.5326,0.5326
cpm,bal,terms,5+,874,,,5.5206,5.5034,4.8307,0.0011,0.7308,0.915,0.9887,0.9998,1.0,0.1497,0.2993,0.447,0.6797,0.724
infomap,hash_base,connectivity,Q1,645,0.0,0.0,2.7085,2.7085,2.707,0.0,0.7936,0.9834,0.9975,1.0,1.0,0.013,0.0304,0.0422,0.0471,0.0475
infomap,hash_base,connectivity,Q2,264,0.0049,0.084,4.178,4.178,4.178,0.0,0.6568,0.9424,0.9936,0.9996,1.0,0.0125,0.0296,0.055,0.0885,0.0946
infomap,hash_base,connectivity,Q3,454,0.0841,0.1758,3.7819,3.7819,3.7797,0.0,0.7137,0.9687,0.9978,1.0,1.0,0.0132,0.0295,0.0551,0.0799,0.0821
infomap,hash_base,connectivity,Q4,454,0.1758,0.9216,3.3767,3.3767,3.3767,0.0,0.82,0.9907,1.0,1.0,1.0,0.0123,0.0294,0.0532,0.0694,0.0703
infomap,hash_base,connectivity,out_of_graph,4221,,,3.2289,3.2092,3.2066,0.0815,0.5867,0.9413,0.9945,0.9996,1.0,0.0123,0.0303,0.0506,0.0701,0.0741
infomap,hash_base,connectivity,single_term,55,,,1.0,1.0,1.0,1.0,1.0,1.0,1.0,1.0,1.0,0.0104,0.0104,0.0104,0.0104,0.0104
infomap,hash_base,terms,1,375,,,1.0,1.0,1.0,1.0,1.0,1.0,1.0,1.0,1.0,0.0118,0.0118,0.0118,0.0118,0.0118
infomap,hash_base,terms,2,1346,,,2.0,1.9829,1.9829,0.0171,0.7251,1.0,1.0,1.0,1.0,0.0128,0.0383,0.0383,0.0383,0.0383
infomap,hash_base,terms,3,2100,,,3.0,2.9871,2.9862,0.0005,0.6084,0.9871,1.0,1.0,1.0,0.0121,0.0305,0.0654,0.0654,0.0654
infomap,hash_base,terms,4,1398,,,4.0,3.9871,3.9828,0.0,0.5893,0.9177,0.9995,1.0,1.0,0.0123,0.028,0.0513,0.0912,0.0912
infomap,hash_base,terms,5+,874,,,5.5206,5.5034,5.4977,0.0,0.5271,0.8285,0.9691,0.9982,1.0,0.0128,0.0271,0.0457,0.1108,0.1341
infomap,base,connectivity,Q1,645,0.0,0.0,2.7085,2.7085,2.6713,0.0155,0.8127,0.9848,0.998,1.0,1.0,0.0494,0.0981,0.1261,0.1367,0.1372
infomap,base,connectivity,Q2,264,0.0049,0.084,4.178,4.178,3.9053,0.0,0.7485,0.961,0.9943,0.9996,1.0,0.054,0.1008,0.1781,0.2451,0.2509
infomap,base,connectivity,Q3,454,0.0841,0.1758,3.7819,3.7819,3.2511,0.011,0.839,0.9877,1.0,1.0,1.0,0.0621,0.1125,0.1689,0.2013,0.2035
infomap,base,connectivity,Q4,454,0.1758,0.9216,3.3767,3.3767,2.4692,0.1079,0.9396,0.9998,1.0,1.0,1.0,0.0609,0.1071,0.1446,0.1549,0.1549
infomap,base,connectivity,out_of_graph,4221,,,3.2289,3.2092,3.0569,0.0817,0.6308,0.9513,0.9955,0.9998,1.0,0.0232,0.0574,0.089,0.1127,0.1164
infomap,base,connectivity,single_term,55,,,1.0,1.0,1.0,1.0,1.0,1.0,1.0,1.0,1.0,0.0496,0.0496,0.0496,0.0496,0.0496
infomap,base,terms,1,375,,,1.0,1.0,1.0,1.0,1.0,1.0,1.0,1.0,1.0,0.0142,0.0142,0.0142,0.0142,0.0142
infomap,base,terms,2,1346,,,2.0,1.9829,1.9562,0.0438,0.726,1.0,1.0,1.0,1.0,0.0221,0.067,0.067,0.067,0.067
infomap,base,terms,3,2100,,,3.0,2.9871,2.8452,0.01,0.6426,0.9871,1.0,1.0,1.0,0.0322,0.0734,0.1214,0.1214,0.1214
infomap,base,terms,4,1398,,,4.0,3.9871,3.618,0.0057,0.6755,0.929,0.9996,1.0,1.0,0.0405,0.0782,0.1312,0.173,0.173
infomap,base,terms,5+,874,,,5.5206,5.5034,4.8833,0.0011,0.6879,0.8801,0.9755,0.9987,1.0,0.0495,0.0866,0.1317,0.2297,0.2506
infomap,base_r2,connectivity,Q1,645,0.0,0.0,2.7085,2.7085,2.5566,0.0574,0.8501,0.9891,0.9989,1.0,1.0,0.171,0.3337,0.4217,0.4588,0.4607
infomap,base_r2,connectivity,Q2,264,0.0049,0.084,4.178,4.178,3.3561,0.0227,0.8595,0.9792,0.9992,1.0,1.0,0.2357,0.4027,0.5845,0.7209,0.7278
infomap,base_r2,connectivity,Q3,454,0.0841,0.1758,3.7819,3.7819,2.6982,0.0661,0.9317,0.9982,1.0,1.0,1.0,0.2258,0.3866,0.5291,0.5745,0.5748
infomap,base_r2,connectivity,Q4,454,0.1758,0.9216,3.3767,3.3767,1.9736,0.2489,0.9782,1.0,1.0,1.0,1.0,0.2048,0.3509,0.4018,0.4088,0.4088
infomap,base_r2,connectivity,out_of_graph,4221,,,3.2289,3.2092,2.9285,0.0824,0.6709,0.9613,0.9967,0.9998,1.0,0.0755,0.178,0.2591,0.3061,0.313
infomap,base_r2,connectivity,single_term,55,,,1.0,1.0,1.0,1.0,1.0,1.0,1.0,1.0,1.0,0.1502,0.1502,0.1502,0.1502,0.1502
infomap,base_r2,terms,1,375,,,1.0,1.0,1.0,1.0,1.0,1.0,1.0,1.0,1.0,0.0289,0.0289,0.0289,0.0289,0.0289
infomap,base_r2,terms,2,1346,,,2.0,1.9829,1.9227,0.0773,0.7285,1.0,1.0,1.0,1.0,0.0682,0.1992,0.1992,0.1992,0.1992
infomap,base_r2,terms,3,2100,,,3.0,2.9871,2.6833,0.0357,0.6857,0.9871,1.0,1.0,1.0,0.1096,0.2359,0.3455,0.3455,0.3455
infomap,base_r2,terms,4,1398,,,4.0,3.9871,3.3205,0.02,0.743,0.9409,0.9996,1.0,1.0,0.1446,0.2721,0.4074,0.4806,0.4806
infomap,base_r2,terms,5+,874,,,5.5206,5.5034,4.3844,0.008,0.7951,0.9233,0.9839,0.999,1.0,0.1828,0.2988,0.4309,0.6366,0.6738
infomap,base_r3,connectivity,Q1,645,0.0,0.0,2.7085,2.7085,2.476,0.0775,0.8735,0.9918,0.9991,1.0,1.0,0.2443,0.4492,0.5417,0.5812,0.5825
infomap,base_r3,connectivity,Q2,264,0.0049,0.084,4.178,4.178,3.0795,0.0568,0.8924,0.9875,1.0,1.0,1.0,0.3103,0.5194,0.7011,0.8121,0.8165
infomap,base_r3,connectivity,Q3,454,0.0841,0.1758,3.7819,3.7819,2.4824,0.1079,0.9513,0.9991,1.0,1.0,1.0,0.2979,0.5047,0.6413,0.6753,0.6753
infomap,base_r3,connectivity,Q4,454,0.1758,0.9216,3.3767,3.3767,1.7577,0.3436,0.9914,1.0,1.0,1.0,1.0,0.2661,0.42,0.4438,0.4446,0.4446
infomap,base_r3,connectivity,out_of_graph,4221,,,3.2289,3.2092,2.8645,0.0827,0.688,0.9654,0.9973,0.9998,1.0,0.1042,0.2315,0.323,0.3738,0.3796
infomap,base_r3,connectivity,single_term,55,,,1.0,1.0,1.0,1.0,1.0,1.0,1.0,1.0,1.0,0.1942,0.1942,0.1942,0.1942,0.1942
infomap,base_r3,terms,1,375,,,1.0,1.0,1.0,1.0,1.0,1.0,1.0,1.0,1.0,0.0354,0.0354,0.0354,0.0354,0.0354
infomap,base_r3,terms,2,1346,,,2.0,1.9829,1.9056,0.0944,0.7301,1.0,1.0,1.0,1.0,0.0933,0.2476,0.2476,0.2476,0.2476
infomap,base_r3,terms,3,2100,,,3.0,2.9871,2.601,0.0538,0.706,0.9878,1.0,1.0,1.0,0.1499,0.304,0.4066,0.4066,0.4066
infomap,base_r3,terms,4,1398,,,4.0,3.9871,3.1867,0.0336,0.7687,0.9472,0.9996,1.0,1.0,0.1979,0.3574,0.5062,0.58,0.58
infomap,base_r3,terms,5+,874,,,5.5206,5.5034,4.1465,0.0137,0.8293,0.9364,0.9866,0.9992,1.0,0.2468,0.4004,0.5643,0.7723,0.8028
infomap,hash_aff,connectivity,Q1,645,0.0,0.0,2.7085,2.7085,2.707,0.0,0.798,0.9834,0.9977,1.0,1.0,0.0237,0.0516,0.0672,0.0737,0.0742
infomap,hash_aff,connectivity,Q2,264,0.0049,0.084,4.178,4.178,4.1742,0.0,0.6606,0.9439,0.9936,0.9996,1.0,0.0225,0.0488,0.084,0.1277,0.1348
infomap,hash_aff,connectivity,Q3,454,0.0841,0.1758,3.7819,3.7819,3.7775,0.0,0.7148,0.9714,0.9982,1.0,1.0,0.0241,0.0517,0.0867,0.1181,0.1208
infomap,hash_aff,connectivity,Q4,454,0.1758,0.9216,3.3767,3.3767,3.3722,0.0,0.8227,0.9905,1.0,1.0,1.0,0.0227,0.0513,0.082,0.1024,0.1035
infomap,hash_aff,connectivity,out_of_graph,4221,,,3.2289,3.2092,3.2063,0.0815,0.5895,0.9424,0.9944,0.9996,1.0,0.0227,0.0494,0.0755,0.0987,0.1033
infomap,hash_aff,connectivity,single_term,55,,,1.0,1.0,1.0,1.0,1.0,1.0,1.0,1.0,1.0,0.022,0.022,0.022,0.022,0.022
infomap,hash_aff,terms,1,375,,,1.0,1.0,1.0,1.0,1.0,1.0,1.0,1.0,1.0,0.0224,0.0224,0.0224,0.0224,0.0224
infomap,hash_aff,terms,2,1346,,,2.0,1.9829,1.9829,0.0171,0.7264,1.0,1.0,1.0,1.0,0.0231,0.0566,0.0566,0.0566,0.0566
infomap,hash_aff,terms,3,2100,,,3.0,2.9871,2.9852,0.0005,0.6122,0.9873,1.0,1.0,1.0,0.0225,0.0501,0.0928,0.0928,0.0928
infomap,hash_aff,terms,4,1398,,,4.0,3.9871,3.9835,0.0,0.5912,0.9192,0.9995,1.0,1.0,0.0231,0.0494,0.0817,0.1288,0.1288
infomap,hash_aff,terms,5+,874,,,5.5206,5.5034,5.4931,0.0,0.5327,0.8325,0.969,0.9978,1.0,0.0235,0.0498,0.078,0.16,0.1865
infomap,aff,connectivity,Q1,645,0.0,0.0,2.7085,2.7085,2.6713,0.0155,0.8171,0.9854,0.998,1.0,1.0,0.0656,0.1293,0.1653,0.1783,0.1788
infomap,aff,connectivity,Q2,264,0.0049,0.084,4.178,4.178,3.9053,0.0,0.7557,0.9633,0.9955,0.9996,1.0,0.0722,0.1323,0.2337,0.3195,0.3267
infomap,aff,connectivity,Q3,454,0.0841,0.1758,3.7819,3.7819,3.2511,0.011,0.8425,0.9881,1.0,1.0,1.0,0.0843,0.1533,0.227,0.2719,0.2744
infomap,aff,connectivity,Q4,454,0.1758,0.9216,3.3767,3.3767,2.4692,0.1079,0.9399,0.9998,1.0,1.0,1.0,0.0819,0.1426,0.1927,0.207,0.207
infomap,aff,connectivity,out_of_graph,4221,,,3.2289,3.2092,2.8643,0.1068,0.7084,0.968,0.9971,0.9998,1.0,0.0624,0.1283,0.1866,0.2281,0.233
infomap,aff,connectivity,single_term,55,,,1.0,1.0,1.0,1.0,1.0,1.0,1.0,1.0,1.0,0.0618,0.0618,0.0618,0.0618,0.0618
infomap,aff,terms,1,375,,,1.0,1.0,1.0,1.0,1.0,1.0,1.0,1.0,1.0,0.0478,0.0478,0.0478,0.0478,0.0478
infomap,aff,terms,2,1346,,,2.0,1.9829,1.9027,0.0973,0.7631,1.0,1.0,1.0,1.0,0.057,0.1305,0.1305,0.1305,0.1305
infomap,aff,terms,3,2100,,,3.0,2.9871,2.7071,0.021,0.7155,0.9919,1.0,1.0,1.0,0.0623,0.1319,0.2098,0.2098,0.2098
infomap,aff,terms,4,1398,,,4.0,3.9871,3.4557,0.0114,0.7332,0.9532,0.9997,1.0,1.0,0.0721,0.1348,0.2251,0.2956,0.2956
infomap,aff,terms,5+,874,,,5.5206,5.5034,4.627,0.0046,0.7451,0.9118,0.9838,0.9991,1.0,0.0885,0.1583,0.2301,0.384,0.4115
infomap,aff_r2,connectivity,Q1,645,0.0,0.0,2.7085,2.7085,2.5566,0.0574,0.8538,0.9898,0.9989,1.0,1.0,0.1889,0.3689,0.4668,0.5077,0.5097
infomap,aff_r2,connectivity,Q2,264,0.0049,0.084,4.178,4.178,3.3561,0.0227,0.8629,0.9795,0.9992,1.0,1.0,0.2586,0.4454,0.6437,0.7959,0.8033
infomap,aff_r2,connectivity,Q3,454,0.0841,0.1758,3.7819,3.7819,2.6982,0.0661,0.9326,0.9982,1.0,1.0,1.0,0.2465,0.425,0.5808,0.6311,0.6314
infomap,aff_r2,connectivity,Q4,454,0.1758,0.9216,3.3767,3.3767,1.9736,0.2489,0.9782,1.0,1.0,1.0,1.0,0.2255,0.3857,0.4416,0.4493,0.4493
infomap,aff_r2,connectivity,out_of_graph,4221,,,3.2289,3.2092,2.7197,0.1161,0.7491,0.9771,0.9981,0.9998,1.0,0.1335,0.2816,0.3909,0.4558,0.4625
infomap,aff_r2,connectivity,single_term,55,,,1.0,1.0,1.0,1.0,1.0,1.0,1.0,1.0,1.0,0.1648,0.1648,0.1648,0.1648,0.1648
infomap,aff_r2,terms,1,375,,,1.0,1.0,1.0,1.0,1.0,1.0,1.0,1.0,1.0,0.0881,0.0881,0.0881,0.0881,0.0881
infomap,aff_r2,terms,2,1346,,,2.0,1.9829,1.8618,0.1382,0.7744,1.0,1.0,1.0,1.0,0.1283,0.2887,0.2887,0.2887,0.2887
infomap,aff_r2,terms,3,2100,,,3.0,2.9871,2.5319,0.0538,0.7596,0.9924,1.0,1.0,1.0,0.1521,0.3198,0.45,0.45,0.45
infomap,aff_r2,terms,4,1398,,,4.0,3.9871,3.1423,0.0308,0.7985,0.9642,0.9997,1.0,1.0,0.1824,0.349,0.5307,0.6237,0.6237
infomap,aff_r2,terms,5+,874,,,5.5206,5.5034,4.119,0.016,0.84,0.9503,0.9902,0.9992,1.0,0.2256,0.3889,0.5555,0.8266,0.8626
infomap,aff_r3,connectivity,Q1,645,0.0,0.0,2.7085,2.7085,2.476,0.0775,0.8766,0.9921,0.9991,1.0,1.0,0.2601,0.4794,0.5791,0.621,0.6224
infomap,aff_r3,connectivity,Q2,264,0.0049,0.084,4.178,4.178,3.0795,0.0568,0.8936,0.9886,1.0,1.0,1.0,0.3288,0.5536,0.7466,0.8672,0.8719
infomap,aff_r3,connectivity,Q3,454,0.0841,0.1758,3.7819,3.7819,2.4824,0.1079,0.9522,0.9991,1.0,1.0,1.0,0.3164,0.5376,0.6838,0.7202,0.7202
infomap,aff_r3,connectivity,Q4,454,0.1758,0.9216,3.3767,3.3767,1.7577,0.3436,0.9914,1.0,1.0,1.0,1.0,0.2834,0.4471,0.473,0.4739,0.4739
infomap,aff_r3,connectivity,out_of_graph,4221,,,3.2289,3.2092,2.6513,0.1218,0.7687,0.981,0.9987,0.9999,1.0,0.1736,0.3549,0.4795,0.5491,0.5544
infomap,aff_r3,connectivity,single_term,55,,,1.0,1.0,1.0,1.0,1.0,1.0,1.0,1.0,1.0,0.2063,0.2063,0.2063,0.2063,0.2063
infomap,aff_r3,terms,1,375,,,1.0,1.0,1.0,1.0,1.0,1.0,1.0,1.0,1.0,0.1114,0.1114,0.1114,0.1114,0.1114
infomap,aff_r3,terms,2,1346,,,2.0,1.9829,1.8388,0.1612,0.7821,1.0,1.0,1.0,1.0,0.1674,0.3518,0.3518,0.3518,0.3518
infomap,aff_r3,terms,3,2100,,,3.0,2.9871,2.4443,0.0757,0.7827,0.9936,1.0,1.0,1.0,0.2007,0.3987,0.5215,0.5215,0.5215
infomap,aff_r3,terms,4,1398,,,4.0,3.9871,3.0029,0.0479,0.8239,0.9698,0.9999,1.0,1.0,0.2384,0.4449,0.646,0.7386,0.7386
infomap,aff_r3,terms,5+,874,,,5.5206,5.5034,3.8902,0.024,0.8698,0.9622,0.9932,0.9994,1.0,0.2852,0.5006,0.7068,0.9814,1.0094
infomap,hash_bal,connectivity,Q1,645,0.0,0.0,2.7085,2.7085,2.6822,0.0031,0.8316,0.9895,0.9991,1.0,1.0,0.1765,0.3592,0.4521,0.4857,0.4884
infomap,hash_bal,connectivity,Q2,264,0.0049,0.084,4.178,4.178,4.1136,0.0,0.714,0.9617,0.997,1.0,1.0,0.1805,0.3636,0.5528,0.7468,0.7757
infomap,hash_bal,connectivity,Q3,454,0.0841,0.1758,3.7819,3.7819,3.7445,0.0,0.7617,0.9758,0.9989,1.0,1.0,0.1796,0.3599,0.5486,0.6931,0.7024
infomap,hash_bal,connectivity,Q4,454,0.1758,0.9216,3.3767,3.3767,3.3502,0.0,0.8487,0.9941,1.0,1.0,1.0,0.1789,0.3605,0.5269,0.6251,0.6303
infomap,hash_bal,connectivity,out_of_graph,4221,,,3.2289,3.2092,3.1779,0.0827,0.6499,0.9573,0.9968,0.9999,1.0,0.1771,0.3469,0.4805,0.5801,0.5964
infomap,hash_bal,connectivity,single_term,55,,,1.0,1.0,1.0,1.0,1.0,1.0,1.0,1.0,1.0,0.1801,0.1801,0.1801,0.1801,0.1801
infomap,hash_bal,terms,1,375,,,1.0,1.0,1.0,1.0,1.0,1.0,1.0,1.0,1.0,0.1758,0.1758,0.1758,0.1758,0.1758
infomap,hash_bal,terms,2,1346,,,2.0,1.9829,1.9777,0.0223,0.7591,1.0,1.0,1.0,1.0,0.1766,0.3652,0.3652,0.3652,0.3652
infomap,hash_bal,terms,3,2100,,,3.0,2.9871,2.9662,0.0005,0.6686,0.9911,1.0,1.0,1.0,0.1782,0.3612,0.5586,0.5586,0.5586
infomap,hash_bal,terms,4,1398,,,4.0,3.9871,3.9428,0.0,0.6562,0.9392,0.9997,1.0,1.0,0.1771,0.3576,0.5448,0.7389,0.7389
infomap,hash_bal,terms,5+,874,,,5.5206,5.5034,5.4096,0.0,0.6132,0.8775,0.9831,0.9995,1.0,0.179,0.3582,0.5398,0.92,1.0169
infomap,bal,connectivity,Q1,645,0.0,0.0,2.7085,2.7085,2.6713,0.0078,0.8304,0.9873,0.9983,1.0,1.0,0.1493,0.2981,0.372,0.3983,0.3999
infomap,bal,connectivity,Q2,264,0.0049,0.084,4.178,4.178,3.9129,0.0,0.7606,0.9682,0.9958,0.9996,1.0,0.1493,0.299,0.4426,0.5722,0.5858
infomap,bal,connectivity,Q3,454,0.0841,0.1758,3.7819,3.7819,3.3238,0.0044,0.8476,0.9894,0.9991,1.0,1.0,0.1496,0.2988,0.4313,0.4954,0.498
infomap,bal,connectivity,Q4,454,0.1758,0.9216,3.3767,3.3767,2.6057,0.0793,0.9383,0.9998,1.0,1.0,1.0,0.1498,0.2878,0.3674,0.3906,0.3906
infomap,bal,connectivity,out_of_graph,4221,,,3.2289,3.2092,2.8896,0.1066,0.7317,0.9728,0.9983,1.0,1.0,0.1493,0.2831,0.3712,0.4257,0.4325
infomap,bal,connectivity,single_term,55,,,1.0,1.0,1.0,1.0,1.0,1.0,1.0,1.0,1.0,0.1487,0.1487,0.1487,0.1487,0.1487
infomap,bal,terms,1,375,,,1.0,1.0,1.0,1.0,1.0,1.0,1.0,1.0,1.0,0.1489,0.1489,0.1489,0.1489,0.1489
infomap,bal,terms,2,1346,,,2.0,1.9829,1.9042,0.0958,0.7843,1.0,1.0,1.0,1.0,0.1492,0.2847,0.2847,0.2847,0.2847
infomap,bal,terms,3,2100,,,3.0,2.9871,2.7162,0.0176,0.7397,0.9937,1.0,1.0,1.0,0.1494,0.2964,0.4065,0.4065,0.4065
infomap,bal,terms,4,1398,,,4.0,3.9871,3.5122,0.0043,0.7494,0.9598,0.9997,1.0,1.0,0.1496,0.2987,0.4377,0.5262,0.5262
infomap,bal,terms,5+,874,,,5.5206,5.5034,4.746,0.0011,0.7541,0.9237,0.9891,0.9997,1.0,0.1496,0.2992,0.4464,0.6718,0.7111
metis,hash_base,connectivity,Q1,645,0.0,0.0,2.7085,2.7085,2.7054,0.0,0.7995,0.9831,0.9977,1.0,1.0,0.0405,0.0841,0.1092,0.1183,0.119
metis,hash_base,connectivity,Q2,264,0.0049,0.084,4.178,4.178,4.1591,0.0,0.6731,0.9477,0.9947,1.0,1.0,0.0384,0.0812,0.129,0.1871,0.1965
metis,hash_base,connectivity,Q3,454,0.0841,0.1758,3.7819,3.7819,3.7665,0.0,0.7233,0.9707,0.998,1.0,1.0,0.0395,0.0818,0.1324,0.175,0.1781
metis,hash_base,connectivity,Q4,454,0.1758,0.9216,3.3767,3.3767,3.3634,0.0,0.8253,0.9905,1.0,1.0,1.0,0.0372,0.0823,0.1271,0.1547,0.1561
metis,hash_base,connectivity,out_of_graph,4221,,,3.2289,3.2092,3.2028,0.082,0.5967,0.9449,0.9948,0.9997,1.0,0.039,0.0792,0.1145,0.1439,0.1493
metis,hash_base,connectivity,single_term,55,,,1.0,1.0,1.0,1.0,1.0,1.0,1.0,1.0,1.0,0.0413,0.0413,0.0413,0.0413,0.0413
metis,hash_base,terms,1,375,,,1.0,1.0,1.0,1.0,1.0,1.0,1.0,1.0,1.0,0.0398,0.0398,0.0398,0.0398,0.0398
metis,hash_base,terms,2,1346,,,2.0,1.9829,1.9814,0.0186,0.7309,1.0,1.0,1.0,1.0,0.0389,0.0865,0.0865,0.0865,0.0865
metis,hash_base,terms,3,2100,,,3.0,2.9871,2.9833,0.0005,0.6174,0.9877,1.0,1.0,1.0,0.0384,0.0817,0.1372,0.1372,0.1372
metis,hash_base,terms,4,1398,,,4.0,3.9871,3.9785,0.0,0.5999,0.9225,0.9996,1.0,1.0,0.0396,0.081,0.1291,0.1874,0.1874
metis,hash_base,terms,5+,874,,,5.5206,5.5034,5.4748,0.0,0.5449,0.8387,0.9712,0.9985,1.0,0.0398,0.0805,0.1235,0.2329,0.2646
metis,base,connectivity,Q1,645,0.0,0.0,2.7085,2.7085,2.6853,0.0016,0.8118,0.9834,0.9977,1.0,1.0,0.0552,0.1136,0.1458,0.1582,0.1589
metis,base,connectivity,Q2,264,0.0049,0.084,4.178,4.178,4.125,0.0,0.6875,0.9489,0.9962,0.9996,1.0,0.053,0.1108,0.1764,0.2483,0.2597
metis,base,connectivity,Q3,454,0.0841,0.1758,3.7819,3.7819,3.6652,0.0,0.7522,0.9758,0.9998,1.0,1.0,0.0527,0.1085,0.171,0.2198,0.2232
metis,base,connectivity,Q4,454,0.1758,0.9216,3.3767,3.3767,3.1938,0.0088,0.8632,0.9934,1.0,1.0,1.0,0.0505,0.1087,0.158,0.1846,0.1854
metis,base,connectivity,out_of_graph,4221,,,3.2289,3.2092,3.1796,0.0817,0.5995,0.9454,0.9948,0.9996,1.0,0.0331,0.0797,0.1193,0.1508,0.1568
metis,base,connectivity,single_term,55,,,1.0,1.0,1.0,1.0,1.0,1.0,1.0,1.0,1.0,0.0502,0.0502,0.0502,0.0502,0.0502
metis,base,terms,1,375,,,1.0,1.0,1.0,1.0,1.0,1.0,1.0,1.0,1.0,0.0281,0.0281,0.0281,0.0281,0.0281
metis,base,terms,2,1346,,,2.0,1.9829,1.9785,0.0215,0.7282,1.0,1.0,1.0,1.0,0.0351,0.0874,0.0874,0.0874,0.0874
metis,base,terms,3,2100,,,3.0,2.9871,2.9557,0.0005,0.6242,0.9873,1.0,1.0,1.0,0.0396,0.0931,0.151,0.151,0.151
metis,base,terms,4,1398,,,4.0,3.9871,3.9084,0.0,0.6147,0.9228,0.9995,1.0,1.0,0.042,0.0952,0.1552,0.2147,0.2147
metis,base,terms,5+,874,,,5.5206,5.5034,5.3799,0.0,0.5705,0.8468,0.9725,0.9982,1.0,0.0451,0.0956,0.1534,0.2804,0.3154
metis,base_r2,connectivity,Q1,645,0.0,0.0,2.7085,2.7085,2.6419,0.0093,0.8301,0.9868,0.9986,1.0,1.0,0.105,0.2104,0.2653,0.2833,0.2843
metis,base_r2,connectivity,Q2,264,0.0049,0.084,4.178,4.178,3.8902,0.0,0.7481,0.967,0.9966,1.0,1.0,0.1046,0.2122,0.3143,0.406,0.4158
metis,base_r2,connectivity,Q3,454,0.0841,0.1758,3.7819,3.7819,3.2863,0.0022,0.846,0.9859,0.9998,1.0,1.0,0.1056,0.2082,0.2979,0.3436,0.3464
metis,base_r2,connectivity,Q4,454,0.1758,0.9216,3.3767,3.3767,2.6388,0.0793,0.9209,0.9974,1.0,1.0,1.0,0.1009,0.1936,0.2479,0.2658,0.2658
metis,base_r2,connectivity,out_of_graph,4221,,,3.2289,3.2092,3.0758,0.0817,0.6344,0.9531,0.9958,0.9998,1.0,0.0503,0.1242,0.1811,0.2188,0.2251
metis,base_r2,connectivity,single_term,55,,,1.0,1.0,1.0,1.0,1.0,1.0,1.0,1.0,1.0,0.104,0.104,0.104,0.104,0.104
metis,base_r2,terms,1,375,,,1.0,1.0,1.0,1.0,1.0,1.0,1.0,1.0,1.0,0.036,0.036,0.036,0.036,0.036
metis,base_r2,terms,2,1346,,,2.0,1.9829,1.9562,0.0438,0.7302,1.0,1.0,1.0,1.0,0.0532,0.1334,0.1334,0.1334,0.1334
metis,base_r2,terms,3,2100,,,3.0,2.9871,2.8586,0.0043,0.6508,0.9877,1.0,1.0,1.0,0.0664,0.1556,0.2308,0.2308,0.2308
metis,base_r2,terms,4,1398,,,4.0,3.9871,3.6481,0.0,0.6798,0.9327,0.9996,1.0,1.0,0.0776,0.1672,0.2573,0.3193,0.3193
metis,base_r2,terms,5+,874,,,5.5206,5.5034,4.9748,0.0,0.6783,0.882,0.9781,0.999,1.0,0.0849,0.1725,0.2686,0.4252,0.4608
metis,base_r3,connectivity,Q1,645,0.0,0.0,2.7085,2.7085,2.5767,0.0233,0.8459,0.9896,0.9989,1.0,1.0,0.1549,0.3078,0.3792,0.4023,0.4033
metis,base_r3,connectivity,Q2,264,0.0049,0.084,4.178,4.178,3.6439,0.0,0.8004,0.975,0.9973,1.0,1.0,0.1508,0.3088,0.4591,0.5624,0.5701
metis,base_r3,connectivity,Q3,454,0.0841,0.1758,3.7819,3.7819,3.0308,0.0066,0.8991,0.9947,1.0,1.0,1.0,0.1527,0.3028,0.417,0.4623,0.4632
metis,base_r3,connectivity,Q4,454,0.1758,0.9216,3.3767,3.3767,2.3414,0.1233,0.959,1.0,1.0,1.0,1.0,0.1447,0.2739,0.3291,0.3403,0.3403
metis,base_r3,connectivity,out_of_graph,4221,,,3.2289,3.2092,3.0021,0.0817,0.6558,0.9588,0.9965,1.0,1.0,0.0682,0.1687,0.2413,0.2845,0.2908
metis,base_r3,connectivity,single_term,55,,,1.0,1.0,1.0,1.0,1.0,1.0,1.0,1.0,1.0,0.1527,0.1527,0.1527,0.1527,0.1527
metis,base_r3,terms,1,375,,,1.0,1.0,1.0,1.0,1.0,1.0,1.0,1.0,1.0,0.0431,0.0431,0.0431,0.0431,0.0431
metis,base_r3,terms,2,1346,,,2.0,1.9829,1.9406,0.0594,0.7314,1.0,1.0,1.0,1.0,0.0706,0.1781,0.1781,0.1781,0.1781
metis,base_r3,terms,3,2100,,,3.0,2.9871,2.7795,0.0081,0.6718,0.9879,1.0,1.0,1.0,0.0935,0.2189,0.3081,0.3081,0.3081
metis,base_r3,terms,4,1398,,,4.0,3.9871,3.4878,0.0014,0.7153,0.9379,0.9996,1.0,1.0,0.1098,0.2348,0.3545,0.4198,0.4198
metis,base_r3,terms,5+,874,,,5.5206,5.5034,4.6796,0.0,0.7474,0.9113,0.9823,0.9999,1.0,0.1258,0.2499,0.381,0.5627,0.5965
metis,hash_aff,connectivity,Q1,645,0.0,0.0,2.7085,2.7085,2.6992,0.0047,0.8026,0.9839,0.9977,1.0,1.0,0.0647,0.1347,0.1715,0.1858,0.1868
metis,hash_aff,connectivity,Q2,264,0.0049,0.084,4.178,4.178,4.1667,0.0,0.6822,0.9511,0.9955,0.9996,1.0,0.0661,0.1382,0.216,0.3021,0.3148
metis,hash_aff,connectivity,Q3,454,0.0841,0.1758,3.7819,3.7819,3.7665,0.0,0.728,0.9725,0.998,1.0,1.0,0.0652,0.1341,0.2108,0.2728,0.2773
metis,hash_aff,connectivity,Q4,454,0.1758,0.9216,3.3767,3.3767,3.3524,0.0044,0.8339,0.9914,1.0,1.0,1.0,0.0646,0.1326,0.2019,0.2458,0.2482
metis,hash_aff,connectivity,out_of_graph,4221,,,3.2289,3.2092,3.199,0.0815,0.6045,0.9465,0.9952,0.9997,1.0,0.0639,0.1278,0.1835,0.228,0.236
metis,hash_aff,connectivity,single_term,55,,,1.0,1.0,1.0,1.0,1.0,1.0,1.0,1.0,1.0,0.066,0.066,0.066,0.066,0.066
metis,hash_aff,terms,1,375,,,1.0,1.0,1.0,1.0,1.0,1.0,1.0,1.0,1.0,0.0653,0.0653,0.0653,0.0653,0.0653
metis,hash_aff,terms,2,1346,,,2.0,1.9829,1.9792,0.0208,0.7336,1.0,1.0,1.0,1.0,0.0639,0.1377,0.1377,0.1377,0.1377
metis,hash_aff,terms,3,2100,,,3.0,2.9871,2.9795,0.0005,0.6267,0.988,1.0,1.0,1.0,0.0643,0.1333,0.2186,0.2186,0.2186
metis,hash_aff,terms,4,1398,,,4.0,3.9871,3.9671,0.0,0.6099,0.9257,0.9996,1.0,1.0,0.0637,0.1305,0.2053,0.2932,0.2932
metis,hash_aff,terms,5+,874,,,5.5206,5.5034,5.4794,0.0,0.5519,0.8436,0.9731,0.9983,1.0,0.0649,0.132,0.2031,0.3689,0.4155
metis,aff,connectivity,Q1,645,0.0,0.0,2.7085,2.7085,2.6853,0.0016,0.8174,0.9839,0.9977,1.0,1.0,0.0709,0.1458,0.1872,0.2024,0.2034
metis,aff,connectivity,Q2,264,0.0049,0.084,4.178,4.178,4.125,0.0,0.6936,0.9511,0.9966,0.9996,1.0,0.0687,0.1435,0.2305,0.3244,0.3393
metis,aff,connectivity,Q3,454,0.0841,0.1758,3.7819,3.7819,3.6652,0.0,0.7568,0.9767,0.9998,1.0,1.0,0.0684,0.1403,0.2225,0.2905,0.2945
metis,aff,connectivity,Q4,454,0.1758,0.9216,3.3767,3.3767,3.1938,0.0088,0.8661,0.9934,1.0,1.0,1.0,0.0648,0.1395,0.2096,0.2476,0.2486
metis,aff,connectivity,out_of_graph,4221,,,3.2289,3.2092,3.0303,0.1,0.673,0.9615,0.9966,0.9997,1.0,0.0679,0.1392,0.198,0.2454,0.2534
metis,aff,connectivity,single_term,55,,,1.0,1.0,1.0,1.0,1.0,1.0,1.0,1.0,1.0,0.063,0.063,0.063,0.063,0.063
metis,aff,terms,1,375,,,1.0,1.0,1.0,1.0,1.0,1.0,1.0,1.0,1.0,0.0644,0.0644,0.0644,0.0644,0.0644
metis,aff,terms,2,1346,,,2.0,1.9829,1.9302,0.0698,0.7605,1.0,1.0,1.0,1.0,0.0666,0.1453,0.1453,0.1453,0.1453
metis,aff,terms,3,2100,,,3.0,2.9871,2.8333,0.0057,0.6886,0.9914,1.0,1.0,1.0,0.0681,0.1452,0.2283,0.2283,0.2283
metis,aff,terms,4,1398,,,4.0,3.9871,3.7897,0.0007,0.6716,0.9445,0.9997,1.0,1.0,0.0679,0.1435,0.2316,0.3183,0.3183
metis,aff,terms,5+,874,,,5.5206,5.5034,5.2174,0.0,0.64,0.881,0.9811,0.9983,1.0,0.072,0.1427,0.2219,0.4071,0.4535
metis,aff_r2,connectivity,Q1,645,0.0,0.0,2.7085,2.7085,2.6419,0.0093,0.8335,0.9878,0.9986,1.0,1.0,0.1212,0.24,0.3014,0.3217,0.3228
metis,aff_r2,connectivity,Q2,264,0.0049,0.084,4.178,4.178,3.8902,0.0,0.7508,0.967,0.9966,1.0,1.0,0.1191,0.2407,0.3583,0.4621,0.4733
metis,aff_r2,connectivity,Q3,454,0.0841,0.1758,3.7819,3.7819,3.2863,0.0022,0.8493,0.9866,0.9998,1.0,1.0,0.1218,0.2386,0.342,0.3954,0.3986
metis,aff_r2,connectivity,Q4,454,0.1758,0.9216,3.3767,3.3767,2.6388,0.0793,0.9229,0.9974,1.0,1.0,1.0,0.1165,0.2239,0.2888,0.3096,0.3096
metis,aff_r2,connectivity,out_of_graph,4221,,,3.2289,3.2092,2.9135,0.1026,0.7164,0.9697,0.9976,0.9998,1.0,0.1107,0.2209,0.303,0.3575,0.3652
metis,aff_r2,connectivity,single_term,55,,,1.0,1.0,1.0,1.0,1.0,1.0,1.0,1.0,1.0,0.1182,0.1182,0.1182,0.1182,0.1182
metis,aff_r2,terms,1,375,,,1.0,1.0,1.0,1.0,1.0,1.0,1.0,1.0,1.0,0.1076,0.1076,0.1076,0.1076,0.1076
metis,aff_r2,terms,2,1346,,,2.0,1.9829,1.9019,0.0981,0.7715,1.0,1.0,1.0,1.0,0.1102,0.2222,0.2222,0.2222,0.2222
metis,aff_r2,terms,3,2100,,,3.0,2.9871,2.729,0.0105,0.7254,0.9923,1.0,1.0,1.0,0.1132,0.2334,0.3342,0.3342,0.3342
metis,aff_r2,terms,4,1398,,,4.0,3.9871,3.5179,0.0014,0.7397,0.9565,0.9998,1.0,1.0,0.1153,0.2354,0.3589,0.444,0.444
metis,aff_r2,terms,5+,874,,,5.5206,5.5034,4.7941,0.0,0.7416,0.9144,0.9867,0.9992,1.0,0.1191,0.2386,0.3638,0.5755,0.6185
metis,aff_r3,connectivity,Q1,645,0.0,0.0,2.7085,2.7085,2.5767,0.0233,0.8484,0.9904,0.9991,1.0,1.0,0.1692,0.334,0.4105,0.4358,0.4369
metis,aff_r3,connectivity,Q2,264,0.0049,0.084,4.178,4.178,3.6439,0.0,0.803,0.975,0.9973,1.0,1.0,0.1657,0.3359,0.4985,0.6104,0.6187
metis,aff_r3,connectivity,Q3,454,0.0841,0.1758,3.7819,3.7819,3.0308,0.0066,0.9015,0.9952,1.0,1.0,1.0,0.1687,0.3315,0.4549,0.5041,0.505
metis,aff_r3,connectivity,Q4,454,0.1758,0.9216,3.3767,3.3767,2.3414,0.1233,0.9601,1.0,1.0,1.0,1.0,0.1607,0.3019,0.3624,0.3748,0.3748
metis,aff_r3,connectivity,out_of_graph,4221,,,3.2289,3.2092,2.8342,0.1042,0.743,0.9752,0.9982,1.0,1.0,0.1481,0.2956,0.3998,0.4609,0.4677
metis,aff_r3,connectivity,single_term,55,,,1.0,1.0,1.0,1.0,1.0,1.0,1.0,1.0,1.0,0.1669,0.1669,0.1669,0.1669,0.1669
metis,aff_r3,terms,1,375,,,1.0,1.0,1.0,1.0,1.0,1.0,1.0,1.0,1.0,0.1443,0.1443,0.1443,0.1443,0.1443
metis,aff_r3,terms,2,1346,,,2.0,1.9829,1.8848,0.1152,0.7799,1.0,1.0,1.0,1.0,0.1476,0.2928,0.2928,0.2928,0.2928
metis,aff_r3,terms,3,2100,,,3.0,2.9871,2.6486,0.0167,0.7521,0.9928,1.0,1.0,1.0,0.1539,0.3164,0.4337,0.4337,0.4337
metis,aff_r3,terms,4,1398,,,4.0,3.9871,3.3469,0.0029,0.7804,0.9627,0.9998,1.0,1.0,0.1558,0.3215,0.4804,0.5652,0.5652
metis,aff_r3,terms,5+,874,,,5.5206,5.5034,4.4943,0.0,0.8014,0.94,0.9902,1.0,1.0,0.1634,0.3277,0.4962,0.7398,0.7767
metis,hash_bal,connectivity,Q1,645,0.0,0.0,2.7085,2.7085,2.6853,0.0016,0.8234,0.987,0.9991,1.0,1.0,0.1691,0.3425,0.4322,0.4643,0.4654
metis,hash_bal,connectivity,Q2,264,0.0049,0.084,4.178,4.178,4.1402,0.0,0.7216,0.9591,0.9962,1.0,1.0,0.1719,0.3493,0.5338,0.7221,0.7502
metis,hash_bal,connectivity,Q3,454,0.0841,0.1758,3.7819,3.7819,3.7489,0.0,0.7542,0.9751,0.9985,1.0,1.0,0.17,0.3424,0.5193,0.6561,0.6655
metis,hash_bal,connectivity,Q4,454,0.1758,0.9216,3.3767,3.3767,3.326,0.0022,0.8465,0.9941,1.0,1.0,1.0,0.1718,0.3482,0.5023,0.592,0.596
metis,hash_bal,connectivity,out_of_graph,4221,,,3.2289,3.2092,3.1774,0.0829,0.6517,0.9575,0.9963,0.9998,1.0,0.1705,0.3311,0.4548,0.5484,0.5636
metis,hash_bal,connectivity,single_term,55,,,1.0,1.0,1.0,1.0,1.0,1.0,1.0,1.0,1.0,0.1664,0.1664,0.1664,0.1664,0.1664
metis,hash_bal,terms,1,375,,,1.0,1.0,1.0,1.0,1.0,1.0,1.0,1.0,1.0,0.1683,0.1683,0.1683,0.1683,0.1683
metis,hash_bal,terms,2,1346,,,2.0,1.9829,1.977,0.023,0.7615,1.0,1.0,1.0,1.0,0.1694,0.3449,0.3449,0.3449,0.3449
metis,hash_bal,terms,3,2100,,,3.0,2.9871,2.9624,0.0005,0.6655,0.9897,1.0,1.0,1.0,0.171,0.3446,0.5241,0.5241,0.5241
metis,hash_bal,terms,4,1398,,,4.0,3.9871,3.9471,0.0,0.6534,0.9387,0.9998,1.0,1.0,0.1712,0.3451,0.5233,0.7047,0.7047
metis,hash_bal,terms,5+,874,,,5.5206,5.5034,5.4108,0.0,0.6214,0.8793,0.9799,0.9989,1.0,0.1703,0.3435,0.5181,0.8781,0.9679
metis,bal,connectivity,Q1,645,0.0,0.0,2.7085,2.7085,2.6682,0.0031,0.835,0.9874,0.9988,1.0,1.0,0.1494,0.2984,0.3718,0.3973,0.3987
metis,bal,connectivity,Q2,264,0.0049,0.084,4.178,4.178,4.0758,0.0,0.7371,0.9606,0.9973,1.0,1.0,0.149,0.2985,0.4464,0.5908,0.6089
metis,bal,connectivity,Q3,454,0.0841,0.1758,3.7819,3.7819,3.6278,0.0022,0.7841,0.9802,0.9998,1.0,1.0,0.1494,0.2983,0.4406,0.537,0.542
metis,bal,connectivity,Q4,454,0.1758,0.9216,3.3767,3.3767,3.1586,0.0132,0.8824,0.9943,1.0,1.0,1.0,0.1491,0.2966,0.4116,0.4706,0.4719
metis,bal,connectivity,out_of_graph,4221,,,3.2289,3.2092,3.0026,0.1019,0.7067,0.9685,0.9972,0.9997,1.0,0.1493,0.2834,0.3757,0.4392,0.4484
metis,bal,connectivity,single_term,55,,,1.0,1.0,1.0,1.0,1.0,1.0,1.0,1.0,1.0,0.149,0.149,0.149,0.149,0.149
metis,bal,terms,1,375,,,1.0,1.0,1.0,1.0,1.0,1.0,1.0,1.0,1.0,0.149,0.149,0.149,0.149,0.149
metis,bal,terms,2,1346,,,2.0,1.9829,1.9235,0.0765,0.7809,1.0,1.0,1.0,1.0,0.1492,0.2872,0.2872,0.2872,0.2872
metis,bal,terms,3,2100,,,3.0,2.9871,2.8124,0.0071,0.7221,0.9933,1.0,1.0,1.0,0.1492,0.2975,0.42,0.42,0.42
metis,bal,terms,4,1398,,,4.0,3.9871,3.7532,0.0007,0.705,0.9536,0.9997,1.0,1.0,0.1493,0.2986,0.4455,0.5608,0.5608
metis,bal,terms,5+,874,,,5.5206,5.5034,5.1373,0.0,0.686,0.9035,0.9852,0.9987,1.0,0.1494,0.2989,0.448,0.7135,0.7677
