method,strategy,assignment_exact,incomplete_covers,queries_checked,document_term_pairs,ranking_order_violations,ranking_prefix_mismatches,shards_built,documents_indexed,scores_compared,max_score_difference,result_mismatches,passed
leiden,hash_base,True,0,34073,6320007,0,0,12,155315,36719,3.552713678800501e-15,0,True
leiden,base,True,0,34073,6320007,0,0,8,623245,45152,0.0,0,True
leiden,base_r2,True,0,34073,6320007,0,0,7,671467,43344,0.0,0,True
leiden,base_r3,True,0,34073,6320007,0,0,6,485188,43552,0.0,0,True
leiden,hash_aff,True,0,34073,6320007,0,0,12,222317,37761,3.552713678800501e-15,0,True
leiden,aff,True,0,34073,6320007,0,0,7,905840,46985,0.0,0,True
leiden,aff_r2,True,0,34073,6320007,0,0,6,982433,44735,0.0,0,True
leiden,aff_r3,True,0,34073,6320007,0,0,5,817199,45150,0.0,0,True
leiden,hash_bal,True,0,34073,6320007,0,0,12,542740,43749,3.552713678800501e-15,0,True
leiden,bal,True,0,34073,6320007,0,0,11,397825,47807,3.552713678800501e-15,0,True
cpm,hash_base,True,0,34073,6320007,0,0,12,50761,34479,3.552713678800501e-15,0,True
cpm,base,True,0,34073,6320007,0,0,12,77246,35093,3.552713678800501e-15,0,True
cpm,base_r2,True,0,34073,6320007,0,0,12,138089,37475,3.552713678800501e-15,0,True
cpm,base_r3,True,0,34073,6320007,0,0,11,202395,37287,3.552713678800501e-15,0,True
cpm,hash_aff,True,0,34073,6320007,0,0,12,67994,34716,3.552713678800501e-15,0,True
cpm,aff,True,0,34073,6320007,0,0,12,118356,36138,3.552713678800501e-15,0,True
cpm,aff_r2,True,0,34073,6320007,0,0,12,172857,38671,3.552713678800501e-15,0,True
cpm,aff_r3,True,0,34073,6320007,0,0,11,242219,38486,3.552713678800501e-15,0,True
cpm,hash_bal,True,0,34073,6320007,0,0,11,523224,43526,3.552713678800501e-15,0,True
cpm,bal,True,0,34073,6320007,0,0,10,361765,43458,3.552713678800501e-15,0,True
infomap,hash_base,True,0,34073,6320007,0,0,12,72236,34763,3.552713678800501e-15,0,True
infomap,base,True,0,34073,6320007,0,0,12,116489,36135,3.552713678800501e-15,0,True
infomap,base_r2,True,0,34073,6320007,0,0,10,399121,40216,3.552713678800501e-15,0,True
infomap,base_r3,True,0,34073,6320007,0,0,10,441102,39514,3.552713678800501e-15,0,True
infomap,hash_aff,True,0,34073,6320007,0,0,12,88732,35103,3.552713678800501e-15,0,True
infomap,aff,True,0,34073,6320007,0,0,11,200025,36860,3.552713678800501e-15,0,True
infomap,aff_r2,True,0,34073,6320007,0,0,10,548270,41366,3.552713678800501e-15,0,True
infomap,aff_r3,True,0,34073,6320007,0,0,9,591518,40377,3.552713678800501e-15,0,True
infomap,hash_bal,True,0,34073,6320007,0,0,12,560061,43068,3.552713678800501e-15,0,True
infomap,bal,True,0,34073,6320007,0,0,11,397912,41437,3.552713678800501e-15,0,True
metis,hash_base,True,0,34073,6320007,0,0,12,174643,36843,3.552713678800501e-15,0,True
metis,base,True,0,34073,6320007,0,0,12,178455,37004,3.552713678800501e-15,0,True
metis,base_r2,True,0,34073,6320007,0,0,11,219326,37867,0.0,0,True
metis,base_r3,True,0,34073,6320007,0,0,11,331574,39429,0.0,0,True
metis,hash_aff,True,0,34073,6320007,0,0,12,198662,36998,3.552713678800501e-15,0,True
metis,aff,True,0,34073,6320007,0,0,10,245845,38773,3.552713678800501e-15,0,True
metis,aff_r2,True,0,34073,6320007,0,0,10,327451,38935,0.0,0,True
metis,aff_r3,True,0,34073,6320007,0,0,10,453468,40535,0.0,0,True
metis,hash_bal,True,0,34073,6320007,0,0,10,451242,43439,3.552713678800501e-15,0,True
metis,bal,True,0,34073,6320007,0,0,11,396606,41741,3.552713678800501e-15,0,True
